time,pulse_channel_1,pulse_channel_2
0.0,-3.000519019281763,1.1679253011451912e-05
