time,pulse_channel_1,pulse_channel_2
0.0,0.12615585176746832,-1.002210556498577
0.14002807438373566,0.012169199175716633,1.0752015335825518
0.2800561487674713,-0.6119891310117466,0.24764402669744967
0.42008422315120697,-0.7222111217285193,-0.43468710726414694
0.5601122975349426,-0.6190768537993336,-0.5719172176073456
0.7001403719186783,0.17552044741045073,-0.5324146994643674
0.8401684463024139,0.5814698288984187,0.7082655394184597
0.9801965206861496,-0.1453088137892558,0.6383307170153986
