time,pulse_channel_1,pulse_channel_2,pulse_channel_3,pulse_channel_4,pulse_channel_5
0.0,-2.9736272797965113,1.347146252651829,-2.224383079166605,0.14087715242383814,0.9795516907134353
1.6690806150436401,0.05696759817705215,2.0496071609328723,-2.0354891245972495,0.06427670116134926,0.0017081356063763096
2.2817951440811157,0.37208046429775343,-1.37752905804414,-0.44166385562752203,-0.13997091520086205,-0.3449604450620302
