time,pulse_channel_1,pulse_channel_2,pulse_channel_3,pulse_channel_4,pulse_channel_5
0.0,0.8691165658554376,0.24399799254147253,0.04433809975396351,0.5821092529857678,0.9895608678038581
0.37547096610069275,-0.5010032677299017,0.23814388949353787,-0.6558902875075315,0.6431129986330126,0.2796988098138917
0.7509419322013855,-0.7312954334060808,-0.8508044207403131,0.20668406023169306,0.9495090220852072,0.8882421939563999
1.1264128983020782,0.0863827701075375,0.3862036010751739,-0.38160155007581914,-0.2522396378690924,-0.232917647124149
1.501883864402771,-0.460235890831323,0.10710344725127627,0.21723095982231916,0.05833820141443554,-0.16706321436106827
1.8773548305034637,0.11681454376707164,-0.08191935477700822,-0.674747598426753,-0.5592388906813415,-0.07378108660003568
2.2528257966041565,0.8009083305267857,0.6249033117011742,-0.875730125134636,0.8108224767837504,0.8984537006105113
2.6282967627048492,0.1540468275323041,-9.398046067273551e-09,0.1424140282372258,0.2952681158470785,-0.6271211006392143
