time,pulse_channel_1,pulse_channel_2,pulse_channel_3,pulse_channel_4,pulse_channel_5,pulse_channel_6,pulse_channel_7,pulse_channel_8
0.0,-0.9143873520034131,0.9102318443974712,-0.18222026221077606,1.15071418968115,0.5210467742209945,-1.5245393774486509,0.23368161550790778,-1.1310042793850805e-06
0.3293672502040863,-0.5762385840367286,1.2792984462094779,0.41340839419158976,0.9287396930743281,-0.3685337888771631,1.9531981964599237,-0.934907531158793,1.5475621348023695e-05
0.6587345004081726,0.5797884682117176,-0.06698011381387642,-0.08721258467713056,0.8032410863959681,0.051447627871824685,-1.2705537082431664,0.28801311634829413,7.785576991291513e-05
0.9881017506122589,-0.2716041211668306,0.021885672280792145,0.0043878972184658565,-1.1504884381205527,-0.801450005181826,-0.13848959461667648,-1.0836000823959844,1.8411310808690285e-05
1.3174690008163452,0.7281729560337364,-0.45480987612704704,-0.10952228361577757,0.509115360152437,0.37807304751400905,-0.5577271752337548,0.7068978395557084,2.87371208935824e-06
1.6468362510204315,1.2111164070414342,0.7873612358489107,-1.1018410252451478,1.163664359859092,1.4039734643342492,-0.4118761075012494,0.3492671169589534,-1.1848201330403225
4.5330149829387665,-0.5568659346616958,-0.5409538279398034,-0.5209147692826424,0.3351636808723547,-0.5957433510051308,0.0024503307828450255,-0.6100586684864242,-0.09684502356768199
