time,pulse_channel_1,pulse_channel_2,pulse_channel_3,pulse_channel_4,pulse_channel_5
0.0,0.2951213753866947,-0.2045539673044735,0.2951284789465582,-0.8092937045911159,-1.1670208511571655e-05
0.5989914536476135,0.004614688753562138,0.0009964867300136025,0.48828862349102314,-0.48828471161766146,-0.6770151491173618
1.197982907295227,-0.4863773829853245,0.4229959165036739,-1.2670958878023855,0.09086506531567641,-1.096487602901997
1.302191935479641,-0.3419260750226596,0.012741101263520748,0.7313877909589747,0.35773096843528013,-0.6261419362738234
1.4064009636640549,0.14909326608296783,-0.9865173180919962,-0.46198897096857244,0.9493569024068262,0.5105741254332385
1.5106099918484688,-0.42172339715370905,0.36702897624824654,-0.9317627215658066,-0.41566908425122306,-0.3153432168433402
1.6148190200328827,-0.6813614069024297,0.3854704593905195,-0.545387081829052,-0.7256330147433606,0.6096458868689768
1.7190280482172966,-0.4113191637819136,-0.3236136036697649,0.5672005303210531,-0.5353457042270795,-1.1139033288990268
1.8232370764017105,0.37412711887666983,0.8753472210396074,-0.24068124734477653,-0.556484583995659,-0.11888506474642171
