time,pulse_channel_1,pulse_channel_2
0.0,-0.2601924181597509,0.3397806067822643
0.24828080832958221,-0.10805081579915991,-0.755851243558364
0.49656161665916443,-0.6834125142823096,0.8326995374474968
0.7448424249887466,0.9016030452496413,-0.9914321597670468
0.9931232333183289,1.0200353990887938,-0.3398287050368339
1.241404041647911,-0.12559109273165292,0.45066365159397137
1.4896848499774933,0.49245828010193166,1.0614897417852056
