time,pulse_channel_1,pulse_channel_2,pulse_channel_3,pulse_channel_4,pulse_channel_5,pulse_channel_6,pulse_channel_7,pulse_channel_8
0.0,0.16906914617133517,0.7945322142397877,-0.07044006193540166,-1.549772846033383,0.1291857991077763,-0.5330528194585712,0.2568796180288762,-5.6671794981717026e-06
0.9299445152282715,0.5848546825566224,-0.3926362101605804,-0.42800709956995847,-0.06010543379629718,0.23402871870438507,-0.986476775185471,-0.45441215238495747,2.9667888556953675e-06
1.859889030456543,1.3872156408891796,0.30652726581793793,0.5878234797241193,1.7749154631340451,0.5972303895914687,-0.10583458869965892,1.1176193601952444,-1.1176735286413972e-05
2.010217919945717,0.5044327904572498,-1.1568234584883166,-0.5878245356193726,-3.321209459349253,-0.18874467043065304,0.10583725011036572,-0.8254282298573168,1.0745170281479985e-05
2.1605468094348907,1.8429240619647257e-05,-1.7351797902747448,-1.5529446032949799,0.8310094465460196,-0.1727581576178056,-4.361200387043744e-06,-1.1953595538972567e-06,-2.019822313710446e-05
2.3108756989240646,0.1806534901266842,1.735186962712302,2.3844576304793628,-3.32062752684392,0.1727536687729636,-4.368112039015098e-05,7.824410793119707e-07,1.9600357690994844e-05
