time,pulse_channel_1,pulse_channel_2,pulse_channel_3,pulse_channel_4,pulse_channel_5
0.0,-0.13583039834283342,0.1536304786348556,-0.1811581796320752,0.9483409143502969,0.24608522026864654
0.27185797691345215,0.35032821306953454,-0.7861484677284875,0.6136000531536137,0.624099841005816,-1.0771797545365704
0.5437159538269043,0.4822825074588324,0.1040285563722,0.27115627346483173,0.38699548681316115,-0.4023038600375477
0.8155739307403564,0.7143486248664911,-0.6245897673625108,0.4939188962731072,-0.40782949533191254,-0.18504973268669334
1.0874319076538086,-1.24262929717562,-0.6143089111966976,-0.6021316450133962,1.070718329895893,0.5721552903301997
1.3592898845672607,-0.13670989689942906,-0.16608496736286787,-0.4023647323538264,-1.1867391969407999,0.32558858544882746
2.114289164543152,-0.33062820088966205,0.19250706710771595,-0.5661211784361453,-0.20488380760374547,-0.356807570896228
