time,pulse_channel_1,pulse_channel_2
0.0,-0.2985834541202986,0.3517870908646081
0.09777854382991791,-0.6578824649447823,0.4695648022930575
0.19555708765983582,-0.20702423109119963,-0.3997721111412902
0.2933356314897537,-0.9375662639355467,0.6797024075792522
0.39111417531967163,0.08148373857247389,0.49694414271401594
0.48889271914958954,0.728724549466592,0.7879179457209634
0.5866712629795074,0.06591912031314551,-1.1375853893295302
0.6844498068094254,-0.6262576299145952,-0.345843038443682
