time,pulse_channel_1,pulse_channel_2,pulse_channel_3,pulse_channel_4,pulse_channel_5
0.0,2.3280267917573956,-1.15981288169914,2.328011634970546,0.6238446979602102,1.0314590910019478e-05
0.379671573638916,0.7169706863602634,-1.6642567275373188,0.12309246726159742,0.6632401340966109,0.7177804883041792
0.759343147277832,0.09379517788485765,0.7645046125594368,0.506345489965997,0.9446184083088786,0.25173615473973737
0.8649126961827278,-0.13899135629375844,-0.258821331719955,1.302812249286003,0.8488713374829477,-0.978032210372667
0.9704822450876236,1.362905109690655,-0.6530355146052176,-0.8333763292551413,0.08694383275562037,-0.9439102856273885
1.0760517939925194,0.15835521837620745,0.9854584526112306,-1.0119764039395278,-0.26791238828758074,1.6178142794799801
