time,pulse_channel_1,pulse_channel_2
0.0,0.705740036654863,0.07411899835821478
0.03324569761753082,-0.15210842617075046,0.3703579170139362
0.06649139523506165,1.6851123181476866,0.05201466264340537
0.09973709285259247,1.6310827163856707,-0.5509466886142136
0.1329827904701233,1.4467621571319644,0.6915688751155962
0.1662284880876541,1.3153270796365368,-0.5682706718755023
0.19947418570518494,0.9143708302011875,0.4355889470675444
0.23271988332271576,-0.0027434652290873472,0.10608111857948871
