time,pulse_channel_1,pulse_channel_2,pulse_channel_3,pulse_channel_4,pulse_channel_5,pulse_channel_6,pulse_channel_7,pulse_channel_8
0.0,0.5318912211098298,0.023115816770869477,-0.00014429500000727956,0.44012475398616907,0.80384404183831,-0.73254986589655,2.5916498111611593e-06,0.6032676801927389
0.172480508685112,-0.9169549480461017,0.017504358303800826,-0.00012156493740025803,-0.8870291755446053,0.5851594376994248,-0.6556173193066219,2.0186086888556073e-07,0.487239679970107
0.344961017370224,-0.5700647818308022,0.026049299965502183,-0.000167018708204144,-0.6485942866651385,0.8902050622991652,-0.8916403551914784,-3.691995833414632e-06,0.6997798652484849
0.517441526055336,-0.4305906501451974,0.5837091203014845,0.6600823175882325,-0.02902390889342238,0.26541104889426864,0.6691783569392183,0.4356723755101399,0.34424120999347874
1.3388774544000626,-0.3761082288304915,-0.1008026541746625,-1.341250355416454,0.6537471334135617,-0.5696116890722999,0.5221931578423209,0.15849270206007005,-0.6915590102559502
2.160313382744789,-0.706772669182344,-0.48122238517755894,0.5582890607926988,0.2031999092201269,-0.47290306964222056,0.4070914671055517,-0.9786224130844347,0.39781800050630606
2.9817493110895157,0.0670478908585829,-0.6267939335729664,-0.12515784134983682,0.13264661354168075,-0.05517857983719132,0.5974711667823117,-0.7685755349192371,-0.11893114378669392
3.8031852394342422,1.2296611040386765,0.18857631702511526,-0.5425650569897431,0.3810912400558857,-0.2970336553557958,0.2629481607044056,0.040160421478161144,0.2349074089456282
4.624621167778969,-0.5521182440422003,-0.08099152958900062,1.1019250995189585,0.1789556348840164,-0.18320989081966113,-0.060459991502740125,-0.44380826956146446,-0.02583872092498725
