time,pulse_channel_1,pulse_channel_2,pulse_channel_3,pulse_channel_4,pulse_channel_5
0.0,-1.011842341905248,0.019078397738932128,-0.3125637268325903,-0.4573126235707922,-0.2815701763663201
0.38957151770591736,0.39029453227343863,0.7103798838386612,-0.22019666949986708,0.8340965065665895,0.9018103381327784
0.7791430354118347,0.6976811004102623,-0.009684330319423014,-0.7571691010348152,-0.39783285844633326,0.7899575047705858
1.168714553117752,-0.3927389565781454,0.10871342486537647,0.7081559136169823,0.2582136117704193,0.43770266446873235
1.5582860708236694,-0.8869187460533464,0.7045123284577411,-0.4383351515020007,0.9203217470378612,-0.9112312740621115
1.9478575885295868,0.5368523800692636,-0.6124352302728338,0.5402466441126481,0.5946913457665737,-0.4088708479730423
2.337429106235504,-0.5274667647212181,1.8554863146094336,0.6196720642535146,-0.03007281775517993,-0.4842540776334981
2.6123893558979034,-0.29288096432153216,1.2051275185431254,0.33689664324089197,0.1152860136302982,-0.2908608034089687
