time,pulse_channel_1,pulse_channel_2,pulse_channel_3,pulse_channel_4,pulse_channel_5,pulse_channel_6,pulse_channel_7,pulse_channel_8
0.0,0.051927526980661595,1.0426369194817735e-05,0.15421822860546588,-0.039379573073016344,0.9343733276451336,-0.26951855898435656,9.243044478209825e-06,0.7596432524449381
0.7672187685966492,-1.0904675831332697,-0.6912392347833904,0.8706041270865663,0.8269784388286808,-0.6912321550622498,-0.9700102174372468,1.8477365709164725e-06,-6.196267191825699e-07
1.5344375371932983,0.3061796877598153,-1.5824700464566495,0.5884916638273114,1.6431008323083596,1.3299391080864433,1.1154443110840386,0.53335908938258,0.45697492591468003
3.6411715745925903,-0.3195112027133793,0.12743013654052884,1.073665512774896,0.9784392936381082,0.1391367575812284,-0.14919531683936432,0.3535082591758861,2.085408139256541
5.747905611991882,-0.4305748081532623,1.9505368671139058e-05,0.909249853657194,-0.20786441424956648,0.4069101418238155,-0.5136783199501126,0.2955244458601137,-1.0186871006012088
6.5151243805885315,0.21526921717586048,-3.0325814888910875e-05,1.0621919316291857,-0.08407815409266779,0.4516910576268436,-0.6654028261128813,0.7694425226388822,-1.1374898885390212
