time,pulse_channel_1,pulse_channel_2,pulse_channel_3,pulse_channel_4,pulse_channel_5,pulse_channel_6,pulse_channel_7,pulse_channel_8
0.0,-0.05634759598242864,0.14716872592684574,-0.06925384203203634,-0.36343083904486756,0.12509525936676588,-0.39438551383448583,0.34257506298182244,0.4065754151457589
1.3077116012573242,0.27873920709205857,0.7503793789317663,0.3122508168271385,-0.3407249008999007,-0.2719156443142148,-0.6706516819126845,-0.6316238344443426,-0.7128366340179246
2.6154232025146484,1.045815759842015,-0.7814558282378221,-0.40768997045911404,-1.1278978431960587,-1.5627790656470562,-0.1814974325939492,-6.192155692945794e-07,0.5672870209354831
2.940490633249283,-0.6762417752252922,-0.3624077315407311,0.12948552740653294,0.7897564631974667,0.1447591542651306,1.5326826756482081,-0.4412872583998808,-5.822008221230221e-07
3.2655580639839172,0.2224344786927907,0.9558493487790313,0.42519037491425143,-0.7311265388102669,-1.927169005433858e-06,-0.6355735805146269,0.004548956494926382,-2.202973736747932e-06
4.5732696652412415,-0.5742431641720918,-3.158960431038074e-06,0.026856192221962068,-0.4206962032215092,-0.054597800321969446,-1.1467377418520603,-0.2361782296253262,1.007537757461969e-05
