time,pulse_channel_1,pulse_channel_2,pulse_channel_3,pulse_channel_4,pulse_channel_5,pulse_channel_6,pulse_channel_7,pulse_channel_8
0.0,1.1341341878897524,0.301943546344324,-0.2655328383364433,1.1969190682685804,-0.5392019179922045,0.4407539128646433,-3.930804868396327e-05,-0.3692614647436505
0.07929692417383194,0.05565167400677304,0.07690320031800252,-0.06745695904158813,-0.026464384826986806,-0.1370799986477128,0.11204210788443927,9.428186105885601e-05,-0.09383674261174155
0.15859384834766388,1.016156398659072,-0.3788480214697478,0.3329856202501827,1.082727188081213,0.6762853724297617,-0.5527748326203995,-8.133296369630169e-05,0.46309235939603777
0.23789077252149582,-0.5122574050302507,-0.13135667703768192,-1.2023777971312206,-1.4908510814800024,-0.07501839229181585,0.2278513548943136,-0.3906298229277136,-0.2597672472537217
1.2376514598727226,0.2093922067553606,0.3299196452863465,-0.012893778773512981,0.7997170865160538,1.4082102260146094,-0.9787567923106327,-0.15231509003331112,0.2228301878061973
2.2374121472239494,0.8879101747196986,-0.3674082522503396,1.2075752198847667,1.0844263888376278,0.5401250768217629,-0.16880832653817993,-0.3240148249595713,0.2872916023072069
3.2371728345751762,-0.4895151887429097,0.7758517602907693,1.0415576347831303,0.4843193639492164,-0.40808400544558,-0.35366493962657214,0.5836898175850815,0.49318104073949914
