time,pulse_channel_1,pulse_channel_2,pulse_channel_3,pulse_channel_4,pulse_channel_5
0.0,1.2911921171922873,0.25837952715446927,0.11929951471782994,0.010358046171482643,-0.00014859628662501135
0.04977581650018692,0.8214012025827524,0.14924784735644805,1.7330141054453276,0.15909418276331402,0.00020037256170812948
0.09955163300037384,0.5363236498767296,-0.49344645371077006,0.9251719579750391,-0.13074852876217444,0.00011046130642256988
0.14932744950056076,1.475302584123793,0.9397078643125305,-0.26327982454530874,0.39087014525979297,-0.0004984894796102043
0.19910326600074768,0.035135212722803504,-0.8526801277676427,0.5961645599356125,-0.4307538586985892,0.0002816917586705357
0.2488790825009346,0.8239025768960533,0.9198271844063449,-0.1350624638216538,-0.644874051380755,0.02305074644040955
0.8897320702672005,0.17349145838304691,-0.7922123164154187,0.8199801990256219,0.6745504681253156,-0.18729412456367234
1.5305850580334663,0.19525789088770656,1.0543566932099047,-0.3200608514625426,0.36974465657001365,0.07700007252416922
2.171438045799732,1.1085500164890696,0.983474348261097,-0.6272226943784759,0.35010153229037283,-0.36403131211220835
