time,pulse_channel_1,pulse_channel_2
0.0,-0.26509048527614354,-0.33782858034976215
0.32505035400390625,0.41379063618233813,0.9324555291400164
0.6501007080078125,0.808464193037239,-0.2946439217132102
0.9751510620117188,-0.720592674046621,0.7768633192130574
1.300201416015625,0.6885869382745767,0.6261125040859236
1.6252517700195312,0.9504605855673315,-0.4447100103121138
1.9503021240234375,1.1344768032086412,0.24468948036593705
