time,pulse_channel_1,pulse_channel_2
0.0,-0.24878881394985095,0.5960464180159122
0.11134035140275955,0.7686763615544083,-0.6161123812022762
0.2226807028055191,0.7205342503686375,0.5706458313794859
0.33402105420827866,0.9119817565565381,0.11247369022836815
0.4453614056110382,0.341388949039054,-0.044538233031613826
0.5567017570137978,-0.8421175354701834,0.8718369087013804
0.6680421084165573,-0.11573859796326418,0.7447708359200582
0.7793824598193169,-0.19060533288146098,-0.5297967369246322
0.8907228112220764,0.4958727789368284,-1.0907772660341997
