time,pulse_channel_1,pulse_channel_2,pulse_channel_3,pulse_channel_4,pulse_channel_5,pulse_channel_6,pulse_channel_7,pulse_channel_8
0.0,0.5278212067362357,-0.10525129717703721,-0.5466190453362361,0.5278225747697286,0.4863772836304329,0.8317290139337078,4.1937479182029274e-07,-1.2487880548571305e-05
1.004751443862915,0.2255799563929357,-0.04680026714848223,0.9180870836039621,0.6836211302927993,0.0074512686568225265,-0.054994835228534274,-0.12724335140945764,0.2657733746349471
3.87275767326355,-1.1034728417336088,0.8646683739676858,0.5345346435396732,0.46678005715909254,1.184411516608433,0.6471782512466416,0.6708376005303203,1.207086781127665
