time,pulse_channel_1,pulse_channel_2
0.0,-0.6190552671660189,-0.42899209491776763
0.23762081563472748,-0.4470039320961531,0.7344977047505057
0.47524163126945496,-0.6867930710812943,0.4647851930965932
0.7128624469041824,-0.837480122042002,-0.6227065382824567
0.9504832625389099,0.21616394741463688,-0.5704682233888146
1.1881040781736374,0.5653338102885832,-0.08940454434585272
