time,pulse_channel_1,pulse_channel_2
0.0,-0.9549068924488276,0.3548977047820878
0.07045439630746841,-0.325352973838593,0.2136429552555636
0.14090879261493683,-0.9743320027175326,-0.6129806456037846
0.21136318892240524,-1.3349554676795021,0.5327022202328067
