time,pulse_channel_1,pulse_channel_2,pulse_channel_3,pulse_channel_4,pulse_channel_5,pulse_channel_6,pulse_channel_7,pulse_channel_8
0.0,0.06876961141971392,0.0065862513753260485,0.0005979854757746983,0.1287071771504013,1.1541358605917988,0.04579636141779781,-2.0217962532792507e-05,-0.4348615951781368
0.35249221324920654,0.12937785916208844,-0.08357113620894506,-0.973525797056186,-1.469792005703933,1.4392761384418244,1.0322927765937024,-0.0028483624148480766,0.00041540940945203076
0.7049844264984131,0.4193854717578229,0.011889982053945388,-0.0002182107722849062,0.4386271653056351,1.4503960343706788,0.16301232750709402,-7.624054902099117e-05,0.2773440643564526
1.0574766397476196,0.20509580070731745,0.6761114412280762,-0.0320341731424438,0.5459830277312185,-1.064445812867792,0.4479090073418345,0.3299938500644503,-7.936111791330594e-06
1.4488909542560577,1.1696622676110746,-0.3517393962918044,0.032034928238364235,2.4362154326135106,0.21417085844734446,-0.44790817402335714,0.6797950055514529,6.148788537052573e-06
1.8403052687644958,0.13831805213384032,-1.2550594619305455,-0.9580914103693151,-1.2698373136906156,0.23805808966323602,2.8643341283257233e-05,-1.3360597163655943e-05,-7.566483179341872e-06
2.231719583272934,1.7072445114003085e-05,1.7899452675394218,-0.683669269766331,-0.9581271672409192,0.012319882712928455,0.001819932365117722,-4.347556505296387e-06,-0.6387146141285701
