time,pulse_channel_1,pulse_channel_2
0.0,0.5219557298286053,-0.5795840856641207
0.04938003420829773,0.7117006460963589,0.49745625045746394
0.09876006841659546,1.3659129460030228,-0.07054835224894569
0.1481401026248932,0.058330384317988884,-0.26293434693673895
0.19752013683319092,1.2100030143703326,0.3166315416533392
0.24690017104148865,1.2113035398563106,-0.3211046490173298
