time,pulse_channel_1,pulse_channel_2,pulse_channel_3,pulse_channel_4,pulse_channel_5,pulse_channel_6,pulse_channel_7,pulse_channel_8
0.0,0.4075612445787289,2.669352658358151e-06,1.0800819357261295,0.40754315172063754,-0.8100741090369245,0.7149980281553348,-7.424189696282388e-07,0.823726420776869
1.3012601137161255,-0.46432334731788,-0.8809710785807338,0.7019933237702254,-0.6417958508043827,-0.6874755153108012,0.29483816229584014,-0.8035212369916102,-0.4397427461448474
2.602520227432251,-0.8452338654999639,0.6505246772646927,0.8017765313447601,0.5524427519770135,-0.941792360021452,-0.05403314199147711,-0.783373132901252,0.3886166666622401
3.573273479938507,0.8045207382896258,-0.3678437176504171,-0.4892007698183744,1.1563363380879326,0.5774134028059373,-0.12277153475481345,0.37471710187320484,0.1909489988333866
