time,pulse_channel_1,pulse_channel_2,pulse_channel_3,pulse_channel_4,pulse_channel_5
0.0,0.8222713554088459,-0.09647462815684826,0.8222722828551289,-0.9252789015768358,-2.8286687000104584e-07
1.0749284029006958,0.2780725490603558,0.6374107710577891,-0.12371025815610694,-0.45370437940562697,0.25042501852626353
1.3911807537078857,0.24465443969673045,0.4236914777223913,0.2183254144698688,0.5985194252756167,0.5594922880822976
1.7074331045150757,-0.2274615795419899,0.4987952605807414,0.5206642867631828,0.764652331776921,0.2615945255395356
2.0236854553222656,-0.7021898672446434,0.012915300303061374,0.6110858475622318,0.3660400725286446,1.0750313006038916
2.3399378061294556,-0.1566217180408181,0.006245648601112693,-0.31881469782299443,0.04018836439839262,-0.19153061275781588
2.6561901569366455,0.6760590882063199,-0.17352886449062913,0.3201359914171402,0.2706100033956163,0.3537477145390875
