time,pulse_channel_1,pulse_channel_2,pulse_channel_3,pulse_channel_4,pulse_channel_5
0.0,1.1155564999931653,0.2796734811171653,0.46113039475772943,0.03354691927689841,-0.43803587118508314
0.3993987441062927,-0.46330007669063394,-0.05674488948158634,-0.4068688986202936,0.7798738310875232,-0.7148813325832499
0.7987974882125854,0.17671214280463235,0.009699606454596128,-0.8346157110726858,-0.5530356876074934,-0.8215643569345377
1.1981962323188782,-0.6144425877603539,0.4106450386175923,-0.9885382961687704,-0.3274954305747423,-0.6280331888914368
1.597594976425171,3.1076403819786473,0.34425554587676127,0.3588002260488952,2.5457626826551207,2.4813353446295467
1.9086197316646576,-2.386326623641103,-2.2305994882586515,-1.7549582164540145,-1.3830203020399452,-0.900231333109467
