time,pulse_channel_1,pulse_channel_2
0.0,-0.9534369494488258,0.8161363371842242
0.7967885732650757,0.9412790286233316,3.4792151293406637e-06
