time,pulse_channel_1,pulse_channel_2,pulse_channel_3,pulse_channel_4,pulse_channel_5,pulse_channel_6,pulse_channel_7,pulse_channel_8
0.0,0.6777573542822445,-1.5765387697315036,0.9715196355365772,0.7283109817265537,0.25886377740184596,1.1311531427199586,-0.3975661407210788,1.0803652114736861
0.9655860066413879,0.2974201351200905,0.5258610428684292,-0.4076673597345352,-0.9936052117453982,0.07089319726833625,-0.38333665858468174,-0.020471409899816582,-0.34679802442686986
1.9311720132827759,-0.13589636406144068,-0.4202736375407027,1.0791357279865967,-0.6033155712544028,-1.4487678944802322,0.7949390499941094,0.23966619714870227,0.11887691300585883
2.565811812877655,-0.18791230249710575,0.9478208725711891,-0.2659137563400044,0.6094614565795533,-0.4543495805790076,-0.5930789156264974,1.0872012325875242,-0.9269122614341749
3.200451612472534,-0.08933841418916538,-0.3504399909011876,1.598281277977727,0.2832814244198783,-0.7873055802606362,-0.029632727991797603,-0.154700013389835,-0.23002200386773117
3.8350914120674133,-1.23771519810725,-0.5025456522985783,-0.8740994498530553,1.6772680799690625,-1.0083055351258678,-0.04579677118228742,-1.1571777742204519,-0.45606876778789057
