time,pulse_channel_1,pulse_channel_2
0.0,0.4239201232901083,-0.036535816353794826
0.4212304353713989,0.27772514269869725,0.054843137571827176
0.8424608707427979,-1.1158005429276425,-0.6897036929806847
