time,pulse_channel_1,pulse_channel_2
0.0,-2.3796918149554855,0.7863666275041657
0.020264476537704468,-2.55346336020442,-0.4585373771215563
0.040528953075408936,-2.4944139986528477,0.0392142888217527
0.0607934296131134,-2.2740838649906325,-0.11859221870155942
0.08105790615081787,-2.64841035818881,0.5793543215003051
