time,pulse_channel_1,pulse_channel_2,pulse_channel_3,pulse_channel_4,pulse_channel_5
0.0,9.386399251635574,-4.180603219989728,0.10194035501550319,-0.2299704391404524,-1.185650382217611
1.2659367322921753,-4.733675488911366,-6.10851437788672,-4.3432389980580295,-0.5349199007063323,1.0797796511991802
2.5318734645843506,0.5458253007189336,0.7389986540163843,-0.5253089201634175,-1.1325969292229554,-0.2282588663682512
3.049573004245758,-0.6511569358389359,-0.2159173411109583,-0.30992670122282806,0.7095656399502726,-0.5459940878752453
3.5672725439071655,-0.6167415149521221,-1.587155668540743,0.5443973008804962,-0.48038257676891655,0.08943721223576662
4.084972083568573,0.7239709089620716,0.1271063566237652,-1.0540410664951934,-0.444205875949518,-0.31039389163596387
