time,pulse_channel_1,pulse_channel_2
0.0,-1.12292046145418,-3.049330675919871e-07
