time,pulse_channel_1,pulse_channel_2
0.0,-0.6089648950424396,-0.8600216314400468
1.4234336614608765,-0.5268938968799978,-5.684800029344161e-07
