time,pulse_channel_1,pulse_channel_2,pulse_channel_3,pulse_channel_4,pulse_channel_5,pulse_channel_6,pulse_channel_7,pulse_channel_8
0.0,-1.094130145862055,1.6294558539275823,0.021288036623975555,-0.445281363169021,0.6617079711048754,-1.2262930707195712,0.6104620585749162,1.8740467060941236e-05
0.4076736271381378,-1.1470907745880128,-0.05093750193297077,-1.5748508420378633,0.38782305291100944,0.5945365461777097,-0.9141227736735429,-0.1565190633240484,-0.18299692607943732
0.8219276964664459,-1.37379750393641,1.0464780900979809,0.34291674873661765,1.4239603800795928,1.1284164594969748,0.6839618483671014,0.8199671684923006,-0.9300483610961592
1.236181765794754,1.1189521936108047,0.42967650748642966,-1.14403844070456,-1.6525008914145398,0.3392011018457883,0.726348284021329,-0.6010952576734891,0.8674492508526404
1.6504358351230621,-1.188649177305581,-0.21786888495694967,0.5807174730317151,-0.16784464196217203,-0.578475918008436,0.2845039250662149,0.08841599809491486,0.2154795737753423
2.0646899044513702,-0.2225637679905694,0.7420329323504202,-0.057198322981569655,-1.2398521789475965,1.029738240033181,-2.4113612554582757,-0.8097505475850523,-0.1527945075134869
2.4789439737796783,0.3072076270068039,-0.8892052981202573,0.28680352985282537,0.8370490617807418,-1.1720954653175204,0.0003922715501579284,0.08016774178503225,0.008455568811693449
2.8931980431079865,0.7066835732112391,-1.0891828013798555,3.459779022279575,0.5142106129748097,0.4940622061695716,-0.07112168276212717,0.6882889721180855,-0.5278468377317816
3.3074521124362946,0.5184535774186728,-0.06282246748638999,-2.8830884438086,1.3817203254298345,0.1603720235194201,0.03696722884318811,0.504612879772421,0.20034006539570787
