time,pulse_channel_1,pulse_channel_2,pulse_channel_3,pulse_channel_4,pulse_channel_5
0.0,-1.6777756407215565,1.2782884182027698e-06,-1.6777681998417955,-3.309992395496026e-07,-2.953660982426328e-06
0.10536403954029083,0.31672415031722156,0.8225679486837684,-0.04757980072298495,0.15489107397914656,-0.6128206444341242
0.6855261474847794,-0.607576569531433,0.04758481741091636,-0.16054252432889765,-0.46747261604037194,-0.44068372517467946
