time,pulse_channel_1,pulse_channel_2
0.0,0.6136341992100837,0.7672008489369452
0.3832584023475647,-0.8404375696170909,0.6283203143213972
0.7665168046951294,-0.12948741192092503,-0.9547953995687085
1.149775207042694,0.7149556498629742,-0.25335344927833725
