time,pulse_channel_1,pulse_channel_2
0.0,-1.4268537186416654,1.3751825178106227
0.2505914866924286,2.0444231026157946,0.43496651255194074
0.5011829733848572,0.8007374782299422,-1.0200365881771
0.7517744600772858,1.0192024252026295,-0.866640434512572
1.0023659467697144,1.461341669264192,0.42732047608254714
1.252957433462143,2.416490340533612,1.7381393434301942
1.5035489201545715,0.8193157656770594,2.173512681095679
1.7541404068470001,-0.12956331829175605,1.456618781096993
2.0047318935394287,-1.9933369078801335,-0.49764219778985225
