time,pulse_channel_1,pulse_channel_2,pulse_channel_3,pulse_channel_4,pulse_channel_5
0.0,0.24631693168897578,-0.4337665563152771,1.3507766911502863,-0.8543599076117956,-0.29084064784560254
0.42281025648117065,0.44973602115999217,-0.24392222668974411,-0.4171856038923699,0.6982099041158476,-0.5215691375757765
0.8456205129623413,-0.6327851118734187,-0.046131041544653494,-0.4569744941763076,-1.05921654586167,-0.7109690978608084
1.268430769443512,-0.5515983071889642,0.30529337189250494,-1.0922529816908186,0.3471288851300043,0.6912086822842904
1.6912410259246826,0.8359150145035084,0.1343359192833646,-0.06512349695211879,-0.30448054497954485,0.5238072553568183
2.1140512824058533,-0.0712011745644828,0.2962379270109992,-0.017708745022763057,0.11445635005593953,0.4216476424712274
2.536861538887024,0.6578394362465692,-0.6354199773676353,0.6671323101958885,0.938101563422329,-0.30926453842015855
2.9596717953681946,0.553263620574172,2.741350102766644,0.6461317007936653,-0.159685607793486,0.5349890306906313
3.3590681850910187,0.055004815631775034,-1.8521009490813398,-1.2560888724507322,0.017597467773288036,-0.14495742307427406
