time,pulse_channel_1,pulse_channel_2,pulse_channel_3,pulse_channel_4,pulse_channel_5
0.0,-0.20951433506223993,-5.042729108862437e-06,-0.20951434051113507,4.484376362298448e-06,8.861310765154817e-07
0.8437545299530029,-0.5236237379970022,0.7331544284436293,0.3977288575233479,0.19190357156446924,-1.0163538759172857
1.6875090599060059,-0.7586062310368142,-0.716725976459043,-0.9258337427582615,0.3104491063011777,0.7176096208974387
2.531263589859009,-0.19234937487937057,0.9522521898050491,1.3324891363431017,-0.06122869822239815,-0.26716975855538927
3.069208085536957,-0.3892949150110617,-0.28188496499933435,-1.3222481361362686,-0.4035639158700578,0.6521290548325624
3.607152581214905,-0.5363320650623445,0.19592634163221495,-2.169403921884547,0.42899752288334375,1.2698859884500875
