time,pulse_channel_1,pulse_channel_2
0.0,0.7243949076302292,2.3768712269007853e-07
