time,pulse_channel_1,pulse_channel_2
0.0,-0.042492997716846004,-0.028694760434575476
0.31545212864875793,-0.18438467822178292,-1.289570206845452
0.6309042572975159,-0.4543809580788035,-1.0936951455950972
0.9463563859462738,0.3805461307913261,-0.6502971191759014
1.2618085145950317,1.2902315751225526,0.35313657167564855
1.5772606432437897,-0.29656007079296387,-0.48776289513264665
1.8927127718925476,0.766998065068254,-0.8788251969864156
2.2081649005413055,-0.6072887247926594,1.0006208652798316
