time,pulse_channel_1,pulse_channel_2,pulse_channel_3,pulse_channel_4,pulse_channel_5,pulse_channel_6,pulse_channel_7,pulse_channel_8
0.0,-1.2162960498325315,0.8022558342858352,0.006425594826601108,-0.308895683357707,0.45567303181141744,0.4283269015005105,0.3445379793462881,-0.5989695154789078
1.562790036201477,0.108294247906254,0.7986689405499682,-0.9560563376658532,-0.2160509101482358,-0.7237914257359296,-0.2263098035491507,-0.5096225457510327,-0.3226125387112389
2.9707354307174683,-0.15770547901201856,0.0966898535787587,-0.6320487321839714,-0.19232027434581742,0.08459324155390673,-0.06793023812618916,-0.11105012303288472,-0.3285292553583643
4.3786808252334595,-0.38687964054381024,-0.7559222965626048,-1.037138875394862,-0.49871218285991303,-1.1863396246504927,0.6690368288745392,-0.3903042205993728,0.838837305827126
