time,pulse_channel_1,pulse_channel_2,pulse_channel_3,pulse_channel_4,pulse_channel_5
0.0,0.10346689836138458,-0.16152605639524675,-1.0716558367278373,0.0378144799493234,0.0853628918948695
0.07384277135133743,-1.4614190804739433,0.91136501666459,-0.7588358273729684,0.016965360018653293,-0.09963237898946108
0.14768554270267487,-0.3858699020641352,-0.045004519574302335,-0.31378910871309484,0.09332476630057251,1.36850378540034
0.2215283140540123,0.13241848734427458,0.019963939623599866,-0.17451484598744255,-1.1593765440094754,0.8820031976807305
0.29537108540534973,0.2891020425932291,0.1877111868045635,0.7512896382249783,0.3677135171489064,-0.7237497971417023
0.36921385675668716,-0.40916344326185866,0.0015702239152485663,-0.1821254028943673,-0.49677549053852676,-0.8818614665812364
0.4430566281080246,0.26717214882841767,-0.7309114721594295,-0.08051311441137753,-0.2169128823962094,-0.45466388877400027
0.516899399459362,-0.16611295485038294,-1.5491443902021171,0.47366804731719286,0.015052691361987816,0.14949055513837214
