time,pulse_channel_1,pulse_channel_2
0.0,-0.15854249742134038,-0.418710029359514
0.5740570425987244,0.13732941145618663,-0.400228995111434
1.1481140851974487,-0.34195224688840065,-0.2829367642988175
