time,pulse_channel_1,pulse_channel_2,pulse_channel_3,pulse_channel_4,pulse_channel_5
0.0,0.17380806128672432,0.09475181647846664,0.7574267209167319,0.8366735560658572,1.000765097420671e-05
0.16883830726146698,0.7584166716467645,-0.133135357007112,-0.6983676827781958,-0.43795568662587864,-2.379974816957927e-05
0.33767661452293396,-5.969757435885751e-06,-2.240716575324994e-06,0.5695529741528998,-0.7846947601971743,1.3168268428585912
0.5065149217844009,0.4189423163467788,0.12279399516182755,-0.2080353855060567,-1.761909718064791,-6.545220919649798e-06
0.6753532290458679,-0.7027325314386675,-1.1984454412769323,-0.34614871238614714,0.5294993550020397,0.051125684433286946
1.5965983271598816,-0.4447894810401889,0.45229098418346897,0.41182156988761537,-0.6285739411857739,-0.8350118385676591
2.5178434252738953,-0.0626685237872532,-0.7409799276168426,-0.10390075434036158,0.7300419027310697,-0.3540892836371494
