time,pulse_channel_1,pulse_channel_2,pulse_channel_3,pulse_channel_4,pulse_channel_5
0.0,0.4242980195389091,-0.3796278576349751,1.1705955968924342,0.2191142505193795,-0.00023436173266701418
0.06942883878946304,1.2636120517595126,1.0851745820739382,0.527727281591435,-0.009058916977911476,0.0004502352471898866
0.1388576775789261,0.286854656791249,0.8509661534575812,0.4771661890891558,-0.7452950962779682,0.00038540534986977536
0.20828651636838913,-0.4456653723240196,-0.6109023574801004,0.1577200725903722,0.66306817108441,0.00040831288720444747
0.2777153551578522,0.6466948768872224,-0.4873303000486915,0.2135988473020364,0.21230693893298466,-0.0014213442613150837
0.3471441939473152,0.020003594673604488,-0.4504049147135331,0.40644514374669205,-0.28880651797715234,0.0004939785365308811
0.41657303273677826,-0.9957507710431267,2.2288633175379693,1.171033963714273,0.46282350785087945,-1.0090499247404887
0.6117790788412094,1.0800699536458114,0.41254039248044644,-1.2402183297177638,-0.5271744407311182,1.063590182758136
0.8069851249456406,0.9555268390829176,-1.9044153849071164,-0.825960364574295,-0.6699328772019763,0.8849156693215525
