time,pulse_channel_1,pulse_channel_2
0.0,-0.6997629424921451,-0.32678338155060477
0.24437427520751953,0.6666693686892642,-0.9682349991210737
0.48874855041503906,0.21539057775045473,0.4956859582712837
0.7331228256225586,0.2441180423324055,-0.7032386962246737
0.9774971008300781,0.3169958447660465,-0.3162298490470726
1.2218713760375977,-0.3237422538312449,-0.8628573779042958
1.4662456512451172,-0.7057906168502458,-0.7501276126059689
1.7106199264526367,-0.08361290928076386,-0.05875448014295672
