time,pulse_channel_1,pulse_channel_2
0.0,-1.2008187951954665,-0.33822014354521274
0.030987391248345375,-1.6091600259301555,0.46409103409813784
0.06197478249669075,-0.7440627335014235,-0.28258427382343954
0.09296217374503613,-0.7933707958773283,0.3598017329918193
0.1239495649933815,-1.672901399437306,-0.626653675628535
0.15493695624172688,-0.533915926824844,0.4030516637721382
0.18592434749007225,-1.5259729517429284,-0.13242719876773892
