time,pulse_channel_1,pulse_channel_2
0.0,0.36319385732976445,0.8749462357048493
0.45367947220802307,0.6676835941026041,-0.7855973252770625
0.9073589444160461,0.4905439212821573,-0.09927208451131082
1.3610384166240692,-0.8048086449616586,0.05313592581697391
1.8147178888320923,0.6693467823903971,0.6012600034913006
