time,pulse_channel_1,pulse_channel_2,pulse_channel_3,pulse_channel_4,pulse_channel_5
0.0,0.543441310761039,0.9577852011520476,0.3033539292650401,-0.22420082561938903,0.2507820477587139
1.2154368162155151,0.43633202658512715,1.627835299218989,0.4363238648242358,-0.24046605095076098,-1.1721431666147806e-06
2.4308736324310303,0.16669493539696104,1.0459049567120158,0.5066315485045946,0.053642335402435556,-0.31763525962274863
3.070947289466858,0.3095828052863752,-0.7005322583464887,-0.6663575948452602,-0.5784423787539898,-0.045484571811387826
3.7110209465026855,-0.6854198133283436,-0.4859307002071647,-0.6864213000661734,-0.5738447298935488,-0.9481038407589392
4.351094603538513,0.2937611447465946,0.5240851573171076,-0.5393784243806327,0.36624451670805497,-0.07130850083090583
