time,pulse_channel_1,pulse_channel_2
0.0,-1.048288497737507,0.45189102026261596
0.19351285696029663,0.42764142903221714,0.30364978891745775
0.38702571392059326,-0.28540069896823544,-0.7626195687409849
0.5805385708808899,-0.30431664303897876,0.2874271842203459
