time,pulse_channel_1,pulse_channel_2,pulse_channel_3,pulse_channel_4,pulse_channel_5
0.0,-0.7560296226021006,-0.04556004986831735,-0.7560226752710902,1.4248105542793985,2.8024096056840994e-05
0.7014808058738708,-0.7368146918289206,1.0824365747198372,-0.471522064286278,1.029128851546433,-0.8513078981977115
1.4029616117477417,3.088786943979472e-05,0.35357502293329995,0.337919687283826,0.39340101659868126,1.035932933593098
2.1044424176216125,0.009960840328230965,0.7248316811753936,0.5008280149676045,-0.02363471600212459,-0.140378003492788
3.1003904342651367,0.250393164781773,-0.5603922631412297,-0.25569233498133215,0.14407299360061296,0.20627330053327014
