time,pulse_channel_1,pulse_channel_2
0.0,-0.8064291400510005,0.3658110936278153
0.4875248968601227,-0.6202476295742035,-0.04066561111409332
0.9750497937202454,0.24669395722896167,0.9304047965585714
