time,pulse_channel_1,pulse_channel_2,pulse_channel_3,pulse_channel_4,pulse_channel_5
0.0,0.12504043169927964,-5.488338544051046e-05,-0.006546685569085874,0.6165042178164294,-0.8439180003093038
0.8287619948387146,1.0663951903311475,-0.406692752376933,1.0664657786311906,-0.4456533974762659,0.000119007419738719
1.6575239896774292,-1.0396059990945978,-0.5535160908231931,-0.7619425383388696,0.43909224775371297,0.7155013603502479
2.486285984516144,0.3444101605123327,0.6175647945174876,-0.8648076988223385,0.0627800658626808,-0.12584817625771808
