time,pulse_channel_1,pulse_channel_2,pulse_channel_3,pulse_channel_4,pulse_channel_5
0.0,-0.07780556537305,0.360506777117287,0.5614388748600955,-0.05166673038509567,-0.08482076945088132
0.5108349323272705,0.13155957613645228,0.20306312153850242,0.03440352487683447,-0.7905782604668775,-0.14002133255861002
1.021669864654541,0.041697281835398066,0.07560965318277331,-0.00017233501319309592,-0.7776595828670586,0.33162405911260245
1.5325047969818115,-0.778207186349221,-1.040201956924022,-0.7959426442697896,0.4040103819240764,-0.5804116787798195
2.043339729309082,0.3032237489640405,0.25212077894621254,0.3970608752842128,-0.37705286816879136,-0.5989518461003384
2.5541746616363525,-0.15512590223191236,1.1731060522142296,-0.34036504853280924,0.058863129592720005,-0.14318563744768265
