time,pulse_channel_1,pulse_channel_2,pulse_channel_3,pulse_channel_4,pulse_channel_5
0.0,-0.5205057403031329,-0.40850309486982944,-0.6201195900297843,0.41958106207427465,-0.06232386135143367
0.3046541213989258,0.34795230464293314,-0.8611059216295055,-0.48289735642474163,0.036614783437727484,0.5556095233701829
0.6093082427978516,-0.9194760002978655,0.7875887474000675,-0.21065687384556706,-0.09103861772749441,0.7166722605862745
0.9139623641967773,0.5155658956820535,-0.07793698745495638,0.27097054435364015,0.9546719217838936,0.8178295287409512
1.2186164855957031,-0.7792658118263502,0.11873791534544358,-0.24675507393478685,0.11859705779957219,0.0015703692317287222
1.523270606994629,-0.018305105882696873,-0.38337940869184733,-0.8589605666393366,-1.0357678263548982,-0.04856500509079234
1.8279247283935547,0.20423084197859143,-0.6209817111870963,0.5103351832300912,0.3307489556372658,-0.23035499272960355
2.1325788497924805,0.677942506286784,-1.2353896800000055,-0.948143660797122,0.10339354217734516,0.4192965774800079
