time,pulse_channel_1,pulse_channel_2
0.0,-0.1624001182901927,-0.13266142883221607
0.9640412926673889,-0.8883280122505849,1.5069935202927194
1.9280825853347778,0.3764109395896585,1.3165637540610409
