time,pulse_channel_1,pulse_channel_2
0.0,-0.43212599227344933,0.99641614903061
1.381109595298767,-0.18101396614713675,3.923469834182542e-07
