time,pulse_channel_1,pulse_channel_2
0.0,2.04635346702003,-4.776032580526894
1.4434279203414917,8.83313885086966,-4.02947239268788e-05
