time,pulse_channel_1,pulse_channel_2,pulse_channel_3,pulse_channel_4,pulse_channel_5
0.0,0.2974570295038267,0.15444975282690188,-0.10458362289133732,1.0407057637360608,0.06819458592422427
0.3302212655544281,1.0827697781535235,0.005789796988823035,-0.7562774185353035,-0.7307745622091475,-0.5669144711695131
0.6604425311088562,0.6550545625351228,-0.822516632161847,-0.4150197775310967,0.5851266119989207,-0.48084026179732614
0.9906637966632843,0.24604063702129536,0.7586274820692561,-0.2932490988354225,-1.0349681029068234,0.11362505207661806
1.3208850622177124,-1.0150352630574506,-0.6837050010622957,0.01819278088885687,0.5957430551557069,0.8405622867620482
1.6511063277721405,-0.682274957713435,-1.173413553800874,-0.8550413147851407,-0.00207350277751939,0.9653057003128567
1.9813275933265686,0.16479846130780507,0.8608062171458212,-0.433791927521453,1.1009033755002586,-0.2916062351425078
2.178774654865265,-1.0560280136237583,0.6885835874536822,-0.897804774493348,-0.08438672552777896,-0.5156949138138343
2.376221716403961,-1.002533730903542,-0.2991396291382129,-0.2667225671528339,0.5963322009481319,0.5718436395785319
