time,pulse_channel_1,pulse_channel_2,pulse_channel_3,pulse_channel_4,pulse_channel_5,pulse_channel_6,pulse_channel_7,pulse_channel_8
0.0,-1.0663077592956227,0.00015477415330171046,0.00011619916786317482,-1.0399813595207892,-0.38354675365057056,0.5858743730451662,-4.604994220753823e-06,1.1245807800305312
0.16923920810222626,-0.35306188802658656,0.00014112206406180519,7.786396182836966e-05,0.6468278239480807,-1.4249793435926716,-0.05534848322478824,-2.5499846087141315e-05,1.5883791809900967
0.3384784162044525,0.36755082319375004,-0.00013446853589940745,-0.00010822387216122375,-0.6348632541388401,-0.7229408670769881,-0.9534526847478756,7.616629478155975e-07,-1.4726133732400648
0.5077176243066788,0.865892557475286,-0.47578388583384085,1.3121980092817636,-0.2420575422676749,-0.8123448421436859,0.4019486093704051,1.0747630440463465,1.3308076464874525
1.9085319191217422,0.2517732114142699,-1.4939938649517157,-1.1927382445518724,0.5396600950386146,-0.12582674996103635,1.3278376438687711,0.22004020002004568,-3.142921478661852e-05
3.3093462139368057,-0.6330623353986367,0.3123456262690383,0.8664414756500776,0.9648226001947374,0.34321925038357315,-0.10883557417909634,-0.3456757413870047,0.21263926487262455
4.710160508751869,-1.0024448286731835,-0.5784462963086345,-0.007022224753929049,-1.268146105205853,0.6892951705062547,0.27651723040095244,-0.6875050821471145,0.501989482271106
