time,pulse_channel_1,pulse_channel_2
0.0,-1.040278510436612,-2.448023106673856e-07
0.07736413925886154,-2.1911937354512516,5.690997316595229e-07
