time,pulse_channel_1,pulse_channel_2,pulse_channel_3,pulse_channel_4,pulse_channel_5,pulse_channel_6,pulse_channel_7,pulse_channel_8
0.0,0.40493983521303595,-1.0426384727191018,-0.8413029242042497,0.17185195141531734,-0.3166978225220108,-0.31039750707026076,-0.2508440549872773,-3.121175553760176e-07
1.1151537895202637,-9.632360281389302e-06,0.7470689375540545,1.7693819241397952,-1.094595843905352,2.9305379042780525e-06,-2.2705286834290078e-05,7.331187490323244e-06,-1.1732568755318298
1.2592186033725739,-7.198252897442498e-07,1.623300459285225e-06,0.8676647303815722,0.8676635401463206,-3.035063391741855e-07,7.598813280009768e-07,7.379164513560025e-07,-4.7658141675973027e-08
