time,pulse_channel_1,pulse_channel_2
0.0,2.057822176350468,2.0075044536534192
0.29615145921707153,2.495795160834991,-2.1782492976549412
0.5923029184341431,-0.9281844634595341,-1.3571929261750728
0.8884543776512146,0.08611512617421875,0.3539728399792311
1.1846058368682861,2.3217947171118274,0.7452748181417659
1.4807572960853577,2.83925644637529,2.3225626766207044
1.7769087553024292,0.37613080413051264,-1.7520745330154202
