time,pulse_channel_1,pulse_channel_2
0.0,0.6965015731545029,-0.17331517166303256
0.13995963335037231,-0.21983944439098724,-0.11530551182581265
0.27991926670074463,0.00449005850060018,0.2782736604856876
0.41987890005111694,1.2978999030976772,-0.023392945579666483
