time,pulse_channel_1,pulse_channel_2,pulse_channel_3,pulse_channel_4,pulse_channel_5,pulse_channel_6,pulse_channel_7,pulse_channel_8
0.0,0.4234449526080886,-0.5918070033748366,-0.18500848076374465,-0.470845210080784,-0.006973304801733537,1.0968842583763165,0.04971962822991421,-5.95021351179975e-06
0.4927978217601776,0.7913284983989061,-0.020796848175782215,0.18102138793264683,0.009908309056327837,0.12890266460558877,-1.1001775054715095,0.466584300566125,2.182536686116487e-05
0.9855956435203552,-0.06314365736586323,0.10155572665006132,0.021363234741265398,0.39291503565125263,0.004661695811740792,-1.0117685132598264,0.08357252408456273,0.00013303618362601712
1.4783934652805328,0.3606401497374582,-2.0864244125390163,-0.5996380423956983,0.2842031728082391,0.1235526540938455,-0.39020496561340307,0.2988625101501928,0.00011623559335313209
2.179290860891342,0.6593123572552861,-0.2065143965628613,-1.0613390530365698,1.0032668587335845,0.0018059864920255807,-0.7062678069053276,-0.05765324860509022,-0.00014815539580349463
2.8801882565021515,0.40485921845317246,0.04540470418128617,1.0629815170508428,0.8876977466811989,1.428379588864029,0.7074901689168479,-0.05428547702267668,-1.3354551693694822e-06
3.581085652112961,0.07277115600590207,-0.8513405440759487,-0.7277739387874511,0.33217635712645555,0.9643901772113523,0.5657562570095883,-0.23634604288667072,-1.5491653018975635
4.28198304772377,-0.005435190210600057,0.024716560865297027,-0.34505519556832825,0.25766859556230076,-1.0705368103822666,1.142764742100494,-0.47164928503234416,-0.7628459354379711
4.9828804433345795,-1.041656795723671,0.628913257527101,0.3758041938787726,1.7856532073919933,-0.8350468708470932,-0.13318566036263738,-1.2102116402559446,0.5158016629919397
