time,pulse_channel_1,pulse_channel_2,pulse_channel_3,pulse_channel_4,pulse_channel_5,pulse_channel_6,pulse_channel_7,pulse_channel_8
0.0,-0.2307330230383375,-3.7656887213926056e-06,-1.560983552875151,0.9417617371914033,-0.13869072160454735,0.09378674456087376,-0.7148190905096778,1.0727318506177366
0.9645954370498657,0.47169821494215997,4.856409790538472e-06,-2.2930845482801967,-0.387282421845827,-0.6110541346934016,0.1769345243474183,-0.7571369877303364,1.329262563611106
1.9291908740997314,0.36054676888521336,1.3604196545096712,0.6376909849841861,-0.4338035428661894,-0.10216023936612567,0.3161072026363324,-0.35080518926830695,-2.22956766344378e-06
2.546117663383484,-0.0019915683258138047,-1.1544505400075573,0.8146287691911888,0.40603980548207613,1.139047004042604,0.40376121224142825,0.02565216258373923,1.5615943056847855e-06
3.1630444526672363,-0.521376272898879,0.7152571256851937,0.7964409548176509,-0.3446197682209573,-0.42562181307855923,0.2298146055797121,0.5229402379352216,-0.19251501850226038
3.7799712419509888,-0.16292018603571137,-0.2552841524733464,0.5831602056552296,-0.9235803454483602,0.6660211677489807,-0.03253137311494321,0.378073830361577,0.01971945238908715
