time,pulse_channel_1,pulse_channel_2,pulse_channel_3,pulse_channel_4,pulse_channel_5
0.0,0.7147170014008003,-0.31495153523054514,0.7148155605423762,-1.310464561816244,-7.683265830168688e-05
0.7419583201408386,0.5797443203868412,1.133182236794798,0.5493619486800088,-1.3075732217696674,-0.4929288404073777
1.4839166402816772,1.223270724074336,-0.6515336516871484,0.7745010317176078,-0.043653849061566906,0.9422145727651754
2.225874960422516,-0.8045389825034612,-0.02566277418693929,-0.721474134373271,-0.47105382028041326,0.7111617091575951
2.907721996307373,-0.021072301917045712,-0.7213116366932973,-0.02198726568142202,-0.08137907060594482,-0.2969122783961248
3.5895690321922302,0.31532533366404847,-0.3358559762075828,1.1356536647443043,-0.5830370120458369,0.09658299184740021
4.271416068077087,-0.9756728904602774,0.5391166468531541,0.14388041865110882,0.20674827162954731,-0.04894263754773513
