time,pulse_channel_1,pulse_channel_2
0.0,-0.6972838767874039,0.5038646098780726
0.2349133938550949,1.0910388453655828,0.5546842640065278
0.4698267877101898,-0.5417364551729592,-1.259677624600345
