time,pulse_channel_1,pulse_channel_2
0.0,-0.8000491735399663,-1.272417482384207e-06
0.31248030066490173,-0.7426450377286238,1.4173253775836994
