time,pulse_channel_1,pulse_channel_2
0.0,0.30980474198149965,-0.2496180770172416
0.36238011717796326,1.2635797704725211,1.083744084810442
0.7247602343559265,-0.6397718890540329,1.0674440533003073
1.0871403515338898,1.1850830398546564,0.8572622268116246
1.449520468711853,-1.0475362547476377,0.45154477174984303
1.8119005858898163,-0.6186442434168652,0.9498487305656813
2.1742807030677795,0.69323547623177,-0.5914647119554427
2.536660820245743,-0.17840673755427616,1.1371702573346718
