time,pulse_channel_1,pulse_channel_2,pulse_channel_3,pulse_channel_4,pulse_channel_5
0.0,-0.2680808984206481,-1.119285925678192,-0.26808107158949607,-1.0232087733556625,-2.4506350754523793e-07
0.6594152450561523,-0.0028267400212840742,0.11414988982218761,-0.35094693625068096,0.08863181744160382,0.31580870860860183
1.2629963755607605,-1.0149629616785594,-0.7207387485594909,1.1882530949057692,0.03832107078014082,0.3043896352781128
1.8665775060653687,-0.03616405294057028,0.15352041889786974,-0.44125735363370466,-0.3605170392013581,0.6816065058939916
2.470158636569977,0.49297462144978854,0.3892089425044962,-0.724175875553986,-0.33180879196170815,0.7437101813110272
