time,pulse_channel_1,pulse_channel_2
0.0,-0.6741684911204362,-0.49105310551373127
0.5608781576156616,1.210289212383157,-1.2559090037936218
1.1217563152313232,-0.3717731928436109,-0.5239828137042291
1.6826344728469849,-0.18962016220545608,-0.26143156095395337
2.2435126304626465,1.3571786714852758,-0.07088604446631935
