time,pulse_channel_1,pulse_channel_2
0.0,2.114336254378021,0.6580706928603672
0.5473606586456299,0.5317726471736552,-0.6685912433192608
1.0947213172912598,0.6247482129345274,0.067333243923971
1.6420819759368896,1.2361308410237404,-0.38600317732345873
