time,pulse_channel_1,pulse_channel_2,pulse_channel_3,pulse_channel_4,pulse_channel_5
0.0,-0.12128149459195713,0.7605934306607663,0.7646820830225738,0.3285141134782773,-0.6281425556850282
0.36615505814552307,-0.29099187494739254,-0.22126066158295615,-0.457792513631002,-0.06520596602405718,0.33383669017165024
0.7323101162910461,-0.4261319441303009,0.830386615398412,-0.6198432165510229,-1.1544928536060743,0.19666952866671938
1.0984651744365692,-0.3910418984258579,0.3425126989305599,0.02249476818152491,-0.11075244776884637,-0.2949923723360826
1.4646202325820923,0.33847623706247293,-0.031857539344276715,-0.0603221872132003,-0.15217296745052453,0.6569823229224273
1.8307752907276154,0.3158384307205963,-0.3442147992112479,0.036385748407481926,0.06256064328389115,-0.74262437087181
2.073059782385826,-0.844539255114893,-1.0437797996682725,0.906420086769234,-0.9621364810356906,0.34920319012876544
2.315344274044037,0.3158188966039663,-0.34419772932296194,0.03643002340140057,0.06253532774582846,-0.7426183043090385
