time,pulse_channel_1,pulse_channel_2,pulse_channel_3,pulse_channel_4,pulse_channel_5,pulse_channel_6,pulse_channel_7,pulse_channel_8
0.0,-0.7001518847045722,-1.2699271053093348,0.07119304621719583,0.9514033272891631,0.5025731812451475,0.503271311785586,1.1168986001282144,2.40365952879932e-05
0.5975583791732788,-0.4019632720539983,0.17226112391816975,0.7909014427877015,-0.5043673568347776,-0.2077486888114345,-0.32299856850657915,-0.7054195870239958,1.07730540319362e-06
1.1951167583465576,-0.03499781008771672,0.01646256664123983,0.11453387315890637,-0.6969888583431355,-0.39339602808732355,1.1671422684259791,-0.8409645888318366,0.0002541106140060164
1.7926751375198364,-0.10630704119987616,-1.1468754055512738,-0.44935240324454867,-0.35603342626486184,-0.20885893300694708,-0.03206906644635481,1.972833102521657e-05,0.4262825477057464
2.3902335166931152,-1.2744139376963275,0.8282232620938789,0.8190294638137917,-0.2968723120741517,-0.5763279993840705,-0.24168636021619094,0.8142404603067344,1.7318655622823727e-05
2.987791895866394,-0.2248946870115839,0.11967121392340076,1.2387702358692276,-0.9157697370675136,0.03272274466313968,0.0140505233725182,0.0716072769646401,-0.5928390648252333
4.232557654380798,-0.9543712050456327,-0.2798331365704302,0.8344379167087035,-0.29931839197190424,-0.5327314718395301,0.003642024108781994,0.6990480044920633,-0.0126779582995055
5.477323412895203,-0.2081800584528515,0.5344909725344612,-0.5030463059012962,0.10424891122844303,0.0993618319550115,-0.5862897305041654,0.22407283802761846,0.05298538810892089
6.722089171409607,0.14942600111884852,-2.119838669108621,1.4366710544976888,0.11853995524253119,-1.416927852632207,-0.34944241643167595,0.5704309071686972,-1.3910594833053618
