time,pulse_channel_1,pulse_channel_2
0.0,-4.32574885952766,0.07228445881772066
0.027344664558768272,-3.6214279239394878,0.6643776918333151
0.054689329117536545,-4.588166201774907,1.2066650620035808
0.08203399367630482,-4.876201969840975,1.5587909572016612
0.10937865823507309,-4.644123183934879,1.2397145002712877
0.13672332279384136,-4.656521701729905,0.5227046982438925
