time,pulse_channel_1,pulse_channel_2
0.0,1.1807055525667651,0.15317541881747476
0.03929850831627846,1.2797869384775917,0.5368892957698054
0.07859701663255692,0.21471432564537007,-0.5259065920292875
0.11789552494883537,-0.2647860725859588,0.4898791628079831
0.15719403326511383,1.326589326359551,-0.7178584524398314
0.1964925415813923,0.27900553560205166,0.05600995693616343
0.23579104989767075,0.8141490550462193,0.11276720604829722
0.2750895582139492,1.564479153634008,0.38142608099222924
