time,pulse_channel_1,pulse_channel_2,pulse_channel_3,pulse_channel_4,pulse_channel_5
0.0,-1.2391430739805667,0.18071596191722236,0.4066897129265183,-0.14656395553065427,-1.562306984002677e-05
0.09757203608751297,0.8240586420654583,-0.3231091009503003,0.04878846070428057,0.11833562650634444,3.48642564848388e-05
0.19514407217502594,-0.2742037858561989,-0.725738803311745,-1.1478852751307116,-0.30367240160698983,-9.599641934382096e-06
0.2927161082625389,-1.2094552705663812,0.8693834344626248,-0.9307700641087138,0.32492833217058115,1.7238944711738227e-06
0.3902881443500519,0.2258829197525823,1.6132950476933876,0.34125254425905194,-0.9240922877662829,-1.4282752815423583
0.4578809291124344,-2.048280460355006,-1.0959146096907908,-0.7206734349640738,0.6157582431475278,-0.4307886784645141
0.5254737138748169,-0.26250769010996483,0.07188614801103532,1.9025574597493167,0.6203403745731202,0.45687943297641187
0.5930664986371994,2.2179916587549386,0.4331764212397381,0.5900642671035108,0.7366000283013782,1.5481043914120531
0.6606592833995819,-1.4656778876859615,0.5563576401858222,0.35609436670967665,-0.23957097453870338,-0.0021128993955711185
