time,pulse_channel_1,pulse_channel_2
0.0,0.190295582045691,1.0848975966869409e-07
