time,pulse_channel_1,pulse_channel_2,pulse_channel_3,pulse_channel_4,pulse_channel_5
0.0,-2.5355368613488025,-1.2829324529026156,-2.7460277841822727,-0.20909539829341306,3.108123403382777e-05
0.04553581401705742,-2.7077412799323204,0.5917318360765461,-2.8583892396629564,0.34213395757215487,5.302051583902696e-05
0.09107162803411484,-3.8677823125688637,0.2588341757900248,-3.7467652074888473,-0.4890784454459147,-4.816280404482575e-06
0.13660744205117226,-2.525077600444235,0.4349471330727065,-2.2926455481021253,0.3706068849464874,-4.827207485297823e-05
0.18214325606822968,-0.7896509886904164,-0.03049795524440817,0.4949368110565375,-0.46497209346816626,2.6224834537563334e-06
