time,pulse_channel_1,pulse_channel_2
0.0,0.10441453798356645,-0.025516758020705358
0.36563029885292053,-0.26835377925640064,0.05180415128678852
0.7312605977058411,0.7789946202083599,0.017323095139518734
1.0968908965587616,0.06781798608454198,0.028852446001400713
