time,pulse_channel_1,pulse_channel_2
0.0,0.35822248201300827,-0.9093090095259747
0.22562657296657562,-0.8188371131285308,-0.713120132322467
0.45125314593315125,0.6544196175740672,1.0890726890805464
0.6768797188997269,-0.8580447881732738,-0.543036482675405
0.9025062918663025,-0.2666305444540851,-1.0002827137732617
1.1281328648328781,0.2583923207597257,-0.1097072718011661
