time,pulse_channel_1,pulse_channel_2,pulse_channel_3,pulse_channel_4,pulse_channel_5,pulse_channel_6,pulse_channel_7,pulse_channel_8
0.0,0.9281550624492256,1.0129856434658315,-0.9427552285541805,1.320896193993226,1.1886459327807222,0.928682117735637,-0.8495695144605228,0.692139663223781
0.3056325614452362,0.08216682226349147,-0.9342208924763664,-0.017395199988970163,1.244436860397551,0.44567891617740923,0.5983910624231017,-0.6628848574436248,-0.599969631854003
0.6112651228904724,-0.7681201810577195,-0.25055417442657857,0.7419699611662561,0.41952176969774363,-0.24218283229998466,-0.4350579107372951,-0.5696328443547728,-0.40937198267380376
0.9168976843357086,-0.5224482263426602,-0.11349991357420033,-0.6261375319424306,-0.20756564880614095,0.45217003843384895,0.7140627003843386,-0.1582160131698368,-0.5128378192210338
1.2225302457809448,-0.9036077926301479,-0.3203086716380572,-0.49034791435845954,0.5164762814282919,0.26541804750550213,-0.662704785634223,0.27332197624025034,-0.06206095879783243
1.528162807226181,6.506557644984912e-08,0.48746728852329946,-1.3308305218055547,-0.09619774738760307,2.0375819216092455e-05,0.0001216828016668088,4.152416276858343e-08,0.19121568673912787
2.8274388015270233,1.8947664099765416e-07,1.88552425566128,0.11582482412289775,-0.09619668000194719,5.338866444593972e-06,2.261867071104197e-06,1.9765974834877823e-07,-0.9602624216180817
