time,pulse_channel_1,pulse_channel_2
0.0,-0.9633929191570418,1.2512463781541854
0.4527939260005951,-0.9236867779408572,0.042423409598213925
0.9055878520011902,0.1559458688483432,-0.6135566632755385
1.3583817780017853,-0.219493706666706,-0.27985240765509045
1.8111757040023804,0.5947854332795869,0.15153433364853786
2.2639696300029755,-0.22500749823963942,0.44808580900440004
