time,pulse_channel_1,pulse_channel_2
0.0,-0.9095753910213743,-1.093043128340022e-06
0.6164482235908508,0.5040262934636103,1.9206735036576637e-07
