time,pulse_channel_1,pulse_channel_2,pulse_channel_3,pulse_channel_4,pulse_channel_5,pulse_channel_6,pulse_channel_7,pulse_channel_8
0.0,-0.029221415638005996,0.2717633460188404,0.6419211486109555,1.8192594578828418,-0.572629402203087,0.060024810503418034,2.4255195257319574e-05,-0.1029004003262139
0.5507997274398804,-0.025572992370364804,0.0028538130183739384,-0.42199781761851185,-0.9529738624742288,1.3775191397876179,-1.6262489033866612,5.4891815438311994e-05,-0.6029043861808986
1.1015994548797607,-0.05368898386835469,0.9408187324024823,-1.9245244030508395,-1.7731241471773256,0.3400296273270047,0.015328781960594883,3.293896800876909e-05,-0.5709836127234001
1.6523991823196411,0.6753091677578473,0.3375580267535652,-0.8266711851766663,0.48379744142816644,1.0608047043180149,0.006813420732570958,0.9080473956959052,-0.5433935637874188
3.1600672006607056,-0.7344936566954119,1.2202003692762013,0.827252898911238,-1.3815839066422302,0.12253125992563614,-0.16551720805302056,-0.1352881847485161,0.16636149808962317
4.66773521900177,-0.9624221479867456,0.09609974801083099,-0.5057456621283667,-0.9625057581673662,0.9034202800254086,0.7538506917192674,-2.8890141769827292e-05,8.757959063679303e-07
5.21853494644165,-0.11351684502979277,-0.16949661800303079,-0.018803361619063957,0.9004992074539719,0.8910652132623454,0.4674367398010042,0.00023123027521574025,-5.26875703914402e-06
5.769334673881531,1.0194054967558146,0.5066291984559326,0.055332214265323684,0.5983867548982388,0.1478784967469755,-1.3744822575170117,0.5424700656181785,-1.2065706902285023e-05
