time,pulse_channel_1,pulse_channel_2
0.0,-1.5668932178570492,1.0156470004831848
0.9057908654212952,-1.737878825696615,0.9706327053645811
1.8115817308425903,0.2683203387012109,0.01557718441300732
