time,pulse_channel_1,pulse_channel_2
0.0,0.40242856130154886,1.0111513708724682
0.048488061875104904,1.2716959490102395,-0.2351301888532732
0.09697612375020981,0.579449094481603,0.265051465892715
0.1454641856253147,0.5028214801119665,-0.19391250060437595
0.19395224750041962,1.009831359626254,0.005842308938579366
0.24244030937552452,0.6904207049879253,0.12403430202837414
0.2909283712506294,1.2379944544846053,0.4806818311419965
0.33941643312573433,0.11623908089389405,0.37123310304861196
0.38790449500083923,-0.7002156133186028,-0.011161143068961188
