time,pulse_channel_1,pulse_channel_2
0.0,-1.386946727209609,-0.09597967164982864
0.037459734827280045,-2.587315316911635,0.08689212758221633
0.07491946965456009,-2.7001237268798346,-0.08573273101361052
