time,pulse_channel_1,pulse_channel_2
0.0,0.5761987778935871,-6.831874048961683e-06
1.3016352653503418,0.6262657043937958,-0.4449941615010219
