time,pulse_channel_1,pulse_channel_2,pulse_channel_3,pulse_channel_4,pulse_channel_5
0.0,1.1838602587331015,-0.19571862503569065,0.45103350067693493,1.6630721601574394,0.21945100380589777
0.49078235030174255,0.2658561474045776,-0.3202273204047732,-0.5826916154161914,0.4109884454651924,-1.2758523248756195
0.9815647006034851,0.451364346563708,-0.5834164572049184,-0.4117700121849704,0.4216690630040801,-0.29905133039121623
1.4723470509052277,-0.2796281142039211,-0.3874302290103359,0.24971412071030835,-0.5547671482115706,0.67580125706635
1.9631294012069702,-0.8319878967562254,0.5758247344942821,0.45471280002406755,0.4596176398565516,-0.2651596829506132
2.4539117515087128,-3.0495998726526583,-1.716070145540328,3.8579235911484826,0.6013660406336161,-1.9691004520639808
