time,pulse_channel_1,pulse_channel_2
0.0,-0.867953416244469,-4.2675860234707625e-07
