time,pulse_channel_1,pulse_channel_2,pulse_channel_3,pulse_channel_4,pulse_channel_5
0.0,-1.2686685674494453,0.599144291131183,-0.6704394972551325,-0.4866796963726957,0.0051459431164197055
0.04109198600053787,-0.7182106431159581,0.020723386612350042,-0.5724187461737819,0.21951736448316977,-0.034529730160302606
0.08218397200107574,-0.19509296556983016,-0.012833837289727546,-0.6499544533806293,-0.638547139810782,0.07816050269125221
0.12327595800161362,-0.48317526814234835,-0.13414782550609972,-0.32121962031923557,0.7201184314165252,-0.06721961541485698
0.1643679440021515,-1.1900202616782165,-0.3205182586554098,-1.4289612274041403,-0.0010089741618140302,0.02766427420297695
0.20545993000268936,-0.904497998088279,-0.15415010230819143,-0.22305837154267083,0.18638999653616511,-0.009330201787141992
0.24655191600322723,-0.9554147681235106,0.20260801039673518,-3.4754338266390206,-0.11953946383798095,-0.6642526295490929
0.886243924498558,-2.675431067470177,0.5428792067525626,-1.1061336641370718,-1.8993710895777527,-2.253583521699299
