time,pulse_channel_1,pulse_channel_2
0.0,-1.6068666602325758,0.2478466276069119
0.08680419623851776,-0.42090612205176786,-0.08128100993108354
0.17360839247703552,-0.2699513924868421,-0.2544277569418831
0.2604125887155533,-0.2587690829276623,0.07162710647990625
0.34721678495407104,-0.3411016584958808,0.2935080405108442
