time,pulse_channel_1,pulse_channel_2
0.0,-0.6067670040315065,0.47015802393746337
0.1823866069316864,-0.05617565147321845,-0.17321241377555904
0.3647732138633728,0.2323330408745436,0.28576255762680436
0.5471598207950592,-0.986460908707141,-0.506675549375896
0.7295464277267456,-0.05594914115468475,0.5946633317849066
