time,pulse_channel_1,pulse_channel_2,pulse_channel_3,pulse_channel_4,pulse_channel_5
0.0,-0.8177972264721683,-0.5892171048066325,-0.5218713637289187,0.197298524039338,-0.35550869330448265
2.8266873359680176,-0.3905758580670842,0.3949985244637945,0.22158497453213827,-1.2511008363947984,-0.0004890599377742497
3.2112837433815002,-0.44485040181981933,-0.34620625227784324,0.05450797182572509,-1.2409036266528946,-0.0001664019557732899
3.595880150794983,0.9348865213011126,1.4116384587472088,-0.13728630647942794,0.6294758136973071,1.0148929542987957
3.9804765582084656,0.4377168071845655,-0.9817429350696582,-0.22209613855561172,0.00031649498047172,0.0002314648923852993
