time,pulse_channel_1,pulse_channel_2,pulse_channel_3,pulse_channel_4,pulse_channel_5
0.0,0.4458872575749901,0.7714167895323034,0.9706785666909874,-0.7205820488147069,-0.44421754656472257
0.3524399697780609,0.5759946786578711,0.758161369025736,0.6172141646490463,0.6054960649440404,0.09338162255894404
0.7048799395561218,-0.40183673595339364,-0.6498711244665432,0.09925303952988668,-0.04492053017555627,-0.15218049569048575
1.0573199093341827,0.684799577016887,1.2029485021096442,0.8830257506538216,0.09798749485136875,-0.8453896563177462
1.4097598791122437,0.02734842296385942,0.6784586958813978,0.6651960789973846,0.6811158852102035,-0.9192121682759957
1.7621998488903046,0.10398206793891715,-0.2851071278280152,-0.05744862784002459,-0.8123764714035453,0.38502880018913554
2.1146398186683655,-0.3539018526259139,-0.40547232545734785,1.151557281664296,0.14743029210276942,0.46434321411648155
3.1083624362945557,-0.03781020774544487,-0.8758518825369047,-0.7633438008258481,-1.2115882934043205,0.11324048261555462
