time,pulse_channel_1,pulse_channel_2
0.0,-1.5158382934620147,0.007296504123048768
0.6581663489341736,-0.38336408952040424,1.3201717909703273e-05
