time,pulse_channel_1,pulse_channel_2
0.0,0.18252881771031504,0.5253752086274697
0.7074238657951355,-0.18716070611335836,0.8331071021009674
1.414847731590271,1.0966646890668834,0.23137101323897907
