time,pulse_channel_1,pulse_channel_2
0.0,6.2011603541719715,3.5182858760005276e-06
