time,pulse_channel_1,pulse_channel_2
0.0,2.3664146146842198,-1.9060908923135294
1.1518455743789673,2.387472858812589,-4.964119093744579e-07
