time,pulse_channel_1,pulse_channel_2
0.0,0.17464161932241162,0.6374130676653258
0.09333443641662598,-1.1424292077069362,-1.1676159915800843
0.18666887283325195,0.1840605938518167,0.5314513028289776
0.28000330924987793,-0.8746180764438317,0.5500292796121754
0.3733377456665039,-0.21768381277269266,-0.6627609692667451
0.4666721820831299,-0.9136446595987938,0.38181633093132944
