time,pulse_channel_1,pulse_channel_2
0.0,0.7448072111263,-0.6371702135354864
0.26913905143737793,-0.23348518085390638,0.34507271831482217
0.5382781028747559,-0.2136521929599835,-0.5115605606399518
0.8074171543121338,-0.46645484877184173,-0.584304807284579
1.0765562057495117,0.14738768037583413,-0.6302113781023528
1.3456952571868896,-0.1569837270439314,0.9588145204623285
1.6148343086242676,0.7852859609467586,0.4691483326972585
1.8839733600616455,-0.7864525581393775,0.6758220362453122
2.1531124114990234,0.7872437833247218,0.5661817063140816
