time,pulse_channel_1,pulse_channel_2
0.0,0.7790431481758534,0.2823568210051811
0.12630419433116913,0.7354068392288912,-0.3810229117674791
0.25260838866233826,-0.3962478626592403,-0.10389268720831882
0.3789125829935074,0.8733102149020303,0.49049722891660774
