time,pulse_channel_1,pulse_channel_2,pulse_channel_3,pulse_channel_4,pulse_channel_5,pulse_channel_6,pulse_channel_7,pulse_channel_8
0.0,0.6384894471750954,-0.1590224194235016,-0.0790118738112647,0.6259514553458511,-0.05013181019681394,0.1273624530320577,0.01241677469870073,-0.17330527174780933
0.03853960335254669,1.3849985259669835,0.42010057010073887,0.3066112898805923,1.1893543215432663,0.3148170112227957,-0.36635683499086025,-0.0715795214366266,0.48520475973532523
0.07707920670509338,0.33042608675748414,-0.45640887620010795,0.8733824335998066,0.8910266332440921,-0.2746611904574746,0.018752256710086186,0.13930891381343705,-0.5585039876054405
0.11561881005764008,1.0233606833914057,0.42451751228623796,-0.5562508495445608,0.5195009968366477,0.15392083848666605,-0.07317016359966458,-0.10642307287000703,0.4775614422899705
0.15415841341018677,1.234578315144576,-0.22945133100454965,-0.5438932476758933,1.3465391368895192,-0.14405340928494412,0.2905414049867042,0.022078038588612996,-0.22967888134655978
0.19269801676273346,-1.2525109523218887,-0.6838083662049392,-0.9161661014039318,1.132015168448481,0.7641167774332822,0.8675600877246312,1.1764752416375621,1.3113212861590177e-06
0.9852459579706192,-0.0008458694743832677,0.07105936719871267,0.0585067093434655,0.271067576904152,0.011242500238743921,1.2603952864485475,0.0380929257533815,0.00014058521196444587
1.777793899178505,-0.3933465430305122,0.16081783257943813,-1.2635053544474797,1.5861527393254562,0.13940905939787665,-0.08289206835613831,0.4664871883301112,-0.032627192113841276
2.5703418403863907,0.4113469259645096,-0.38985832397385606,-2.147514920253322,1.4306305056934865,0.2256331839733063,-0.24447484963098912,0.5022569091616624,-1.5174019391068108
