time,pulse_channel_1,pulse_channel_2,pulse_channel_3,pulse_channel_4,pulse_channel_5
0.0,-0.5016608779449229,0.16636167603706067,-0.3379725783121956,-0.02873061737020645,-0.18380256333462933
1.560023307800293,-0.7814988845966309,0.5697877173730203,-0.23728637764594246,0.06410898629947638,-0.28083782662675044
2.10707288980484,0.41304806846500525,-0.391855499371158,-0.9927602783955767,-1.165539936653375,-0.9034844075191728
2.654122471809387,0.9476837888436717,-1.4417708129152078,0.5922594644553248,0.1322786457178766,-0.14024872361486912
