time,pulse_channel_1,pulse_channel_2,pulse_channel_3,pulse_channel_4,pulse_channel_5
0.0,-0.851810274507409,-0.7286744552644464,0.002159793172827066,0.9164174667416438,-0.5263381615013429
0.4627339541912079,-0.7404001789303517,-1.5825156900310555,-1.1274475273474196,0.7157861430605268,-0.5089229818823712
0.9254679083824158,0.8935455979466865,-0.5048600309436886,-0.5655947413916473,0.214175012382448,0.024445907482245607
1.3882018625736237,0.4826105291868844,-0.8308315267617972,-0.49881978105193925,0.2541846476122141,-0.14991119404873307
2.6521184742450714,-0.04110375774996292,0.19668995121510038,0.30143150014013276,1.4518276098275318,0.3885569069137017
