time,pulse_channel_1,pulse_channel_2,pulse_channel_3,pulse_channel_4,pulse_channel_5
0.0,-1.0128152851412895,-0.2713737211552134,0.9957893363289455,-0.059236534222545406,-1.4830856257276894
0.39405640959739685,-0.7001903835439384,0.10809162261546748,0.17934046356210678,-0.6466281912791202,0.5079713638882309
0.7881128191947937,0.584823265405898,0.25049865203889915,-0.8025008598413885,-0.24762352449529043,-0.8044885017207148
1.1821692287921906,0.6128810662730236,-1.0705607338693572,-0.13398531901147592,-0.2591316334458473,0.8164512366252898
1.5762256383895874,0.528982639955623,0.8713615263006335,-1.20881970279234,0.39035689974495386,-0.9382937608570514
1.9702820479869843,0.8861677605791367,0.4237404726295117,-1.3731572037170323,0.45208701771422716,-0.40089880370055603
2.364338457584381,-2.160739099635415,-1.0952845909973998,0.21870924219625584,2.6401338221288624,-3.76194306382896
2.8537954688072205,-3.84598936555633,-0.31948844822541717,-0.282788173602793,-1.2876799384641322,-2.7337177604008445
