time,pulse_channel_1,pulse_channel_2
0.0,0.7029425566378703,0.37080440869528125
0.22353453934192657,0.18668788555474647,0.4230259533122185
0.44706907868385315,0.6518699766920542,0.4347915635298141
0.6706036180257797,0.448194696637467,0.4160208301512629
0.8941381573677063,0.20961163871720043,-0.3238197574129113
1.1176726967096329,0.2789712509588392,0.29361681509405935
1.3412072360515594,0.29646890954074956,-0.21469834703124072
