time,pulse_channel_1,pulse_channel_2
0.0,-0.6209956355061669,0.5562819684160166
0.31040534377098083,0.7064450797957491,0.9410806432444315
0.6208106875419617,0.40144128685389857,-0.6998832514859521
0.9312160313129425,-0.12772496615914047,-0.18216683905267897
1.2416213750839233,-0.919320104559588,0.27589140819900737
1.5520267188549042,0.3682675453012946,-0.5592145287342185
1.862432062625885,-0.5819962194968732,0.5576145920217922
