time,pulse_channel_1,pulse_channel_2,pulse_channel_3,pulse_channel_4,pulse_channel_5
0.0,0.8309360674828158,2.5547177015786206e-05,0.8309293420872431,7.150725472318311e-07,-8.608945101171815e-06
0.6382268071174622,0.4003095641996048,1.9008465799012888,-0.010588520268368007,-0.2391276664790754,-0.3949304746617404
1.2764536142349243,0.326539716175846,-0.5618188647151388,-1.1034000582514893,0.6331095447437717,-0.17135956613406517
1.7416778206825256,0.02549168987112413,-0.10863018762342308,-0.3214647345741277,0.7480997929945762,0.2597537152541833
2.206902027130127,-0.24762050215349618,-0.16338953884213023,0.9907605577960052,0.6002406011851484,-0.3638551851370991
2.6721262335777283,0.7877503347519074,-0.6908748240753101,0.10207290488229045,-0.6426360847283795,0.7949283989562826
3.1373504400253296,-0.2501950662644608,0.3143495118779928,0.28600804579683664,1.0523688067003176,0.11774923934027036
