time,pulse_channel_1,pulse_channel_2
0.0,1.2508489354813759,3.842704863264369e-07
