time,pulse_channel_1,pulse_channel_2
0.0,0.5425883419974507,-0.7329465928433796
0.5482405424118042,0.6144560677679021,0.30092253451579365
1.0964810848236084,-0.15320158673853387,0.06973008326156611
1.6447216272354126,1.2155111899992888,0.8603797409677993
2.192962169647217,-0.6441303853080995,-0.30585488944200256
