time,pulse_channel_1,pulse_channel_2,pulse_channel_3,pulse_channel_4,pulse_channel_5,pulse_channel_6,pulse_channel_7,pulse_channel_8
0.0,0.6692161700906505,0.48934200419188206,-0.2590200827163904,-0.28646801472459854,0.9642691602284454,0.3953549808558264,0.3364197596815127,0.3891860884354097
1.7899595499038696,-0.04621883830621017,-0.5033471161175572,0.9376168393467956,-0.3214740161686439,-0.650112843613047,0.05758731186657773,3.1428914206269583e-06,-0.4136552865637681
3.17704701423645,-0.056423002411021814,-0.9415910277503018,1.2895827937421243,-0.3921165138514225,-0.6234181102754671,0.2116352354392434,5.263443317745315e-07,-0.04890224815376257
4.564134478569031,0.47739035029167204,0.0009206950509844112,-0.86644226508435,0.11886866871027207,0.37671614753131105,-1.1525510491853184,0.3652029170853511,1.0943840606383212e-05
5.951221942901611,0.3877137549509017,-0.09250069732028039,-0.2800934924322391,1.2442919608938816,0.05317454485007101,-0.226849450457328,0.2682732609166564,-3.796819211252336e-06
7.338309407234192,-0.5111526542222073,-0.39553336963302077,-0.9198778159445459,0.5168806914899603,0.35876200843407907,0.06401085748571445,0.6261015352708682,0.4701951305164636
