time,pulse_channel_1,pulse_channel_2
0.0,0.04721795271020325,0.25000656610489375
0.3749253451824188,-0.5809402012562646,-0.15542851681596545
0.7498506903648376,-0.5807748780107114,1.0360367954076388
1.1247760355472565,0.6360952467859975,1.2673600884548593
1.4997013807296753,-1.0769045767640728,1.352474686031093
