time,pulse_channel_1,pulse_channel_2
0.0,0.9125599013178779,-0.6449496121240264
0.4226990342140198,0.009949505248812536,0.941004276786491
0.8453980684280396,0.08076247908717955,0.19436394558588896
1.2680971026420593,0.5762431811771906,-0.06826934292087819
