time,pulse_channel_1,pulse_channel_2
0.0,1.170603832819728,0.07170933810493149
0.5086143016815186,1.0453565169126182,0.7618096554022005
1.017228603363037,-0.1528475662853404,-0.3573815395102359
1.5258429050445557,1.0646090973967,0.7734142421059848
