time,pulse_channel_1,pulse_channel_2
0.0,9.009113847846107,4.280201692674547
0.027602819725871086,8.467760256314213,6.352382011034295
0.05520563945174217,8.93832196101678,6.187987980631146
0.08280845917761326,8.199963291627917,3.0105274021914976
0.11041127890348434,8.901322729460388,-0.6534059496463775
0.13801409862935543,9.669826564541342,-4.1323049138367525
0.16561691835522652,9.66139798427118,-4.1111215706038
0.1932197380810976,10.881338819967358,-3.4883389225751156
