time,pulse_channel_1,pulse_channel_2
0.0,-0.2450716789056435,0.10122226317320418
0.08870720863342285,0.7286075679942917,0.44244179926458543
0.1774144172668457,1.0971928400047892,0.7211046927464053
0.26612162590026855,-0.12637448188720718,-0.2788760617763779
0.3548288345336914,0.9708290302162252,-0.826480919718197
0.44353604316711426,0.7072790121498114,0.5314054883945987
0.5322432518005371,-0.6963522876028803,0.6992711039728775
0.62095046043396,0.6735919486212393,0.05924136521064946
