time,pulse_channel_1,pulse_channel_2
0.0,-0.6176327883754944,-1.106609147277246
0.3695008158683777,0.5966934580355824,-0.5811396883324373
0.7390016317367554,-0.470833995221432,-0.05912588325311049
1.108502447605133,0.611542482135643,0.8791505126513356
1.4780032634735107,-0.24921653063731333,-0.5894423949020337
