time,pulse_channel_1,pulse_channel_2,pulse_channel_3,pulse_channel_4,pulse_channel_5
0.0,0.771205263900324,0.002429973053867196,-0.14865219172559738,-0.3483251732017131,-9.872205895056995e-05
0.4513191878795624,0.40541600361421815,0.541523367921667,0.31392859105103477,-0.961977981651157,0.00027097841171395563
0.9026383757591248,0.0001222651426058967,8.587069347474328e-05,-0.40885329286334937,-0.0009259091317202516,-0.5204382239656941
1.3539575636386871,0.00019642735871395459,0.5041041046597814,-0.4823972531476469,1.5580139199592216,-1.260324561273546
1.8052767515182495,0.3653989229928104,0.606475301505769,-0.13683181827276555,0.27391852699048574,0.406583601293465
2.390380382537842,-0.13090182611907886,-0.778243135147513,-0.35298514378580303,-0.0712940428052419,-0.40142083243437354
2.975484013557434,0.6473387013419922,0.29965359806186126,-0.11198468330388107,0.7572447190597845,0.20629666455757054
3.5605876445770264,-0.04752256920199773,1.130109505869471,0.8188503011612487,0.7928077241764444,-0.46471105881816194
