gen,nevals,avg,std,min,max
0,5,0.35942455778917987,0.00194651967968563,0.35594555709278947,0.3611693875508765
1,5,0.3623386750201419,0.00436461730705181,0.3545197194119939,0.36606534335391405
2,2,0.35967627059193585,0.01032807039775272,0.3394344882935729,0.36606534335391405
