gen,nevals,avg,std,min,max
0,10,0.35268376299033133,0.008727629945539097,0.3363241173768777,0.36175675269177043
1,6,0.3607702394617482,0.007160900742776853,0.3487273175233506,0.3725259577768992
2,10,0.3658383790974201,0.010888274301842815,0.3541461373177568,0.3858878342599568
3,5,0.36916369168214713,0.009839913253666245,0.3545510965391438,0.3858878342599568
