gen,nevals,avg,std,min,max
0,10,0.35539180873419307,0.010286409887764336,0.33986306698957436,0.3689891207173302
1,4,0.3662922106161778,0.005726305497649258,0.35293013857652006,0.37157613564634867
2,7,0.3695981491657442,0.025747431091488342,0.3211595550430859,0.4043580362578519
3,6,0.37177989351055923,0.024114393511159456,0.33041940263749925,0.4043580362578519
