time,pulse_channel_1,pulse_channel_2,pulse_channel_3,pulse_channel_4,pulse_channel_5,pulse_channel_6,pulse_channel_7,pulse_channel_8
0.0,0.0004163766635569821,-1.377717538347665e-05,-0.00018934082542732426,-0.6926932258839392,-0.3995150218472518,0.45063213080335596,0.885744859122492,0.5044805575526875
0.647723913192749,1.0450455290010932,0.4152730179873884,0.6508166946740218,0.23871355561230198,0.03774709585347286,0.41514541218175555,-0.39759735327531714,8.031735154131928e-06
1.295447826385498,-0.0046716587837029415,-5.6266789631605165e-05,0.003397140621516603,-0.5022208261648636,0.050575951108586155,-1.2220570904513248,-0.7616624913848437,-0.635573426905289
1.943171739578247,-0.8187414072665522,0.5818512463741065,-0.5157759657358869,-0.8191894189241293,-0.9891042782746442,-0.7775716545066932,1.3880525756407956e-05,-0.9581620202270013
2.590895652770996,-0.46157339072385695,1.1776304133284905,0.005413600543995059,-0.9663747170453267,0.3876491706102939,-0.7228395717604679,-0.188855244810063,-0.35912574867516983
3.8425294160842896,0.8621994343999383,-0.8969440251800721,-0.8731894414097296,0.2155440814280734,-0.6170364150709866,1.0018599758485691,-0.4571478172461754,1.1488342378312566
5.094163179397583,-0.3463914073808756,0.20028901926321233,-0.004932969926790206,1.421184172432219,-0.4549118798049355,-1.140817685712375,0.19770246811579428,0.20056745341372925
6.3457969427108765,-0.6073549722291822,0.6412378477311586,1.2467064400368633,0.7190509263191708,-0.4558393459129506,-0.009181514178047809,-0.7196531514737952,-0.4024131803023723
