time,pulse_channel_1,pulse_channel_2
0.0,-0.48336669243792807,0.02758135995147437
0.21956755220890045,-0.9542823716639266,-0.5246786105484308
0.4391351044178009,0.9409094701706132,0.7046170814976166
0.6587026566267014,-0.7173261962521591,-0.13221779466752
