time,pulse_channel_1,pulse_channel_2,pulse_channel_3,pulse_channel_4,pulse_channel_5,pulse_channel_6,pulse_channel_7,pulse_channel_8
0.0,-0.23312996302689915,-1.0186185145717846e-05,0.9308210527734928,0.4841542879293476,-1.4426598219462999e-05,-2.4979785735583357e-05,3.294758377680254e-07,-0.5373813022413034
0.4652094542980194,-0.17750712021100454,7.491173040953161e-06,1.2739735475858299e-06,-0.5072082487151498,-0.28411927732599424,-0.7906657388254921,8.668851227412203e-07,-0.4739714268583422
0.9304189085960388,2.4411488124130834e-05,7.999967993651309e-06,1.3163073673432453,1.597536597812445e-06,-3.087023861470432e-05,-1.969278652744454e-05,-0.6581827717162235,-0.8496870885776013
1.3956283628940582,-0.027215882859608957,0.4143068297556848,-1.5339702343537378,0.4136820209748663,0.7038649428463118,0.5890719038313529,0.04828276725900612,7.841938088325144e-06
2.004181832075119,0.3402253907663497,-1.3662069468317486,-0.6948168944233385,0.4379928343032242,0.1056273033956573,0.4385980986034414,-0.3903150605755691,-5.448814386986331e-07
2.61273530125618,0.59877982727794,-0.6558462025509334,0.8132147017015623,0.39194463054033774,-0.11477252332178635,-0.028609486568883544,-0.6766028030811235,0.7411511842661537
3.2212887704372406,0.4979957116064302,0.6839608460496504,1.5507739541137329,-1.6392643838933763,0.11202893026006533,0.09497128292337291,-0.25704208640349463,0.17334459028050797
