time,pulse_channel_1,pulse_channel_2,pulse_channel_3,pulse_channel_4,pulse_channel_5,pulse_channel_6,pulse_channel_7,pulse_channel_8
0.0,-0.294628709735843,-0.6241520685861417,-0.7173760621186079,-0.5605950057961947,0.7254546570856751,0.8955178248313661,0.41792558294029075,3.295628124716775e-07
0.1624481976032257,1.3103799814872614,1.1510645254301908,-0.6035718136098897,0.5281037434741026,-0.5788659097789595,-0.5513533154961872,1.3753490608774648,-2.915400674742319e-06
0.3248963952064514,-0.6974469751525978,0.9265401602003601,0.40475129387568703,0.25939091392992003,-0.018213392128909576,0.6703717913889214,-1.022477344952916,2.787300562369699e-07
0.4873445928096771,-0.5517385280581001,0.3136867401973178,-1.3429019283843349,-0.9848047008454792,-0.7190260348509684,1.1907670407280198,1.02837941903774,-9.490143075297822e-06
0.6497927904129028,-0.420006858723849,-1.2479134594926762,-0.49105092682397006,0.4253932465326325,-0.21770998745913434,-0.34484275207771226,-0.34674535954380775,0.10957961600438304
3.569337010383606,0.005582573219636921,1.475729047958533,-0.9084658594235896,0.30047391773065435,3.9089824625830194,0.1196841827058415,0.40136035383089097,1.0331027453999444
