time,pulse_channel_1,pulse_channel_2,pulse_channel_3,pulse_channel_4,pulse_channel_5,pulse_channel_6,pulse_channel_7,pulse_channel_8
0.0,-0.3893122363600359,-0.9452144635523256,-0.4571118257782295,-0.4044734938053618,-0.8916388489010781,-0.2997444488294883,0.4578062934997986,1.008779393911952
1.2077027559280396,1.2349431197622853,-0.4416602353331974,-1.2405304769329601,0.11347403798835112,-0.4406049074202621,0.08949053645885928,0.013987729296552414,0.01015566424657695
2.415405511856079,-1.6756420942166876,-0.356707267929142,0.06088511756686757,0.42553786788731895,-0.029151832048856352,-0.6735648198027228,0.3739189915295887,-0.13057202476643787
3.116401493549347,-0.6362878160210881,0.2802269273705981,-0.19692574312311018,0.34281751146128703,-0.735405183501963,-0.0931109978295606,0.026563899953033158,-0.23815181681312947
3.8173974752426147,0.6744424196139744,-0.7407997957581984,2.1034631941744815,-0.9356316537174246,0.020388718582387326,0.23984300873100386,-0.36531443035866973,-1.1192299377256862
4.518393456935883,-0.19435718699127968,0.5307139782215345,1.069708962626652,0.9943941128547484,0.014871579125939251,0.13996616808088072,0.003030953903751339,-0.29713727831283154
5.21938943862915,0.6298927762194584,-0.5689997532047069,0.04453594297367834,1.1171319793026473,-0.1394635885198265,0.8268200223164889,-0.5197325802391269,-4.86341958953383e-06
6.42709219455719,-0.43912372580033227,0.28486101426108623,-0.71306165986438,-0.4391242282286244,-0.18069203591410676,-0.13919125865254262,-2.57612898342444e-06,0.6550405151835631
