time,pulse_channel_1,pulse_channel_2
0.0,0.737181298703165,0.7346712078254882
0.07235421240329742,1.0709721732983548,-0.24931656120695794
0.14470842480659485,1.612972360968488,0.2783799827736282
0.21706263720989227,0.5818235971811548,-0.03257431734936728
0.2894168496131897,-0.16390689171216738,0.47338035398028466
0.3617710620164871,-0.4099279848133751,0.0033236688241232736
