time,pulse_channel_1,pulse_channel_2
0.0,-2.2764810480508824,2.359059298388177
0.48052844405174255,-0.7774168690380634,1.412209915681359
0.9610568881034851,-0.6969556679536595,1.0043258975753744
1.4415853321552277,-1.8223617889153187,1.6550250080970692
1.9221137762069702,0.8222776957923834,1.6953939959723534
2.4026422202587128,-1.1885087617341061,0.45653912027953103
