time,pulse_channel_1,pulse_channel_2
0.0,0.7664252006704636,-0.47570176961007166
0.554291307926178,0.45102581327245755,5.216661579846135e-07
