time,pulse_channel_1,pulse_channel_2,pulse_channel_3,pulse_channel_4,pulse_channel_5,pulse_channel_6,pulse_channel_7,pulse_channel_8
0.0,0.7720566380798494,-2.91735466655481,0.16686864029178283,0.34333981325399016,-0.6490674959799394,-0.8493580710619594,-0.48278970703524565,1.3589105640226145e-07
0.5776377320289612,-1.0181723275455656,-0.3122165412758419,-0.7644752256902347,0.33263866322419317,0.733239745569382,-0.016365974761294713,-0.8067818677749806,-0.0029380798265812116
1.6753553748130798,-0.15398552961744907,-0.35911489221131343,-1.263217365039498,0.3291694790005732,-0.0005683073563016758,-0.038300421106940215,-0.06140652211003004,-0.2246213427283876
2.7730730175971985,9.661768248523965e-07,0.7504154837865304,0.5054583156720291,0.11385702000486694,-0.8959582343300039,-0.02322618507997089,3.5616985725043344e-05,1.4014277880312007
3.870790660381317,-0.011871227826095936,-0.0015600763985218447,-0.7971083310839063,-0.7123892171039693,0.7124679288554202,6.676968122956948e-06,0.567665700736874,-7.824433645546714e-06
