time,pulse_channel_1,pulse_channel_2,pulse_channel_3,pulse_channel_4,pulse_channel_5,pulse_channel_6,pulse_channel_7,pulse_channel_8
0.0,0.9831868804722886,0.9800068020988235,0.3936813541618735,0.9831703912959194,0.29217891973362736,0.5098968105388427,2.074792507224224e-06,0.9475598948153738
2.697019100189209,-0.9990815084212589,-0.5826314905176854,-1.1532871480704907,-1.3473205588330412,-0.044361789636584346,0.012530066997824978,-0.569837144880029,0.8410182103895142
2.8992743492126465,-9.486006568526048e-06,-2.4379616064105494,3.090153199274716,-4.32622177783209,-0.409603692232439,2.03725368931962e-05,-4.146638084600567e-05,1.5378145104159476e-06
