time,pulse_channel_1,pulse_channel_2,pulse_channel_3,pulse_channel_4,pulse_channel_5
0.0,-0.41808076913602304,-0.35110181461884565,0.7895531919255689,-1.082573033194145,-0.29998945405109284
0.26687324047088623,-0.1586491024210074,-0.634392838473789,-0.3081914550874579,-0.38477005091604044,0.6064560085285868
0.5337464809417725,0.22422360229629099,1.035564407303704,-0.5743238152571308,-0.6804642408915212,-0.41161288482593034
0.8006197214126587,-1.0843631127433089,0.009420803955189088,-1.1458013462896144,0.1141772836358671,1.3292855874662395
1.067492961883545,0.13933030698164858,-0.01704498393937098,1.0218121715794226,1.1818513513590236,-0.7702873430757466
1.8102132081985474,0.36292341722372473,-0.46890335262781313,0.6578091180522557,0.18442006681222572,0.8971739065241904
2.55293345451355,0.3691014891673366,0.4043911975181832,0.668702790196685,-0.21969662660141168,0.5015430852992193
3.2956537008285522,0.7171112428621629,-0.5036236289734167,1.098461960049124,-0.040107445216041045,-0.462703795747138
