time,pulse_channel_1,pulse_channel_2,pulse_channel_3,pulse_channel_4,pulse_channel_5
0.0,-0.3571524994875002,-0.02969948060770223,-0.3571193268870218,1.0096764065048276,-4.786284043984589e-05
0.49498263001441956,-0.6600543361573804,0.6743108551518081,-0.00011035664834187407,0.00014734568996177397,1.5168894303463765
0.9899652600288391,-0.4392811051988607,0.43452983904353226,-2.2950354559829923e-06,1.6425288846732278e-06,-0.5067685039970659
1.4849478900432587,0.768258915540775,0.5966151301940534,-0.5718085133928649,1.0409378159246614,-0.4386036559734156
1.9330147802829742,0.4792367227576206,0.3169821281588636,0.23241024563593315,0.22686102514069745,0.6989940163344406
2.38108167052269,0.48794482474773165,-0.40492285648405424,-0.026842357580780882,-0.8543194442752187,-0.11665292374824347
2.8291485607624054,-0.1883264061635885,-0.8458745958369308,-0.060838287089964437,0.4570731484773362,0.4699184640502307
