time,pulse_channel_1,pulse_channel_2
0.0,-0.3420315693764352,1.732129349452566e-08
0.7309263944625854,-0.46224088437913313,1.2876740772696522
