time,pulse_channel_1,pulse_channel_2,pulse_channel_3,pulse_channel_4,pulse_channel_5
0.0,0.4536397766943302,0.6469307751282214,-0.25898101394853607,-0.5266986527166798,0.5237964374719694
0.6730844378471375,0.26263766945737765,-1.8693077624670085,0.26263548523608476,-1.2133058182649914,-1.6849394780642898e-06
1.346168875694275,0.44955502149091336,1.1731980980940004,-0.8469874404753843,0.13347811440557564,-0.12294181828552742
