time,pulse_channel_1,pulse_channel_2,pulse_channel_3,pulse_channel_4,pulse_channel_5
0.0,0.3051962139939807,-0.29625541366575214,0.3051976938605287,-1.7008442323691237,3.871913446112299e-06
0.5792222619056702,0.4909522925982871,0.9056625428582414,0.4306921225464092,1.4656168251721173,-0.9041678002860426
1.1584445238113403,-0.46351504347746264,-0.6945908756916965,0.40001813430788596,-1.0846923778145892,-1.0123427951142503
1.6928653717041016,-0.20110789872296025,-0.04161683160163201,1.1812015786523256,-0.5131248435891755,-0.06608680691465203
2.227286219596863,0.11751546438979796,-0.44728914203729464,-0.6525699998914067,-0.18735663750058856,0.004558251300351411
2.761707067489624,-0.4348853419670739,-0.0750513842080997,0.3904149382699339,-0.09031803054531283,0.29226464310501865
3.2961279153823853,-0.5317372727337903,0.8503873697839507,0.8897405134006007,-0.875003694931243,-0.8044155888585436
