time,pulse_channel_1,pulse_channel_2
0.0,-0.07970206498922176,0.45928409698093586
0.4816843867301941,-0.6221226133806271,0.43210294487282125
0.9633687734603882,1.241804889453864,0.8672396023147029
1.4450531601905823,-0.4965207300611316,1.1437899191258196
