time,pulse_channel_1,pulse_channel_2
0.0,-0.2006291008093746,0.10207615177546156
0.24807225167751312,0.2217466190367096,-0.1013070479797634
0.49614450335502625,0.9870094516284845,0.005298523240986187
