time,pulse_channel_1,pulse_channel_2
0.0,-0.6361790578085098,-8.645308599274216e-07
1.1789135932922363,0.35504510307202475,-0.23199176863809884
