time,pulse_channel_1,pulse_channel_2
0.0,-0.206652531416275,-2.608119454439788e-07
1.209753155708313,-1.643943541130864,-0.17499309282511225
