time,pulse_channel_1,pulse_channel_2,pulse_channel_3,pulse_channel_4,pulse_channel_5
0.0,-0.4452951924106203,-0.1507911566813195,0.8906039803761245,0.5040915825598259,0.29350027884104174
0.20813186466693878,0.711112401562254,0.08204560716935518,0.7564664904708006,-0.37634997797248304,-0.05155051278500341
0.41626372933387756,0.5292766854412723,-0.9073805715291855,0.4185632027619682,0.1573676048730329,-1.0118890850480589
0.6243955940008163,0.004993582481102625,0.5517910974064434,0.1982109263722666,0.45474734269956135,0.35994636132855123
0.8325274586677551,-1.0867943527792399,-0.8489856681665386,0.4245581641395752,-0.18249662603395883,-0.9831889534076235
1.040659323334694,-0.7364055934976452,-0.5022148230565908,-0.42387569552621723,-0.8861747426350015,0.14792496218241055
1.2487911880016327,-0.682884269172861,-0.6698566917061699,1.9988937003095943,0.16777446689022937,-0.6591334513410724
1.844486027956009,0.04967185401405646,-1.2438053171377281,-0.8437833785312492,0.012672834794456174,-0.09387665724948456
