time,pulse_channel_1,pulse_channel_2,pulse_channel_3,pulse_channel_4,pulse_channel_5
0.0,-0.6413395615829866,0.13312826644632197,-0.6413382507867993,1.8090883113358758,-8.342715587370171e-07
0.2756370007991791,0.7248125977808569,-0.15091972327908865,-0.4211687825371782,-0.32054415292278415,0.8233957787131575
0.4510713517665863,0.10775107189987232,0.225097589147958,1.113182255858469,0.4197276658689591,-0.8392104757313782
0.6265057027339935,-0.7355433180392543,-0.08179298169491549,-0.4865272639861236,0.9740011243564717,0.7473145274189916
0.8019400537014008,-0.12209668605214848,-0.6194066453780209,-0.23491646638219313,-0.7046588974329493,0.45403797436556215
0.977374404668808,-0.2557237377759208,0.4328153172824829,-1.0468367946230999,-0.9282091393135334,-0.3481256361099041
