time,pulse_channel_1,pulse_channel_2
0.0,-0.9357867701364443,0.5522939403652783
0.2268724888563156,-0.9268064092979228,-0.17978217706918587
0.4537449777126312,1.0020489621312156,0.9671394486311334
0.6806174665689468,0.29872862165960506,0.07639282111155833
0.9074899554252625,-0.7048284134331612,0.38577385672280057
1.134362444281578,0.2334991966745354,0.3293594644701004
1.3612349331378937,0.13506308713831253,0.3638383235437652
1.5881074219942093,-0.19345169920960734,0.89250335212907
