time,pulse_channel_1,pulse_channel_2
0.0,13.007615059637901,-2.54135131267046e-05
