time,pulse_channel_1,pulse_channel_2
0.0,1.0199891640200123,-2.6215152979616146e-07
0.24510060250759125,-1.3655454765500876,1.5155189459086122
