time,pulse_channel_1,pulse_channel_2
0.0,1.3873879113350347,4.671203919853696e-06
