time,pulse_channel_1,pulse_channel_2,pulse_channel_3,pulse_channel_4,pulse_channel_5,pulse_channel_6,pulse_channel_7,pulse_channel_8
0.0,-0.7551273514072514,0.18085215165091495,-0.02912159974464557,-1.0772772168003555,1.022585604748384,-0.37852102024339757,-0.00023425150574717438,0.7331306814886249
0.058625947684049606,-1.2788305900808803,-0.034305051324727324,0.15886554742045267,-0.5068152068007163,-0.30774795455937703,-0.08511005089136713,0.0005764961489161717,-0.3458084646426999
0.11725189536809921,-0.32171917686814916,-0.16783419422867282,-0.21800792362706614,-0.7541572562850927,-0.7565315456625833,0.5996697730397347,-0.0004351988546831602,-0.46650989671120613
0.17587784305214882,-0.26404123569849486,0.4426654967668022,0.34049852348263954,-0.9531629207540548,1.004564936039546,-0.20957988939668573,2.539135446676738e-05,-0.5672106767009758
0.23450379073619843,-0.4442090887554057,-0.4152301733846223,-0.23444452559726883,0.2566226063283119,-0.8789430041454241,-0.01037721844894596,-3.419728905243225e-05,0.596419213995359
0.29312973842024803,0.45091682416713597,-0.13737780197508764,-5.932427727611794e-05,0.5486847948448582,-0.8091897963300747,0.0885631743561055,-0.002956889029461311,0.9782058428821558
0.987307783216238,-0.31706086988316373,1.5844816165703326,0.03621408259513043,-0.35344338944482007,0.15412624868473956,0.7199284582757441,-0.30097070438411166,-3.904699397091816e-05
1.681485828012228,0.4219968423267791,-5.4709039444548235e-05,0.9003420321269504,-0.5837205512228283,-0.900342247140206,-5.321226583388991e-05,2.181356757536128e-05,-4.580450626375597e-06
2.375663872808218,0.0001925051801387356,5.515764478186947e-05,1.2784276146415074,0.4503755334767795,0.6300397673563514,0.6639495136327097,1.0766610695046401,1.4226440299798109e-05
