time,pulse_channel_1,pulse_channel_2,pulse_channel_3,pulse_channel_4,pulse_channel_5
0.0,-1.2066173073512119,4.559464979386783,1.2444917063055594,-1.7904141746203648,-2.705676073132514
1.154537320137024,3.3028503039405783,1.639799551023254,3.0485083387234804,-0.5177907079500927,0.6144640778492676
2.309074640274048,-0.7133707621743105,-0.6719117329893876,-0.7114718186233663,-0.6781354136739927,0.2558343313023755
3.0687676072120667,0.09219137689496391,-1.1173187629248928,-1.0492441644916695,-0.44800575282587823,-0.27038744939266834
