time,pulse_channel_1,pulse_channel_2,pulse_channel_3,pulse_channel_4,pulse_channel_5,pulse_channel_6,pulse_channel_7,pulse_channel_8
0.0,-0.6431972767915043,-1.0559242059017993,0.2489530492310985,-0.2948446646125746,-0.7946501927334515,1.0700508313432995,-0.7321555558306789,1.332593498816391e-05
0.4551129937171936,-0.38842869336200286,0.8355443088365336,-0.7624023949467555,-0.388425472155768,0.7133226562605163,0.791029890944439,2.0865657922526577e-06,-1.241758391002122e-07
0.9102259874343872,0.15221087525891155,0.03691515658810331,-2.4984023658127232,-0.28414396620274857,0.14702420187977217,-0.07278156236775044,0.1517335224961696,-1.0660238358817247
1.830109179019928,-0.7844932389023105,0.649790087251731,-0.09183877010747288,0.6447985762429445,0.007561545697443156,2.715177937916,0.08937024197378682,0.044821844175334996
2.7499923706054688,0.16130159678410663,0.9809206422615929,0.0050872770071798065,-0.7331202253206592,-0.5899428886037094,-0.0899536435520104,0.07209596639865833,-0.539643099814284
3.6698755621910095,0.7739578358318201,-0.14363243429172967,-0.011765515491198135,-0.6037907007168674,-0.47789789202709115,-0.5123752782868842,-0.41319369371867737,0.09609067044878129
