time,pulse_channel_1,pulse_channel_2,pulse_channel_3,pulse_channel_4,pulse_channel_5,pulse_channel_6,pulse_channel_7,pulse_channel_8
0.0,-0.17659964295790317,2.4112766043769867,-0.21114055335349366,-1.7889338689043595,-0.19855783309278754,-0.15390987192309036,2.1987154625034986,3.0362653906370927e-05
0.08567941933870316,0.5196801695781944,0.49970232205375803,-0.39332853062998296,1.295248759767157,0.319575853681552,0.6076727648781821,-0.5027120910207579,2.0394985923009203e-05
0.1713588386774063,0.8997208862572702,1.1882274110507312,0.08070559127021075,-1.6735279298635597,-2.2481764754698093,-0.3773158863095144,-1.9369774456999558,1.4348988423703188e-05
0.25703825801610947,1.334164035779288,3.6379313965338587,0.5150270803656309,-0.7887399254514982,2.546671758427418,-0.08778486437524002,1.454942184795391,-4.945519168676333e-06
0.3427176773548126,0.5984131897431318,-0.03276191005486623,1.3629112368619773,-0.7560383221573368,-0.3000936202896104,0.3974485972343023,-0.5143550471249949,3.381164309167729e-06
0.6949092745780945,0.01629671271646905,-0.3307451690598675,-0.03196496053168806,-0.554900199152751,-0.00492425865004346,1.4193185305648148,-0.04859227114597947,4.6418351844528645e-05
1.0471008718013763,-0.043449047895338565,1.1780906837612701,-2.266403685369213,0.42035622706120057,-0.7296161403951055,-0.03640289053810567,-0.09384477017945643,-0.19667599034394356
1.3992924690246582,0.8557366807318598,-0.7341722110991528,0.1486385140117854,-0.3118560166956089,0.897923500325437,0.05549816033439892,0.9906975304155455,-0.44412578145028053
