time,pulse_channel_1,pulse_channel_2
0.0,0.17228113310406096,1.250072653203613
0.29311680793762207,1.1321967809605875,1.2250796076214538
0.5862336158752441,-0.13248348854333167,0.9676560987070424
0.8793504238128662,-0.9323387973173918,0.7292380103094932
1.1724672317504883,0.23070628659143452,0.9894447289868405
1.4655840396881104,-0.3663382349344771,-0.5064580436482264
1.7587008476257324,-0.5271217245444912,1.4207363854546438
2.0518176555633545,0.3508895379243753,0.17748338502545535
