time,pulse_channel_1,pulse_channel_2,pulse_channel_3,pulse_channel_4,pulse_channel_5
0.0,0.9052195309971593,-2.14924184166167,0.9052240741300642,0.27254508459137766,-4.8753660894955e-07
2.5387113094329834,1.1823576576148294,-0.6045533660572633,-0.2870466945453326,0.2787566404015752,0.9930598657358892
2.680920511484146,-0.91411438162081,-0.500349718588573,0.06571196796021592,0.9297616834500543,-0.20053903151255706
2.823129713535309,0.3519687712771644,-1.1177034471643892,-0.5193960455980481,0.17546992366625402,0.8700662501584684
2.9653389155864716,-0.9808449988688727,-0.3732772805694314,1.0947701825711293,-0.6546810427003118,-1.0608413315450957
3.1075481176376343,-0.9531490465287518,0.5395086812970072,0.7373043305611308,1.2171303397634827,0.6887914783082645
