time,pulse_channel_1,pulse_channel_2
0.0,-1.425583259469299,4.667248172295737e-08
