time,pulse_channel_1,pulse_channel_2,pulse_channel_3,pulse_channel_4,pulse_channel_5
0.0,-1.026677615710415,-0.4190024360052134,0.30287725378021546,0.05044619859640685,0.4071544368563234
0.6444320678710938,-0.8229416231566913,-0.5603900925414458,-0.8229425324923639,0.5366073744653982,5.677048096626615e-07
1.2888641357421875,-1.2319277623403265e-07,-0.7034102795541066,-0.7034100484554582,-5.0440425359398594e-08,9.958021522916496e-08
