time,pulse_channel_1,pulse_channel_2
0.0,-0.6085077345584168,0.1129459997342675
0.38220730423927307,0.3334795892892195,0.34550017227842394
0.7644146084785461,0.4278510654522016,0.9182632918373446
1.1466219127178192,0.330080267591162,0.8062677229908454
1.5288292169570923,0.10106957688223071,-0.2356187156989396
1.9110365211963654,-0.0005286447370802875,0.4725183415027345
