time,pulse_channel_1,pulse_channel_2,pulse_channel_3,pulse_channel_4,pulse_channel_5
0.0,-1.364733707588303,0.0017697553622128123,-0.557793610699808,-0.30182741957237835,0.8549531163535811
0.30004945397377014,0.06628160249914114,-0.8344186059309608,0.06890036647144966,0.0007929582397544554,0.03249730901353275
0.6000989079475403,-21.171324985112093,-24.923247649314987,3.475921211850977,1.7759950229455275,17.45897628965022
