time,pulse_channel_1,pulse_channel_2
0.0,0.7241354439782577,-2.3567196658860434e-08
