time,pulse_channel_1,pulse_channel_2
0.0,-0.7229935214624437,0.8438827655458919
0.3155236840248108,-0.10623172614022057,1.0283901468544385
0.6310473680496216,-0.9560921747647119,0.20995706606764913
0.9465710520744324,0.08954305186984297,-0.48823612941200695
1.2620947360992432,-0.5440294757669671,-0.32193708664162757
1.577618420124054,-0.5772739061252076,0.5367483175509051
1.8931421041488647,0.9241170387811687,-0.5939255027669587
2.2086657881736755,-0.8964729353820095,0.2480128032824502
2.5241894721984863,-0.7764773776183388,0.389073789626576
