time,pulse_channel_1,pulse_channel_2,pulse_channel_3,pulse_channel_4,pulse_channel_5,pulse_channel_6,pulse_channel_7,pulse_channel_8
0.0,-0.2161834414479218,-1.1537890515573408,0.9075920054851448,0.039401611147390075,2.7998676973978327,0.014502461008157292,-2.574475903048012,2.2713652513029428
0.9525236487388611,-1.0137381136298307,-0.6035632435729227,0.3010111016702676,0.5821743624104997,1.629149649164219,0.6981264449126269,1.3490773432567895,1.2648418115614894
1.6651185750961304,-0.2962281488372564,0.35127565205952577,-1.6746163787198516,0.07407990091803424,0.48050200267473087,-0.18938955643710925,0.16883374015137909,-0.09488077945460265
2.3777135014533997,-1.1768694356269245,-0.6527956349596784,-1.1059761988669616,0.9497896611269744,-0.7960997708172349,-0.08673234916278613,-0.676777043614162,0.05665013814183536
3.090308427810669,0.28790205594121954,0.17003741079705584,-1.5553692882082082,0.5162609647611798,-0.61139233745137,0.13921566814467873,-0.35534978608463463,0.09724180110055254
3.8029033541679382,-0.19870953840293432,0.29687710488032415,-0.8853702489907912,-0.08874185507435782,-0.09600565740196455,0.40502729232353757,-0.2676581510189803,0.42144876631784095
4.5154982805252075,-1.0559424166103157,-0.9805205660098949,-1.0207854720083658,0.4452979397484407,-0.11267694301180686,-0.03472282946678928,-0.7104429065282593,-0.3819540274675397
5.228093206882477,13.02840038669892,19.966638414361206,15.064462498267725,2.0862199461574344,-15.105181501615455,18.670155050818654,-12.842478092186692,-14.59897845358304
