time,pulse_channel_1,pulse_channel_2,pulse_channel_3,pulse_channel_4,pulse_channel_5
0.0,-0.5365423602005575,-0.7343300699315445,-0.8690066402124105,-0.6543221162550172,1.1470295525717413
0.3089579939842224,0.46221815695287444,-0.4344967740114008,-0.4471263308226163,-0.07168353140611529,-0.21812965002286172
0.6179159879684448,0.27855804163391873,0.8915913372498431,0.4834828435366627,0.6788289560970951,-0.8993921613278685
0.9268739819526672,0.5483295408413409,0.6625075157030135,-1.094642511053529,0.4112464315517472,-0.8717894328769261
1.2358319759368896,0.36067044299875606,0.05118459598598647,-0.9928075958555262,-0.5286861251701376,-0.22491180425771806
1.544789969921112,1.0012120819201906,0.568753588565048,-0.8032049573807685,-0.24797339209547,0.6628101358950005
