time,pulse_channel_1,pulse_channel_2
0.0,-0.947066289305937,0.11530557519364892
0.26726654171943665,-0.6270476312620652,-0.5928299335858376
0.5345330834388733,0.4940410755962098,0.624016803466501
0.8017996251583099,0.9133537356261024,-0.5304935470218414
1.0690661668777466,0.6973375578355586,-0.20000508806851466
1.3363327085971832,0.7694467236014211,-0.2708150438763546
1.6035992503166199,-0.5687137442597107,0.4147042500371089
