time,pulse_channel_1,pulse_channel_2
0.0,-0.5410844812630475,1.3510756766224404e-06
0.6104248762130737,-1.5066701871875023,6.004198412737133e-06
