time,pulse_channel_1,pulse_channel_2,pulse_channel_3,pulse_channel_4,pulse_channel_5
0.0,-0.9556794071945091,5.9107663589898385,-0.8749300066941492,1.1891832633900798,0.22584781256791384
1.533094882965088,1.302564568536097,-1.4304720698557565,-0.47845833727465786,0.8944618681691651,0.9619659986896733
1.8889110684394836,-0.9521887563289335,0.3311707462915226,-0.006127977364099029,0.10947963523173267,0.3620748704464789
