time,pulse_channel_1,pulse_channel_2
0.0,-0.8793358360145396,9.30414132972191e-07
