time,pulse_channel_1,pulse_channel_2,pulse_channel_3,pulse_channel_4,pulse_channel_5,pulse_channel_6,pulse_channel_7,pulse_channel_8
0.0,-0.9365640653351454,-0.5553118311848171,1.8867961393648558,-0.3870281715089593,-0.1010073435456801,0.11223335339735413,0.5111187757971714,-0.26774372095850024
1.0465048551559448,0.3207624225332107,-0.00220307152115117,-1.2366540572905544,-1.8830710090152807,-0.00649953569156263,-0.05843172411911379,-0.05310016576576428,-0.7262247438200009
2.0930097103118896,-1.8493735857299898,-0.24193178047323322,-1.804431954715085,1.7337041268816173,-0.10426004892291235,-0.0015730710991935302,-1.2054145308209223,-1.445448838332681
2.637852728366852,1.913942207373657e-05,-0.05397256841049808,0.22942294589842455,-0.6882718814916067,-0.9161069352319497,1.0527329226209377e-07,2.2562734192686006e-06,2.528223665909082e-06
