time,pulse_channel_1,pulse_channel_2
0.0,0.7364201069974432,-0.11471973642625259
0.45746132731437683,0.0022116766033244122,-0.626667966841079
0.9149226546287537,-0.25849436478555143,0.11453486519541096
1.3723839819431305,-0.5918419285315476,0.13846752398282564
1.8298453092575073,-0.6927994528635951,0.8497290683201445
2.287306636571884,0.03257523217968794,0.6556511497797203
