time,pulse_channel_1,pulse_channel_2
0.0,1.2327556769867165,5.120554268196473e-06
0.43771132826805115,-0.6616028466342267,8.40816815210122e-08
