time,pulse_channel_1,pulse_channel_2
0.0,-0.4155133726323774,0.07967241500933418
0.30244866013526917,0.7310827063386506,0.02744403252090558
0.6048973202705383,0.1699149445166966,0.6323831070168475
0.9073459804058075,0.6132685437562714,0.08823291977235534
1.2097946405410767,0.5195594453225604,0.2555979399710994
1.5122433006763458,0.6497174364571421,-0.6031887350144292
1.814691960811615,-0.08208805209088761,0.5985655942595243
2.117140620946884,0.06339978619378378,-0.4020325729026113
