time,pulse_channel_1,pulse_channel_2
0.0,0.3550509580287496,-0.7127588881081308
0.1605665683746338,-0.012640858403076653,0.6480271007666417
0.3211331367492676,1.030120713672966,-0.44130368220672783
0.48169970512390137,-0.5177892736887871,-0.7916023047585764
0.6422662734985352,-0.46962741507934974,-0.8122974259368912
0.802832841873169,-0.40767159354059634,0.9371522968671913
0.9633994102478027,-0.6642767287255801,-0.916066233629379
1.1239659786224365,-0.7223937085310108,-0.920940378686195
1.2845325469970703,-0.3663831892300039,0.4846015905389022
