time,pulse_channel_1,pulse_channel_2,pulse_channel_3,pulse_channel_4,pulse_channel_5
0.0,0.902115316401558,-0.6344968673184819,1.0140280535621577,0.9682895785202049,-0.9152882901281454
0.3936971426010132,0.3265114766581881,-0.5113253828291423,0.29608071724484963,0.03364789234274974,0.5665184316634749
0.7873942852020264,0.9443477634985079,0.9065816334847763,0.6959449761427636,-0.12559666862096205,0.23945571479942687
1.1810914278030396,0.379132462081562,-0.11888457376475825,-0.033722074101348656,-0.8612827083115789,-0.2342100357652891
1.5747885704040527,-0.3191264241301887,-1.0105647062118182,-0.2068928919772265,0.14328046758103521,-0.2579214633720713
1.968485713005066,0.9486221631888754,-0.5094158414870166,-0.05551615435634603,-0.18270897816767614,-0.7483212318987195
2.362182855606079,-0.06679811310223052,-1.1497838522085384,-1.4474992017330504,0.09632980288147007,-0.42682451577065333
2.825400561094284,0.941451803039992,0.5615811107554174,-0.014060846946814545,-0.8337107839944686,-0.5863061802327937
