time,pulse_channel_1,pulse_channel_2
0.0,0.9264517164905414,0.537886606030516
0.23824161291122437,-0.10286836751416285,-0.5654897069421277
0.47648322582244873,0.5528549555245938,-1.1600757299310143
0.7147248387336731,-0.49152535251960416,-0.060298602126085385
0.9529664516448975,0.3631459097604936,-0.7616853675995129
1.1912080645561218,0.15464153196299255,0.11020774755896398
