time,pulse_channel_1,pulse_channel_2,pulse_channel_3,pulse_channel_4,pulse_channel_5
0.0,-0.6111385418321986,-0.4589847305789225,-0.6111385226855615,-0.3483165166589773,5.161808581498537e-08
0.8677739500999451,-0.7319724264963215,-0.659044008384002,0.9095483334337159,1.161892913238583,-0.3032221485058339
0.9996829479932785,0.4218942028184496,0.431454955021184,-0.6015097234677831,0.019648765794144398,-0.6306282828676699
1.131591945886612,-0.4582320780951106,-0.31599695090001595,0.4951831575978947,0.07575813916076561,-0.9502449339849075
1.2635009437799454,1.4109647996395056,-0.5177277003153485,1.2139682154517464,1.6025092673051224,0.4427049149188791
1.3954099416732788,0.7338925283979308,-0.36004029953091277,1.194010890619249,-0.21307023620888446,0.7580284930703018
