time,pulse_channel_1,pulse_channel_2
0.0,0.04479111995054038,0.6814558035396133
0.7321435213088989,0.34146305380236164,-3.50814790073994e-08
