time,pulse_channel_1,pulse_channel_2
0.0,1.2335972238556596,0.9080533061654535
0.201640784740448,1.080812269783631,0.2725759754718678
0.403281569480896,0.9887696943387497,-0.3782253141463896
