time,pulse_channel_1,pulse_channel_2,pulse_channel_3,pulse_channel_4,pulse_channel_5
0.0,-0.8920230018606393,0.5532971594758426,-0.7199288359939139,0.2013132058302885,0.2713287250766122
1.2609771490097046,-0.16488887990069603,0.36986030522278623,0.4474063260009979,0.03479862001400006,-0.14498203422007253
