time,pulse_channel_1,pulse_channel_2
0.0,0.05486823601622986,-0.7855395201558392
0.3297802805900574,0.25456468175004177,-0.6265434331921644
0.6595605611801147,-0.541926985769674,0.18573417483244056
0.9893408417701721,-0.412992788227724,0.7262496124849411
1.3191211223602295,0.7422182336590252,-0.22317720211033293
1.6489014029502869,0.5761033111999038,-0.9805478199018738
1.9786816835403442,0.39913867833351957,0.8356918678680187
2.3084619641304016,0.6106413520579995,0.5461635183364756
2.638242244720459,0.2327178871046665,0.8803910172470407
