time,pulse_channel_1,pulse_channel_2
0.0,0.8224300022380909,0.3557133045739065
0.3888397216796875,0.1979098174386306,-0.6614392332592978
0.777679443359375,-0.7483746387559372,-0.4164635079892849
1.1665191650390625,0.0481017418165458,0.6570899402698812
1.55535888671875,-0.5970046776640097,0.9081349352379253
