time,pulse_channel_1,pulse_channel_2
0.0,0.028991354438238328,0.721871199558228
0.31113508343696594,-0.20351762163990217,0.2794658194844468
0.6222701668739319,-1.3608663608286935,1.52739981661049
0.9334052503108978,0.7612239807497717,0.8845277840761147
1.2445403337478638,-0.470998987775256,-0.5829553674985977
1.5556754171848297,0.30730154290161266,0.20575978772599982
