time,pulse_channel_1,pulse_channel_2,pulse_channel_3,pulse_channel_4,pulse_channel_5,pulse_channel_6,pulse_channel_7,pulse_channel_8
0.0,-0.4745877338143548,-0.2701145463236599,-1.6364075237201714,-0.341208837374953,-0.9793050259053451,0.16289372643677408,-0.6402307141471877,-0.8864787103420445
0.656859278678894,1.2769804149781647,-0.5111060664399321,0.4383148995925172,-0.06260001400992388,-0.4655265504592789,-0.7006741223569469,0.7869928854975683,-0.689601620840318
1.313718557357788,-0.4549584430476051,0.831775356136593,0.06989145481468625,0.9777576826677318,-1.1499411449463366,-0.1844068909038625,-0.42053336813660447,-0.03254792997635761
1.9705778360366821,1.441839354186584,1.2250489349680929,1.2479440354627338,-0.7771904318427887,-0.24978767860619536,0.18613524244816246,0.7543390198070598,-0.294491428804124
2.627437114715576,0.571166089189745,-0.6674886406276815,-0.8852663649970223,-0.28921346882846377,-0.20249878371710126,-0.8478421368867066,0.44935538929509805,-0.11215327396164707
3.290906012058258,-0.4216103531030147,0.4650736359673906,-0.049373054897364994,-0.39588153507482693,0.17381572347744567,0.1964816987034341,-0.6837368943997175,0.9104515413358462
3.95437490940094,-5.995770906300977e-05,0.03050943834212786,-0.18841589964639982,-0.9419689895597005,-1.507393330950665,-7.476028749789002e-07,-2.0880286617559605e-05,-3.5793911473208285e-05
4.617843806743622,-0.18879000947271193,0.14383789909304323,-0.03169781440368118,0.729545031098752,-1.4995267571484607,0.7526263483956472,0.003979124312183869,-0.02729136363380106
