time,pulse_channel_1,pulse_channel_2
0.0,-0.7426435892954244,-0.40776777906064626
0.9189409613609314,0.21845946786453133,0.8491025041831283
1.8378819227218628,-0.22706696387175418,-0.22049938789201923
