time,pulse_channel_1,pulse_channel_2,pulse_channel_3,pulse_channel_4,pulse_channel_5,pulse_channel_6,pulse_channel_7,pulse_channel_8
0.0,-0.9319819995235904,-0.8755942823022257,0.5627985092005557,0.15766710064325157,-0.14361354081105684,0.516866139744003,-0.7165641889258239,-0.6523573843076627
0.6970038414001465,-0.5293698001755297,0.5309147663412273,-0.350469769572532,-0.07473847541205243,-0.1650344700058846,-0.3265694792951112,-0.060373823172703,0.305202164369662
1.394007682800293,-0.25466525710354254,0.3207644353119864,-0.7993853128836101,-0.6704051407212831,-0.6042906919565235,0.4854587948318493,-0.4323097905732334,0.3552317824572993
2.0910115242004395,0.8571958546972341,0.7528916387247171,-0.8552468958997022,0.5441611654802988,-0.5581693335579897,0.32373634329613615,-0.5906819388585395,0.2810089310814621
3.5122344493865967,0.12167711108973223,-0.1040740657754001,-0.6540930574628026,0.4466293828855425,-0.010929406586114174,0.23003235541247494,-0.04721279547644548,0.23419835498686944
4.933457374572754,-1.0800753683487256,0.700238535372851,-0.46659025583664626,-1.3514769425355904,0.9650809456100847,0.1252827539855673,-0.8785495210225629,-0.627870470568886
6.354680299758911,-0.12795996648334143,-0.07148916593764984,-0.24414507834327023,-0.4682917353905859,0.6616967192405326,-0.6522503932384028,-0.1664962430375787,0.1024105593926185
