time,pulse_channel_1,pulse_channel_2
0.0,-0.29721869646947124,8.810687920209287e-08
