time,pulse_channel_1,pulse_channel_2
0.0,1.3031891854545246,-0.42948632149357197
0.4398530423641205,0.9776226387946328,0.805113533304377
0.879706084728241,1.342713189561082,-0.3819080292882909
