time,pulse_channel_1,pulse_channel_2,pulse_channel_3,pulse_channel_4,pulse_channel_5,pulse_channel_6,pulse_channel_7,pulse_channel_8
0.0,0.6336505990151841,0.432694157757726,-1.5567671100431624,-0.14456294563903593,0.6995725316156318,-0.7516590892072169,2.1982174379666,-1.200257996596973
2.2035088539123535,-0.1385290057163145,-0.31495835564368946,-0.4223563142842352,-0.09141164104317114,-0.5065393164472319,0.7164878467309848,5.511233488385765e-05,1.4577066051635665
2.5314220190048218,0.8114424315949452,0.2110306699371536,0.28388810339354603,1.290825755170677,0.6065045085624067,-0.011873946465092286,-4.4852419984339265e-06,0.30721322458659134
2.85933518409729,0.13854943936003905,0.9309409200415413,1.4401490799432124,0.09150474767100496,0.3182253113010965,-0.5590907433896541,3.2137614674212673e-06,-0.5570037229430549
3.1872483491897583,0.5097085226292988,0.21251661913894113,-1.2902789918513995,0.7000652293879436,0.012062351087198655,-0.06202352069219683,-0.09757514860366244,-0.22236768344184898
3.5151615142822266,-0.15550503964425696,-2.3249025767148286,0.5839091808794649,-0.715358521577646,-0.028180221528828996,0.05929305866446603,-0.25578249508797263,-0.5167116732864462
3.843074679374695,-1.1688550725805988,0.2950978114221646,-0.9003979864826939,1.2737694628623766,0.07362409733646706,-1.2734059372253548,0.41105373235317283,-0.0705475034908071
4.170987844467163,0.8824755431306873,1.7302894683573285e-05,0.021904109371859028,0.88247643863202,-1.3023751988679717,0.6213054179347951,-8.503599290395954e-06,-0.34227364930254783
