time,pulse_channel_1,pulse_channel_2
0.0,0.2904148523312849,1.3429986638439513
0.9082267880439758,-0.7890602888055227,0.24586025519143773
1.8164535760879517,-0.07371558672600667,-0.824809181328872
