time,pulse_channel_1,pulse_channel_2
0.0,0.008853495071538178,4.0861213406098125e-07
0.8184377551078796,-0.31431373541390345,-5.099083822709922e-07
