time,pulse_channel_1,pulse_channel_2
0.0,-0.7954971146925739,1.5548053499694803
0.38230079412460327,0.6768382833341517,-0.6175379688164301
0.7646015882492065,1.2491771174828268,-1.117071536174475
1.1469023823738098,0.5503521094573369,-0.19154918252066452
1.529203176498413,0.39001328580869016,0.3230215014409345
