time,pulse_channel_1,pulse_channel_2
0.0,0.09544395710405136,0.4439613793322968
0.4386202394962311,-0.779019582198292,0.1364271043357437
0.8772404789924622,-0.25145296024591424,0.7722014949386276
1.3158607184886932,-0.6154849149811201,-1.4690276821008392
