time,pulse_channel_1,pulse_channel_2
0.0,0.677825431121099,-0.40058466569004575
0.43468961119651794,-0.37853769845797103,-0.39902744445540483
0.8693792223930359,-0.37729140636534175,-0.7017408010396168
1.3040688335895538,0.7408607474768347,-0.6359569792053383
