time,pulse_channel_1,pulse_channel_2,pulse_channel_3,pulse_channel_4,pulse_channel_5,pulse_channel_6,pulse_channel_7,pulse_channel_8
0.0,0.593518940628369,0.8687112129849586,-0.26211882495217603,0.1489784139263543,0.918457396885033,-0.1519148331375362,-0.019812142696328028,-0.21004485886219848
0.2154945284128189,-0.5985480528525479,-0.869052823439335,0.2620985468261767,-0.15026209255957737,-0.9189572852136998,0.1518598496329007,0.01992852701780247,0.2101716962410987
0.4309890568256378,0.0050232190113092415,0.8207072488654192,-1.9757009173953264,0.001260623410716153,0.8208292481516557,-1.216602017637047,-8.917855989682625e-05,-0.0001061296309484823
0.6464835852384567,3.749034216948495,0.8098367585647342,0.4414259294519255,1.2490257428071023,-0.49625222754961523,-0.5256418864372432,-1.721011967700284,-1.0334834111039384
3.5451361387968063,0.3454427075083222,1.4719393289803953,0.4592814680257239,1.1140720635580903,-0.14909759810557982,0.222798298039448,0.1414820647196065,0.20399158408491455
6.443788692355156,1.0731547135712574,-2.0804492588454055e-05,-1.797612983380413e-05,-0.44073195906500384,0.5247328988165844,1.7955076157638052,-1.342602948807264e-05,0.9706726348470919
6.659283220767975,0.4471865933610538,2.009416918874021,-3.8685938410051895e-06,-1.0704597527754884,6.370140619756641e-06,-1.8816726362839267e-06,7.949652239967417e-06,-1.1601066969725016
6.874777749180794,9.41208791292396e-06,-2.0094178543412595,-1.1601053475235112,1.8138128015423567e-05,-4.2176098903548665e-05,-1.6970446480894118e-05,1.1601244296506215,-9.089695659827507e-06
