time,pulse_channel_1,pulse_channel_2
0.0,0.17757550154195828,-3.149659620766509e-07
1.40785551071167,-0.6345134303605863,0.31924933158266744
