time,pulse_channel_1,pulse_channel_2
0.0,-0.0472823363047878,-0.1422992665890428
0.23080188035964966,0.043156360157692225,0.18390066060397486
0.4616037607192993,-0.39974266111597917,0.4244236140095027
0.692405641078949,1.0358524472501518,0.3698818198710807
0.9232075214385986,0.7134061503408428,-0.5347258293554594
1.1540094017982483,0.32006478255429227,-0.49650939652865894
1.384811282157898,0.2855360271090815,-0.2536755648869175
1.6156131625175476,0.7722978736712942,0.22384808486788843
1.8464150428771973,-0.449855686883706,0.1593099973575707
