time,pulse_channel_1,pulse_channel_2,pulse_channel_3,pulse_channel_4,pulse_channel_5
0.0,1.4794706391558387e-06,-1.21502532950392,-4.399379059378007e-06,-1.5876106622820865e-05,0.40476156460018514
0.5885409116744995,0.39378328206139845,-0.8625403577676827,0.3328101494879085,-0.5049703487455802,0.5781675192939598
0.7162673771381378,-0.9893749178623923,0.41303484811135655,-0.7314823588405275,0.6018830832050734,1.137117147492523
0.8439938426017761,0.38555549743075473,-0.5734371698070269,0.15272426119218568,-0.8855422605610412,1.117132217868549
0.9717203080654144,0.817401451868428,-0.005665120803381371,0.030745549590532963,-1.0866479596904937,-0.9732347667318796
1.0994467735290527,-0.5841704957376376,-0.3938866705293053,0.8714958147007691,0.41551932691955223,0.9038709067920861
1.227173238992691,0.40453327603482425,-0.23138816991939315,-0.9742579634680033,-0.013310157116810507,-0.09566777783899537
1.3548997044563293,-0.7248972805880785,0.44657412128144364,0.9350498759939578,0.349364269183495,-0.13045475851419877
