time,pulse_channel_1,pulse_channel_2
0.0,-0.8995285907544284,-1.0394677488154636
0.09784102439880371,-0.8913371808984628,0.617365331041445
0.19568204879760742,0.19294246054652667,0.6827382632379899
0.29352307319641113,0.20864301245205916,0.42997683096855754
0.39136409759521484,0.7590710345457089,0.863623536652256
0.48920512199401855,1.037821425314555,1.2656151834160796
