time,pulse_channel_1,pulse_channel_2
0.0,1.0185795868573906,-0.13753617120477118
0.21937893331050873,0.5395905008292112,0.42586555139471755
0.43875786662101746,-0.38277535339004964,-0.47175532156410044
