time,pulse_channel_1,pulse_channel_2
0.0,-18.28087926320885,-3.695163810255519e-06
