time,pulse_channel_1,pulse_channel_2,pulse_channel_3,pulse_channel_4,pulse_channel_5,pulse_channel_6,pulse_channel_7,pulse_channel_8
0.0,8.20898218854251,-0.018381983734855764,0.005885106368311542,8.390281730028455,0.5309036940721749,-0.5426306875920118,-0.00012834298903837096,-1.816678701538633
0.05806339159607887,7.1953591159413355,-0.03539473672149316,0.011241100805070866,5.669410585519994,1.0445617977281507,-1.0201297048104376,-0.00022022311741986262,-3.489916329220895
0.11612678319215775,5.845781897376649,-0.029852309954729768,0.009542026075419485,7.166510404746264,0.8651996717567789,-0.8780099602270612,-0.00022055927315785257,-2.9513307029581783
0.17419017478823662,-0.12142973064885756,-0.6258777134682646,0.0007315640474696201,0.27889518104554784,-0.23999927521500594,0.09219979806970668,-0.114046708470408,-1.8828383979900374e-06
0.9010086767375469,-0.4029986520701555,-1.5128531168441273,0.004719924330455511,0.7657402471974186,0.022238487089883543,0.595721484110716,-0.29799395111840826,6.076635183526049e-06
1.6278271786868572,0.005332672283389104,0.00331269193122104,0.23855055205804024,0.47864268522972747,-0.05403132181514245,0.003235610058863068,0.08270663748304262,-0.6256830985526731
2.3546456806361675,0.0017875995839321862,0.8169156589548224,-0.8191518995272563,-1.0498586319309597,-1.2707925935072926,0.1964358742378294,-0.7655183419057466,-0.253439882592571
