time,pulse_channel_1,pulse_channel_2,pulse_channel_3,pulse_channel_4,pulse_channel_5
0.0,0.02212207037504199,-0.38611339192028893,0.7483995578680362,0.21881816476258076,0.6428296254817929
0.40323472023010254,0.1848758923038911,-0.20997813859698222,0.11046317854623834,0.2768977706298256,0.9329482316432429
0.8064694404602051,0.872066308417417,0.5099709453451583,0.9430384009021413,-0.5440697731657101,0.23022377935495683
1.2097041606903076,-0.35907111554547655,0.2807180878171918,0.7272175274418433,-0.4752109988896246,1.5607850082406882
1.6129388809204102,0.15995355504712924,-0.42067133017320696,-0.5492630892624709,0.7737602334925276,0.26402504908253216
2.0161736011505127,0.37420949306605306,-0.31540430019728855,0.28291054971094665,-0.9198316703099635,-0.5115105854184386
2.4194083213806152,0.40360203571581343,0.5034953352501346,-1.7681134578297522,0.023783797290489916,-0.22063960296278173
3.065064311027527,0.6388383106133169,-0.44589349885313745,-0.21762411972189294,-0.39518533299373937,-0.5810944970368275
