time,pulse_channel_1,pulse_channel_2,pulse_channel_3,pulse_channel_4,pulse_channel_5
0.0,-1.385952124045778,1.2956268243140798,-0.44566014404912874,0.12368724029180965,-0.7711852946776561
0.14720530807971954,2.829390536492225,-1.0033882459305161,-0.865607781404165,-0.6264350819197306,-0.39357356204960475
0.2944106161594391,-1.3859696962691992,1.2955856992071995,-0.445692519387868,0.12369212250425778,-0.7711661796657795
0.44161592423915863,-0.36034879577844614,0.5972017279809184,0.4580737524780402,-0.11070511130336867,-0.19213143820696013
