time,pulse_channel_1,pulse_channel_2
0.0,4.190770741027106,2.5919728752715773e-06
0.41758406162261963,3.1643379762714576,1.70002856630383
