time,pulse_channel_1,pulse_channel_2,pulse_channel_3,pulse_channel_4,pulse_channel_5
0.0,-0.19611566342946404,0.12613810738712342,-0.8481336487997669,-0.07118872356985614,-0.21865937001341787
0.11094934493303299,-0.6802589050294111,-0.19106653030523632,0.47115042376134825,-0.4807368384087882,0.5278216414383406
0.22189868986606598,-0.2605285598390018,0.1459119498051805,-0.706316610438015,-0.003394567950162839,-0.34400137768197503
0.33284803479909897,0.12631530995630258,-0.11681003036878283,-0.0698282298045109,0.7657904463895098,0.31734909240643994
0.44379737973213196,-0.32130771112456796,0.15095858638052037,-0.5607726093708311,-0.7160501234014385,-0.55519839142796
0.554746724665165,-0.33699063489955366,-0.10011033419127133,-0.08256100367616315,0.5841899887097716,0.3169590401354954
0.6656960695981979,2.577352584133196,-8.367213251795002,-1.6183885034637358,-0.9707262777359339,2.474560497157464
