time,pulse_channel_1,pulse_channel_2
0.0,-2.507493946669582,-1.1556979362696784
0.02748066373169422,-2.9643981034263183,-1.308110845894668
0.05496132746338844,-3.200352385168484,-1.1248400206461033
0.08244199119508266,-2.6985866869112116,-1.4478245399466576
0.10992265492677689,-3.8990355836955866,-0.7732930149999125
0.1374033186584711,-4.0064163766538465,-0.0323824595500779
0.16488398239016533,-4.109316256438794,0.39029639016526985
0.19236464612185955,-2.5005538274632486,0.9316550188730847
