time,pulse_channel_1,pulse_channel_2
0.0,0.15822764213673435,-0.9938907253644531
0.3870536684989929,0.15585750952734023,-0.12729336655320525
0.7741073369979858,0.13946804583660832,0.5942326154924561
1.1611610054969788,0.32261027698727673,-0.7136657337427585
1.5482146739959717,0.4861507696406423,0.5241236502652998
