time,pulse_channel_1,pulse_channel_2
0.0,-0.5372334014777795,7.813479909133593e-07
0.46536940336227417,-1.0680317055141586,0.11671750279853998
