time,pulse_channel_1,pulse_channel_2
0.0,0.5147433969269836,-1.245120700740634e-06
1.0805078744888306,1.567610587843535,-2.831898055986764e-08
