time,pulse_channel_1,pulse_channel_2,pulse_channel_3,pulse_channel_4,pulse_channel_5,pulse_channel_6,pulse_channel_7,pulse_channel_8
0.0,0.8366302959959259,0.8354284208387059,-0.2303938730708533,0.5503113368671598,0.8938510672032716,-0.9048370680003465,-0.8019651255538796,-0.46795336069258836
1.0749008655548096,-0.76123238811004,0.49543682226557567,0.3819295670194192,-0.4981547737380128,0.3022066910153671,-0.4298682629531724,-0.011071806223291306,-0.7145726736037503
2.149801731109619,0.43509369000523723,0.765577241459022,-0.6790459549025066,0.5415603543319055,0.6276520822052389,-0.32801242528311875,1.9451063821965116,-0.8034870720363161
3.106266140937805,-0.22910790624317287,-1.3907748892336227,-0.2690251858942888,0.261391911443771,-0.09568628094755452,-0.004692133810022772,-0.22075647738913853,0.2606684191667081
4.062730550765991,-0.609968767215665,-0.15708112967839308,0.23603323053144368,0.35340305901222774,0.019074392992668266,0.9971764755635192,-1.1885615584891056,-0.1485338103399003
5.019194960594177,0.5450696777660077,0.6313358210576867,1.0861327659826034,-1.0078010775264057,-0.0525517312214583,-0.24412161007372965,-0.5235893694598168,-0.35639578516972314
