time,pulse_channel_1,pulse_channel_2,pulse_channel_3,pulse_channel_4,pulse_channel_5
0.0,-5.987667886273142,3.6907570482074785,-5.027671606831514,1.4226486629148591,-1.6568435829665942
2.6341335773468018,-0.5229333513943882,-0.051332521707949566,1.1242150600937706,0.10132281741965107,0.3534661898926465
