time,pulse_channel_1,pulse_channel_2
0.0,-0.8192637137282973,-0.53677771218392
0.08893150836229324,-0.6351147119500206,0.15619372201153142
0.1778630167245865,-0.21581948544899637,-0.6186425946975014
0.26679452508687973,0.38900190124395895,0.38974420766390405
0.355726033449173,0.03046465633149495,-0.19016083515556148
0.4446575418114662,-1.29507417769653,0.48177318406676856
0.5335890501737595,-0.8646178845497982,-0.31331861772766
0.6225205585360527,0.23690393674521878,-0.007548870159632893
0.711452066898346,0.3490553588160079,-0.30804290255134553
