time,pulse_channel_1,pulse_channel_2,pulse_channel_3,pulse_channel_4,pulse_channel_5
0.0,-0.2794498714069656,-0.7195352251880194,-0.11859969516150382,0.2185522129029348,0.17310933992561922
1.6159113645553589,-0.238396382877293,0.5512408619903498,-1.16951270385298,0.02743411565415907,-0.11362960098836532
1.8609407097101212,1.0392014794403728,-0.045810741608018866,1.0873113499485967,0.21274280310234808,-0.6283423698355137
