time,pulse_channel_1,pulse_channel_2
0.0,-0.49725995681314206,0.6501399152149263
0.2372020184993744,-0.7660715926180452,-0.18768352750603365
0.4744040369987488,0.6727254488023038,-0.842502042975768
0.7116060554981232,-0.13553050816107706,-0.7966485364982842
0.9488080739974976,-0.18178160571312188,-0.03661090853578461
1.186010092496872,-0.7267831343305892,0.34738913305550106
1.4232121109962463,0.6210616263800189,-0.16503499908416808
1.6604141294956207,0.9255646410495348,0.5308561537274769
