time,pulse_channel_1,pulse_channel_2,pulse_channel_3,pulse_channel_4,pulse_channel_5
0.0,-0.11918536872303034,0.09664582201602347,-0.8710932444536822,-0.500255988923361,-0.6888165088179324
0.18728703260421753,0.6574700467436314,-0.17828246389738805,0.010780079274430907,0.29116246939404794,-0.03822045898616067
0.37457406520843506,-0.6905422594486949,-0.1207810829362567,0.42980318605570905,-0.4446164886142982,-0.4711506185627368
0.5618610978126526,-0.9765420310030185,-1.123237357251705,-0.9140736624990422,0.19737350378305699,-0.04424072983898846
0.7491481304168701,-0.7883170047831416,-0.12556525473948876,0.13633940422534405,0.42216528455492985,-0.6649347982904527
0.9364351630210876,-0.9315283450642708,0.054928487754866424,0.4823782488743831,-0.780303004777534,-0.5519597822277098
1.1237221956253052,-1.4901208635663672,-1.6336975746953624,3.644991234613612,0.015191970422697156,0.7955064378927065
