time,pulse_channel_1,pulse_channel_2,pulse_channel_3,pulse_channel_4,pulse_channel_5
0.0,0.034922750940820355,-0.4047134856548688,-0.8496773813548157,0.18047132713433622,0.6469933693070843
0.3452243208885193,-1.3264493068587913,-0.8060602356854406,0.3834548179894556,-0.4796893348079491,0.3491455053641244
0.6904486417770386,0.01461627294843231,0.2524671416065627,-0.32582230500106235,-0.2944406587637407,0.2723828389950193
1.0356729626655579,-0.4666119003118876,-0.8608524289394804,0.48851772682096256,-1.2480765807060064,-0.5225451216304602
1.3808972835540771,-0.4594722276884745,1.3316927944273378,1.0224972527049174,-0.5077870387476956,0.8141326909199059
1.715401291847229,-0.3877171634565896,-1.2214543296148153,-0.8470809316125332,-0.0898531410710662,-0.3624639507857236
