time,pulse_channel_1,pulse_channel_2
0.0,0.4428101016160022,0.8312634556549294
0.40755125880241394,0.4009353225276821,0.6597946744224816
0.8151025176048279,0.744394595323789,-0.4660581939632582
1.2226537764072418,-1.1576799099250994,-0.6882441701244313
1.6302050352096558,-0.7750036928279503,0.693139393986337
2.0377562940120697,0.5095858401408623,0.7888753953175158
2.4453075528144836,-0.767830950676548,0.3897037737617269
