time,pulse_channel_1,pulse_channel_2,pulse_channel_3,pulse_channel_4,pulse_channel_5
0.0,-0.7258327243713584,0.029814354992651657,-0.7258326526225541,-0.40950994524464424,3.473922533956639e-07
1.2177518606185913,0.3675220109257512,9.74965911541773e-07,-1.3883542251051058,-1.1463174672286565,1.5894449147449528
2.4355037212371826,-0.7019818476943421,0.05481318227685619,0.8782608550088192,0.4055275306836689,-0.07886008308403354
2.863300234079361,0.33216111710431667,0.4649697489792692,0.24569888477635204,0.3430242657287232,-0.7762611390934185
3.2910967469215393,0.6599180174443989,-0.005015989746871629,0.94812756725867,0.31154773538130415,0.2966815752087591
3.7188932597637177,-0.583386053995336,0.8404838788527811,-0.19234730619972865,0.09414526693290505,-0.10372222487181089
4.146689772605896,0.8105164779089372,0.6959948148709443,0.7206114181257138,-0.7485315218097901,-0.7587640221143722
4.574486285448074,0.05028530249160666,0.8255901849973304,-0.14480140384305085,-0.6711833934254725,0.6700491698412948
5.002282798290253,-0.9061669800006805,-0.18280041877120493,0.09132337316032314,0.9345141992755872,-0.6582299197050588
