time,pulse_channel_1,pulse_channel_2
0.0,-0.4620242146462914,-0.10150840229468223
0.3514173924922943,1.5579740166998832,-0.09185449763569885
0.7028347849845886,1.2130292838329515,0.4157712437813272
1.054252177476883,1.6529930187745838,-1.8061920976123664
1.4056695699691772,-0.18404717162024936,1.1890577610934914
1.7570869624614716,0.9491667520197297,0.9551895860286206
