time,pulse_channel_1,pulse_channel_2,pulse_channel_3,pulse_channel_4,pulse_channel_5,pulse_channel_6,pulse_channel_7,pulse_channel_8
0.0,-0.13135196881669362,0.22462858041865771,-0.888012404158139,-0.13134990145696265,-0.23398151463201386,-0.4810773208969798,-1.8601134783811159e-06,-0.6747486045768816
1.3458685874938965,-0.5647907918113533,-0.9774680934010804,0.5990988509897607,0.17655997995411885,-0.18989111537482417,0.9805824090159474,-0.6832398967073048,0.5051186057800834
2.691737174987793,0.4081927476836114,0.21133501015901265,0.10025574331593638,0.9934810509861496,0.09934641059998574,-0.9316492786181994,-0.32895915055073793,0.1604261515908436
3.2015907168388367,-0.444995156578502,-0.7671248433649305,-1.1593491355589864,0.2877236240383122,0.3942706676683698,-0.22914099767976334,-0.5915428195623278,1.4738913663537558
3.7114442586898804,-0.7989221452217311,-0.8391334156328464,-0.1627939258961046,-0.3761959775591302,0.23803308808852824,0.277767091446179,0.9986960200808205,-0.9915361786536061
4.221297800540924,0.4155941496521647,-0.42618307191749394,0.02599498081278243,0.7668941623223621,-0.4783516569357488,-0.19788667627858264,-0.03555742201191222,-0.35543714560656975
4.731151342391968,-0.8685627861609839,0.09175534195331678,-0.9245071652442488,0.008756808924101338,-0.12141459457534691,0.0004124087586123374,-0.6596513128635497,0.9235479641055749
5.2410048842430115,0.4873737903690465,0.4455093947025171,0.4217400683317045,0.013590022246695446,0.2126437609991113,0.03157484296599127,-0.9865298475761816,-0.08645292520993124
