time,pulse_channel_1,pulse_channel_2,pulse_channel_3,pulse_channel_4,pulse_channel_5,pulse_channel_6,pulse_channel_7,pulse_channel_8
0.0,-0.8901689913492106,-1.8657865705574548,0.42958080224640116,-0.2297676823520809,-1.0094020118443798,-0.2218472271236154,0.9367124209807312,-1.4557922335172272e-05
0.31117624044418335,8.05164648776003e-06,1.7042964761559962,-0.4295821640794739,-5.373747418922168e-06,1.7042646309440856,0.2218490098475698,-3.453280680643237e-05,1.4847383616584303e-05
0.6223524808883667,-3.9172270451055015e-07,0.37760381388714687,-0.19699799054313108,9.988775963071815e-08,-0.7551455887702864,-0.08770046409729061,-3.4251468790622852e-06,-0.27411661788833647
1.2950823307037354,-0.7355603322827299,2.3572386587422822,0.3709393380774184,-1.4804102392275706,0.2685457054942939,0.005276977182052588,0.26943355971224975,-0.3696620386579569
1.967812180519104,-5.120790992155495e-06,2.788349812453595e-06,1.0811971600358574,-0.37558896767546335,-1.231222447555548,0.10162646465192755,-0.6800269112291049,-2.6989549905753305e-07
2.2789884209632874,0.5680948730726139,-1.4464525764171474,-1.0811970686173205,0.5680919789587514,0.6997161637667516,-0.10162527107421537,-1.5631847276783378e-06,-3.445096147855326e-06
