time,pulse_channel_1,pulse_channel_2
0.0,1.020439793252438,0.01489784225995847
0.055546682327985764,-0.0695441021933153,0.5306143495750651
0.11109336465597153,0.5210184588310343,-0.11511958519856186
0.1666400469839573,0.6039465661719279,-0.27420903157645565
0.22218672931194305,0.16761600344425295,0.21578129114350728
0.2777334116399288,0.5351036005673072,-0.44332766221365877
0.3332800939679146,0.7429120799409364,-0.03178415863273302
0.38882677629590034,-0.037763438624294064,0.28978399556578355
0.4443734586238861,1.0601303359812446,0.159990719488475
