time,pulse_channel_1,pulse_channel_2,pulse_channel_3,pulse_channel_4,pulse_channel_5,pulse_channel_6,pulse_channel_7,pulse_channel_8
0.0,1.103487747896029,0.9132487563476324,0.949042192539134,0.8205784118448486,0.6095514043294253,-0.5444297284266295,5.8279439771684985e-05,3.3218772649162453e-06
0.45537757873535156,-1.1049862417216954,0.7503677755224479,-0.15718014807193034,-0.8380311021659137,1.0968175829050006,-1.083320784869055,1.5765390506946202e-06,3.624120601508139e-05
0.9107551574707031,-0.3779745654403389,-0.7503255239109111,0.5346385772158851,-0.38171856197208376,-1.0968342743435318,-0.9658480160158451,-0.00011294442903695705,-1.8043102524522084e-06
1.3661327362060547,-0.5925273250474227,-0.07741442185472235,-0.17150452242464642,-0.18772847190358466,-0.6057289485815409,6.727359531983888e-05,-0.7043769688238662,-0.001636797986966106
1.783665657043457,-0.9343317190298,-1.0608689182337254,0.012361410413532793,-0.09418521840841775,0.03622984742371299,0.01831074292504932,0.020692035972414983,-0.6144664750947066
2.2011985778808594,0.025278743226539398,0.9111939256313566,0.7609213945684792,0.009702311601650327,-0.10106022896647793,8.428617709652768e-05,0.26085500494473346,0.017926983138745852
2.6187314987182617,-0.9275324840897244,0.3041808740684809,0.03585493917263342,1.5412636440626186,-0.0016187843871979973,0.0023448546210148445,0.05567257972475563,0.3241989215386768
3.036264419555664,-1.756392273988693,0.2925386414873085,-0.7403574142841187,0.8147696318476045,0.08969640070323798,0.03235249610650678,0.6045047757290205,0.7004623837277943
3.4537973403930664,0.9114831465356387,0.253139510135211,-0.6613334995638845,-1.4693808634311498,-0.029925809764976344,-0.0018982925407394224,-0.2689587540517028,-0.3866127195097236
