time,pulse_channel_1,pulse_channel_2
0.0,1.038988878754462,0.322794367143784
0.0972549319267273,0.45090932970355224,1.0595788168250606
0.1945098638534546,-0.9908981452263529,0.18439582057965465
0.2917647957801819,0.09657470742562956,-0.9911776122620639
0.3890197277069092,1.2346306422650646,-0.6505398591074684
