time,pulse_channel_1,pulse_channel_2,pulse_channel_3,pulse_channel_4,pulse_channel_5,pulse_channel_6,pulse_channel_7,pulse_channel_8
0.0,-0.8545532619654281,0.4280169892515368,0.003376703447970774,-0.33336022011755206,0.19238983061886333,1.016683596315074,1.1316816542836448,3.934710802598992e-06
0.9646435379981995,0.6044252932118893,-0.24705083958797244,-0.005213185666256985,-1.046506336955473,1.1647830188150086,-0.8439648363365263,0.6826703376448413,-0.0001277064580743669
1.929287075996399,-0.7104992857510746,-0.0858186227879167,-0.011212179912661449,-0.23624555685964957,0.013741808816807704,-1.7276640652712596,0.9312951593841745,-0.00022515940586124625
2.8939306139945984,0.7048651675814879,0.2541359280979948,2.482337048349461,-0.6301058449620937,0.1317955194994169,-0.4879531840622736,-0.38075898570513717,-0.6808055955848309
4.682112634181976,0.35030230761564446,-0.702458485789378,0.31646204253210897,0.6735281705222441,-0.7348957892993577,0.08884194543424143,0.6696479678575713,-0.9770522108804126
