time,pulse_channel_1,pulse_channel_2,pulse_channel_3,pulse_channel_4,pulse_channel_5,pulse_channel_6,pulse_channel_7,pulse_channel_8
0.0,-0.11773890929207506,-0.7507678884847662,-0.2797113510450279,0.15077622252373216,-0.280596031236473,-0.7990940509483954,-0.607624112653844,0.9998046643521743
1.478056788444519,0.7858196066717439,-1.0623128515031155,0.3569225949187167,0.37195581582746245,-0.04751630188659546,0.6058210903601674,-0.3948416545374285,0.7831721185941245
2.956113576889038,-0.5114132568949459,-1.0803387795322885,-0.9351132016841722,-0.6060995591188244,0.5821728915432594,0.8191262639739805,3.9892196009508026e-05,1.7348882208912874e-07
3.363510936498642,-0.8231104233497146,-1.4224472750708097,1.2370769408538167,0.13614432095167836,-0.48093825859905853,-0.003664810587186422,0.9381260473473654,6.579524424542849e-07
3.770908296108246,1.0714834209408817,0.9203397346579488,0.24847844480050038,1.2699399737063586,0.00010838022670135833,-1.212731036966742,6.257116075053508e-06,-1.7675038783088116e-06
4.17830565571785,-0.890914702105408,0.7873373077579894,-0.16876318958456454,0.4094131504738318,-1.175884834528079,-0.019499874589181662,-0.9820946108674978,-0.38780760264929093
4.585703015327454,0.5895784266949485,1.1836435505289806,0.027637077181645736,-0.9533976093832577,0.305754364098862,-0.02383487074591373,-0.6481037310961785,-0.20637844955101306
4.9931003749370575,-0.29111339028387195,0.30596748184183953,1.9707695526850952,0.025581420362124,-0.34494642512066687,-0.011208796955949106,-0.17061901653364087,-0.19727522512119136
