time,pulse_channel_1,pulse_channel_2
0.0,-0.7085734657186112,-0.8030058534144805
0.8768815398216248,0.774043516977251,-0.10257409059502981
1.7537630796432495,-0.27088560489909513,-0.4297341240148492
