time,pulse_channel_1,pulse_channel_2
0.0,1.4515655246200796,0.014751946367470178
0.7381458282470703,-0.33521392264406535,0.11997101777869565
1.4762916564941406,0.8321755945634889,-0.5195597380449808
2.214437484741211,0.9416299759730902,-0.2296104364982414
