time,pulse_channel_1,pulse_channel_2
0.0,-0.15274423630322922,-0.14287048380343428
0.042624469846487045,-0.5854657426285809,-0.6129834286575837
0.08524893969297409,-1.473744172130527,0.2964720214134847
0.12787340953946114,-0.45455993552931373,0.7460337404298597
0.17049787938594818,-1.0630040622355126,-0.7836331616119215
0.21312234923243523,-0.9416333766254913,0.2694786919625807
0.25574681907892227,0.11751597500693413,-0.18232090376636165
0.2983712889254093,-1.3719975706546828,-0.2791047021063483
