time,pulse_channel_1,pulse_channel_2,pulse_channel_3,pulse_channel_4,pulse_channel_5
0.0,1.2092573931753727,0.2745423703597588,1.0403355271490138,-1.3020195702140576,1.0124552631009305
0.6694631576538086,0.1928023763828443,-0.75888713055815,0.675908213901084,0.9266308178156775,0.19215431163342317
1.3389263153076172,-0.9507341560634825,0.3148910437097267,0.6440789708993212,0.07121368246173783,-0.24310056764365304
2.008389472961426,1.2708977017466019,0.634065538198683,0.640279152446981,-1.0458369293705905,-0.32141449313175996
2.6778526306152344,0.3460863086750409,0.24391365105349108,0.8459007424462697,-0.2669027778050242,-0.4694772820250487
3.2325225472450256,-0.19746451334030374,0.08904325457279945,-0.6997575778304437,-1.1256346332767493,-1.1826774893395795
3.787192463874817,-0.5703225898578524,-0.8740202032969279,0.19433113445728542,0.41994112330423716,0.40408177490396263
4.341862380504608,-0.8374983998249946,0.4647424200206929,0.4645778302140262,-0.2989157498019271,-0.24068838216224228
