time,pulse_channel_1,pulse_channel_2,pulse_channel_3,pulse_channel_4,pulse_channel_5
0.0,0.39777431774491967,0.6329031374639561,0.0836164362377618,-0.19883062525449874,0.38486993416961524
0.36374154686927795,0.469271603219233,-0.329518519645955,0.43501406641452733,-0.42669161910464043,0.13903492638780093
0.7274830937385559,0.18716573900010086,0.40073737986229685,-0.41504139676025836,-0.5482242822917353,-0.09184807800672883
1.0912246406078339,0.11255657834231368,0.8083172547094976,-0.8010652763422639,0.2145822931526007,-1.2112082623287534
1.4549661874771118,-0.4888569438764352,0.5747928819900656,-0.6449594365678779,-1.1763826088448763,0.356847464051373
1.8187077343463898,0.8050980289655852,1.1081750875477296,0.32854817705242617,-0.08101484245435973,-0.8828649377512591
2.1824492812156677,-0.5263485172582879,-1.1636226893011166,0.847352428133152,-0.5576048936294433,-0.28359744321398983
