time,pulse_channel_1,pulse_channel_2,pulse_channel_3,pulse_channel_4,pulse_channel_5
0.0,-0.45522607334781157,-0.6245970925534404,1.139648004478506,0.6002793185971315,-0.042228052203853166
0.1480763703584671,-0.7323696984455977,0.580719001715571,0.7696829169682586,1.1689021884335375,0.6644095492546338
0.2961527407169342,-0.38536685734828896,0.9845587445883505,1.090538022058429,-0.5459626223711105,0.34619394461169195
0.4442291110754013,-0.6743595051133136,0.8810857036069347,0.49129338186723664,-0.7758890284310822,-0.758893837775323
0.5923054814338684,-0.317596399007385,-1.1883327123226277,0.41494986550387947,1.169585039740711,-0.33958255995422787
0.7403818517923355,0.06302601339189569,0.4827369531965398,0.3374967918538524,0.7857260542183846,-0.5022688244310349
0.8884582221508026,0.3026765053062286,-0.5040904890528053,-0.19044735198301957,0.013911431817270333,-0.6378328702047469
1.054918184876442,-1.2838450359666145,0.40343326742081403,1.2754207185780562,1.0417456853350437,-0.44679441746361304
1.2213781476020813,0.30269895182298884,-0.5040972558679643,-0.19048177642573286,0.013908637258922706,-0.6378214953236829
