time,pulse_channel_1,pulse_channel_2
0.0,0.07418663251184175,-0.9730285872736181
0.40255171060562134,0.41251631599882654,0.9128403841075837
0.8051034212112427,0.6585511409534494,-0.10941406236667058
1.207655131816864,1.0698828338997008,0.7410711586889906
