time,pulse_channel_1,pulse_channel_2
0.0,0.7320898224405236,0.781813375856781
0.25825247168540955,-0.06636765055094483,0.9134229066627608
0.5165049433708191,0.5267833500179583,-0.1624114684913533
0.7747574150562286,0.07706881088506502,0.5927452960321349
1.0330098867416382,0.5380992397683816,-0.014312453238854215
