time,pulse_channel_1,pulse_channel_2
0.0,0.5712050790892714,0.8524262513612776
0.5021573305130005,-0.24206040544146154,0.012801640210699534
1.004314661026001,0.7452717879670909,0.03762512108739231
1.5064719915390015,-0.48286227546323846,0.9258938616097571
2.008629322052002,-0.596298460062867,-0.8001255070433505
