time,pulse_channel_1,pulse_channel_2
0.0,0.20440044666197418,0.08342011369457679
0.5516562461853027,0.9468670059534744,-0.5936539367933525
1.1033124923706055,0.24720686341860074,-0.8216501481448116
1.6549687385559082,-0.6359964436064973,-0.4693077553971205
