time,pulse_channel_1,pulse_channel_2
0.0,0.5548128922002,-0.0012236284624446388
0.44884684681892395,0.39754566808177133,-0.8965507128611298
0.8976936936378479,-0.4117064713636579,0.8891530499285624
