time,pulse_channel_1,pulse_channel_2,pulse_channel_3,pulse_channel_4,pulse_channel_5,pulse_channel_6,pulse_channel_7,pulse_channel_8
0.0,0.20741616713899902,0.8448669312535121,-0.02201388421204523,-0.5451821584050387,0.08243604040195916,-2.049453477750318,0.11356238419158907,-0.004330169050729868
0.3184194266796112,-2.72544286201074,1.515125348463479,-0.9088205539273139,-0.2909134734830962,0.23231356137871506,-1.4260625742030177,-0.4784262492625775,0.000332429269281083
0.6368388533592224,1.4489628548879716,-0.00022174044979731748,-0.4515988877202761,0.32702786794105887,-0.7793862274229074,0.9210554625437013,0.218319923689426,0.9808536048476132
0.9552582800388336,-1.5402288586793718,0.0005127556443258923,1.2156911618895858,-0.8682036822011497,0.7328518811804093,0.6250459455699097,-1.2188137363243974,-1.1114947965015571
1.2736777067184448,0.16337543107292796,5.424586950444275e-05,-0.3152924212913451,-0.8737512121899841,-0.5265990716774245,-1.9588127567959348,-0.34715639417906347,-0.28932516110840784
1.592097133398056,1.1742244807009794,0.000456685506801179,0.33941921457289415,-0.9686182015579574,0.6885388013783111,2.2610819922869863,0.6900339569815723,0.8723348319600868
1.9105165600776672,-0.43407024267042993,-1.2118905035006104,0.8793828963133065,0.28263457015214044,-0.5422680327021816,0.865148542398885,0.7976487926378089,-0.5493262604399346
2.815930426120758,0.6840117546498796,-0.47374546192725714,0.99765075820975,-0.5089330783478123,0.18791813767256943,0.11918659377376653,0.9958725455978441,-0.48113475633866937
