time,pulse_channel_1,pulse_channel_2
0.0,0.5186529395666757,-1.0118307156752457
0.2040654420852661,0.1485147407370542,-0.30605861241336996
0.4081308841705322,0.8882936346057643,-0.18114933306199937
0.6121963262557983,-0.46521023937184475,-1.1700050723728368
0.8162617683410645,-0.41808415927540354,0.6961689552374158
1.0203272104263306,-0.03061228229274132,-0.7337781940474771
