time,pulse_channel_1,pulse_channel_2
0.0,0.6262219436113763,0.02178112424482742
0.4066491425037384,0.3088948040083128,-0.8263723463546099
0.8132982850074768,-0.26136473759897993,0.8466045990662995
