time,pulse_channel_1,pulse_channel_2
0.0,0.5177037249242271,-0.0827958963951255
0.4538995027542114,-0.17231505938719355,0.6454134298318236
0.9077990055084229,-0.47763008049761607,0.33054631717040617
1.3616985082626343,-0.44522072075233426,0.3745533044626217
1.8155980110168457,-1.032107918611245,-0.45867109346187834
2.269497513771057,0.14389709710019846,-0.6996686918809878
