time,pulse_channel_1,pulse_channel_2
0.0,-0.42751556271525176,-0.8227626679315991
0.06242300197482109,-2.0531061185401507,0.6460842516113883
0.12484600394964218,-1.586146319744279,-0.7225426260066395
