time,pulse_channel_1,pulse_channel_2
0.0,0.35409309595551325,0.02266974702430823
0.45739465951919556,0.10221615984448638,-0.48751791145098844
0.9147893190383911,0.2625642507543942,-0.7514788898973225
1.3721839785575867,0.35462244915678803,0.4568986532402781
1.8295786380767822,-0.648102022692897,-1.2744672760598346
