time,pulse_channel_1,pulse_channel_2,pulse_channel_3,pulse_channel_4,pulse_channel_5,pulse_channel_6,pulse_channel_7,pulse_channel_8
0.0,1.234416221377498,-6.790847450136339e-07,2.131444862275161e-06,1.2344134126464295,-1.753818641386415e-06,-1.8898305648561915e-06,-4.299146292823376e-08,1.069412410477792e-06
0.14320692420005798,0.1831585318906211,0.8859969815899218,0.39422552866916194,-0.18557319124451785,0.538343610092274,0.9556892308524089,0.7426843762774541,1.0125061599316072
0.7000743448734283,0.7354605132826105,0.7418331839340889,0.5658933114674156,-0.3344112722639281,1.1859422964661341,1.700587228885717,0.5476007677093548,1.0524000675112388
1.2569417655467987,0.4391777643936388,-0.2554735286303065,-1.2117556037600883,-0.5666379722543903,-0.016298559317003355,-0.24499646164936448,0.18416388087807842,-0.45711052326899926
1.813809186220169,0.7176513269496209,0.47430467013529853,-0.002372728825829409,-1.35959714952346,0.5037843579704053,0.6018548737721263,0.7587815811077306,0.07048863730272843
2.3706766068935394,-0.560573729750337,0.38916134874870395,0.007068921237051792,-0.5350639847479787,0.5944054206586661,0.10761810446670796,-0.35756190846947355,0.571208461263388
2.92754402756691,0.16165682300448964,0.33733912295270785,0.008690136114885,0.8124469627110741,-1.3559703033309731,1.055296663165998,0.028434844379954163,-1.0684446307852649
