time,pulse_channel_1,pulse_channel_2
0.0,0.6803173123087225,-0.1386086302360315
0.045950088649988174,0.2111973840349869,-0.3829868999689031
0.09190017729997635,1.7260940462426533,0.19801811892245377
0.13785026594996452,1.3276164688380203,0.15466483718978385
0.1838003545999527,0.31963181335356483,0.09307560237587172
0.22975044324994087,1.1975844652693772,-0.532251293889611
