time,pulse_channel_1,pulse_channel_2,pulse_channel_3,pulse_channel_4,pulse_channel_5
0.0,0.6636538487571071,1.1678222457770826,0.1328220160031106,-0.31736351590055856,0.4698918854299142
1.1375123262405396,-1.0673962482257064,-0.23588035052934486,-1.3656810711285472,-0.4595190476717825,-0.8599121900036576
1.332892432808876,-0.38802951833285515,0.8901153789068437,2.5554665161488286,0.14521365757839158,0.6350574532042824
