time,pulse_channel_1,pulse_channel_2
0.0,0.9207464586195061,-0.3227133107594866
0.4989931583404541,0.18306396002520298,-0.6054788700551141
0.9979863166809082,-0.23507884674512364,-0.3372796284386356
1.4969794750213623,0.4065563677310183,-0.4502657458807873
