time,pulse_channel_1,pulse_channel_2
0.0,0.7984533995961612,1.3123350680308337
0.13649801909923553,0.5692442724510384,-1.0790496513481613
0.27299603819847107,-0.8875143205538157,0.5070695584430327
0.4094940572977066,0.5314241707538855,-0.09969964597939233
0.5459920763969421,-0.12738961810560664,-0.25082291255408706
0.6824900954961777,0.10863262602229681,-0.7996037957741212
0.8189881145954132,-1.3697458595303924,-0.9073458035847416
