time,pulse_channel_1,pulse_channel_2
0.0,-0.7518923989729983,6.23584240336348e-06
