time,pulse_channel_1,pulse_channel_2,pulse_channel_3,pulse_channel_4,pulse_channel_5
0.0,0.005789582252026903,-0.00606328937476955,-0.6204141955266588,-0.6991564518778233,0.6412354255429332
0.38617029786109924,0.5985762927329292,1.2212062949801075,-1.1445014644346,0.42689816001439246,0.0002797311519697317
0.7723405957221985,-0.007623049510048074,0.007872416485732054,-1.0406105681253532,-0.22618506804298555,0.5112356520254734
1.1585108935832977,-0.45796581216746235,0.5399918640391156,-0.45799661544125925,1.1702596768493267,-6.10861353488858e-05
1.544681191444397,-1.0247562269936557,1.3148666791745882,-1.0010128053312077,-0.290818551050295,-0.827598553546781
2.3593441247940063,0.1893598138270355,-0.32777932019274525,0.05932047855258819,0.30078357341045825,0.7042113476724569
3.1740070581436157,-0.29490669702906075,-0.9189309896299703,-0.054833684200482416,0.7218013727482939,-0.7616913721430603
