time,pulse_channel_1,pulse_channel_2,pulse_channel_3,pulse_channel_4,pulse_channel_5
0.0,-1.3326647027139114,-0.659620993791863,0.3167509340611768,-0.49728758154699837,0.7242104071028548
0.303413063287735,-0.8247321320312319,-1.1361804699245277,-0.7353021795231702,-0.13745248247050026,0.26312318535418283
0.60682612657547,0.3976331516673136,0.8847938464706157,0.7309680196134224,0.3816364942030751,0.23144971206322157
0.910239189863205,0.5466486018607846,-0.5332221438848674,-0.7169081190142971,-0.08862464824313188,0.4745707417311506
1.21365225315094,0.09544141362568657,-1.6400490883393128,-0.3008958803182509,-0.5032185254105476,-0.4092262940565054
1.264838419854641,-0.4875666628395955,0.42300174765285664,-1.706938725347005,-1.6454148135972129,-1.662224527785856
1.316024586558342,2.4590806375895413,0.7075947749627275,-0.8874007173024571,-0.760281384377191,-0.6772923419465302
1.367210753262043,0.3964120851001994,0.009540415715867237,2.861193314756829,0.3447386795192887,0.466901066585855
1.418396919965744,0.07364787501281869,-1.4728198396521903,-0.13301880014066814,0.015689635019881795,2.265130214649326
