time,pulse_channel_1,pulse_channel_2
0.0,0.7016154698557512,-1.4782920675196923e-05
