time,pulse_channel_1,pulse_channel_2
0.0,0.5863654322159786,2.0267370299439496e-07
0.42635494470596313,-0.5674913991028929,1.0262812991285508
