time,pulse_channel_1,pulse_channel_2,pulse_channel_3,pulse_channel_4,pulse_channel_5,pulse_channel_6,pulse_channel_7,pulse_channel_8
0.0,0.1313416748713461,-0.8093324697899366,-0.6544116197825429,0.44499891907102124,0.5413028651205857,0.5615630866867554,-0.6767965843385342,0.39015228897189697
0.9117844700813293,0.37073216281930693,1.328677614124104,0.9224804290456469,-0.020159070295468262,1.0967963109458878,-0.7221189446221249,0.6874073739222241,0.01250617438466128
1.8235689401626587,-0.21965917918290934,-0.7860867684224827,0.8266994880696231,0.7151674368091274,-0.8518011855501263,0.07919178920572718,3.6698813733666296e-06,-0.352253722030189
4.496862292289734,0.5613663725150222,-0.8901381828145563,0.342938954281478,0.25501994649269033,-0.20202243767553874,-0.15708407932727533,0.4154442714942102,-0.2367881402002372
7.170155644416809,0.5816382206770313,-1.0621714385620755,0.5887307542111093,0.5816388268018229,-1.0176829715324407,0.682500635567926,2.2069568173358966e-06,1.1537150680772381
8.081940114498138,0.8455315801844373,1.2423473013443926,0.1635996597794467,0.16163176332253879,0.41654515916802926,-0.5234025114479376,0.29434874273747896,-3.5232622418965072e-06
