time,pulse_channel_1,pulse_channel_2,pulse_channel_3,pulse_channel_4,pulse_channel_5
0.0,-0.7215965751810469,0.7669725089359124,-0.36529453984277416,-0.21452705127090085,-2.9144441395303684e-05
0.09244831651449203,-0.2597944173607415,-0.48732227531542405,-0.5455426091988204,0.08190878011940707,3.767340813464742e-05
0.18489663302898407,0.022182798367123183,-0.7524546757104791,-0.5092690550780778,0.25493659608949054,-3.1375217977869455e-05
0.2773449495434761,-0.5708939546427785,0.15795560901516667,0.20064096585767513,-0.1735771794166691,4.107140285050859e-05
0.36979326605796814,-0.5219337062418136,0.31047631175188745,-0.6066708051466277,0.03190945793561345,-2.864817578884597e-05
0.4622415825724602,-0.5673746068387674,-0.3578612689240813,0.7603367789117024,-0.6374283142048078,1.5235864008320121
0.7759604081511497,0.3153349783364999,-0.22686243107660367,0.8579155962760588,0.8388940853962105,-0.7279123960521732
1.0896792337298393,-0.4371955703939253,0.9764512821599035,-0.8942184877409414,0.056245120011357716,-0.4799280471386866
1.403398059308529,-0.24564384906499398,1.1023830955041856,-0.21562187513749187,0.2456833673960396,-0.1514806828236297
