time,pulse_channel_1,pulse_channel_2,pulse_channel_3,pulse_channel_4,pulse_channel_5,pulse_channel_6,pulse_channel_7,pulse_channel_8
0.0,-0.017981917518264105,-0.7808487940292681,-0.5593646847511751,2.208504727617163,-0.7808517219112046,0.47863430810456425,-4.591138102811031e-06,-4.802809988849956e-06
0.6791699528694153,-0.3724220627193262,0.799930260164135,2.4241528219418544,-0.1707553155254827,0.6694540413059512,0.2963135654476986,-0.044046260323991504,-0.5743592322151744
1.0116028487682343,-0.9946314693936394,0.3888963525338127,-0.6406144929068982,-0.4544975327496701,2.2311020313415257,0.010436698845247686,-0.0944080254396042,0.327356010840572
1.3440357446670532,0.7600477496704856,-1.4442398594706598,-2.8239615365289388,-1.8169121825081547,-1.3652561421790281,-0.7747350578716894,-1.3221575374551653,-1.7602853775787541
1.6764686405658722,-0.7632517002032411,-0.002186850199986582,4.1853185462837735e-08,-0.6955119984463763,0.37878697436417486,0.11164908731927893,0.003937516912323312,0.7400847872006326
2.008901536464691,0.03656883787241691,-0.7876200173670364,1.0354810112922486e-05,-0.6567966725771498,0.15442503891688478,-0.5183352454887646,0.7161577753573687,7.024846623862389e-05
2.34133443236351,-0.8172237455028686,-0.08512761491478903,-4.503645678863007e-05,-0.5881584957693754,-0.5022831130878247,1.0249302933491462,0.06901221505403518,-0.017785228207693137
2.673767328262329,1.3014107092984963,0.02852343559980185,-5.873459400597536e-07,1.3014269127566367,0.7356410488793086,-2.994444793261546e-07,1.3382013121924373e-06,-1.6565931840804675e-05
