time,pulse_channel_1,pulse_channel_2,pulse_channel_3,pulse_channel_4,pulse_channel_5,pulse_channel_6,pulse_channel_7,pulse_channel_8
0.0,1.004434154851283,-0.6266967245328895,0.06831773542868237,-0.6225097843843558,-0.6266823501005212,0.5868834424203581,-2.6580675901651333e-06,-2.1393922616927952e-05
0.8462413549423218,-0.7356293998553644,0.5915150951504806,-0.6453141545195245,0.2649656928282489,1.0446805625259328,-1.6509030851461837,-1.2443145950510754,-1.4663223116159229e-05
1.6924827098846436,0.33476819160233245,-0.788498834717616,0.8684020682952331,-0.3936516198390732,-0.08982007185898548,0.012631779051840252,0.6580006723494883,0.42098637393533167
3.0934078693389893,-0.049783148448481335,0.19778285413808272,-0.32231509077371495,-0.13157436724510638,-0.8129915937107691,-0.12205186848260398,-0.4495702425484677,-0.10620170518628502
4.494333028793335,-1.9511175409334593,-3.566778408002083,-8.57695509561821,2.518229041236623,-2.082689756589568,-3.0877602424102846,-1.233330644190181,-0.2179978723476143
5.895258188247681,-2.1306733948668457,-1.587404848733051,6.068319465906451,1.7997799544335809,2.9932045050172884,2.679139691205206,-2.018628145783846,-2.4412507219012487
7.296183347702026,-1.3787295143611207,2.2268985441940856,-0.1996457918345692,-1.2265398267796097,-0.36504422892146615,0.55609783447167,-0.40028288646345106,1.2718933975440358e-06
8.142424702644348,-0.000602576806071631,-0.8781365849839005,-0.9494150955116807,1.18224599505027,0.122837188189255,0.7035737890719049,-0.0036358990092313784,1.4712048815602047e-06
