time,pulse_channel_1,pulse_channel_2
0.0,-0.8708770986586575,-5.493665421729948e-06
