time,pulse_channel_1,pulse_channel_2
0.0,0.8205299312410617,0.008910132383533028
0.11374650150537491,0.11394228632534437,0.2586341778051076
0.22749300301074982,-1.1106577507334972,0.3584281653843996
0.3412395045161247,0.47541627108099593,-0.5673875168179284
0.45498600602149963,1.3371063940868326,-0.32176803381370495
0.5687325075268745,0.3795769096629506,-0.20966449570428664
