time,pulse_channel_1,pulse_channel_2
0.0,0.0025381839586485697,0.13694524986697273
0.45919689536094666,0.0407320923179778,-0.19197966119675494
0.9183937907218933,0.6122904244967521,0.5484408308878124
1.37759068608284,0.6805700778632978,-0.2795190868764547
1.8367875814437866,-0.31853397930232663,-0.787776542345793
2.2959844768047333,0.1610294658753658,0.5648346083000093
