time,pulse_channel_1,pulse_channel_2
0.0,-0.27524806529321655,0.10615210804581261
0.1466168612241745,-0.24146075016032914,0.814694998282436
0.293233722448349,0.030526575940735344,-0.6138042854081618
0.4398505836725235,0.07556708840310733,-0.34105911303344144
0.586467444896698,-0.15683475119995716,-0.6252817966502512
0.7330843061208725,-0.922039935919287,0.7752635992091323
0.879701167345047,0.24087099074679916,0.18007211953102983
1.0263180285692215,-0.7494510346082194,-0.6466301441337321
