time,pulse_channel_1,pulse_channel_2,pulse_channel_3,pulse_channel_4,pulse_channel_5
0.0,0.3348695609430359,-1.6619624905936288,-1.3484599386263523,0.10769645886354753,2.019372141810124
0.048110056668519974,-1.241864948720848,-1.5717571439499118,-0.6632228285558546,-0.6661129580508043,-0.06610082242521549
0.09622011333703995,-2.8191516797447265,1.064876037001137,-1.304014473594429,-0.7434188963033113,2.1467521200906208
0.14433017000555992,-1.5025902913300857,-0.8799995794877746,-0.8258088916505697,-1.3265569129068508,0.8069427840662259
0.1924402266740799,-1.1660475275390938,-0.6646285448548185,-1.1898615399662131,0.39777696818488417,0.7127202499106527
0.24055028334259987,0.8761750682644541,-1.959287075147259,-0.4002262828704087,-0.5511882679386957,1.3427154320775998
0.28866034001111984,-0.5043618683719745,0.7329472556172454,-1.13069857993818,-0.18167388889507136,0.5326229181475706
0.8882308527827263,0.005341864540804431,-0.03537193391828889,-0.3923454741711347,-0.004420256960393432,0.031107854274558616
