time,pulse_channel_1,pulse_channel_2
0.0,-1.0580243002119563,-0.30476417385882765
0.438650906085968,-0.8376038768627846,0.7779840522946797
0.877301812171936,-0.8686545250925871,0.23883741590181434
1.315952718257904,-0.8881634729789871,-0.39583116853137235
1.754603624343872,-0.9228701517076894,0.31707602044164507
