time,pulse_channel_1,pulse_channel_2
0.0,0.6674130506436114,-4.020242975996398e-06
