time,pulse_channel_1,pulse_channel_2
0.0,0.9940302984003233,0.7456649607296085
0.4794081151485443,-0.2118060412923791,1.2038040127708225
0.9588162302970886,0.9647524545322456,1.5247633053832514
1.438224345445633,0.4580272688696672,-0.122864580536113
