time,pulse_channel_1,pulse_channel_2,pulse_channel_3,pulse_channel_4,pulse_channel_5,pulse_channel_6,pulse_channel_7,pulse_channel_8
0.0,0.2895696474058246,0.0536759054912143,-0.5445363561240709,0.013494080177806423,0.9375601257660686,-0.298843351962326,0.3096418597871283,0.34454921453937865
2.65384840965271,0.16168304904727213,0.48436513003255804,-0.8466241088888834,-0.03238760534630575,0.7624122101825342,-0.8812496511993322,-0.7056814288538757,-0.6784867253942601
5.299858331680298,0.5892943108434555,1.0987552659247093,-0.44804205421406884,0.5175842057466812,-0.10543383405885527,0.12206930180831785,0.4458499297563453,-0.3143057179688766
7.945868253707886,0.19983426739472487,0.6242616364394743,-0.533518230870848,0.19983443835338593,-0.17484649072176897,-0.29321202022789555,-8.616604236992891e-08,-0.3388517303197194
