time,pulse_channel_1,pulse_channel_2
0.0,0.9599636844320157,-1.0693734419871341
0.40211695432662964,0.2551977237878237,0.23108451409521047
0.8042339086532593,0.17249067181228495,1.1272428434160915
1.206350862979889,0.7625709775503909,0.9318113742957405
1.6084678173065186,0.30002520582160686,-0.05365340705526364
