time,pulse_channel_1,pulse_channel_2,pulse_channel_3,pulse_channel_4,pulse_channel_5,pulse_channel_6,pulse_channel_7,pulse_channel_8
0.0,-0.34729551047092483,-0.006651068263214326,0.0196115920201865,0.3654300204833318,-0.5282087259449313,0.5187206679318783,2.9576149634394437e-05,-0.8629319531283756
0.4954119622707367,0.002853866014815655,1.5139653902314583,-0.990409448755725,0.5094403690653291,0.00030236857043821854,-0.194222249841161,0.011656614558046771,-4.505892826164062e-05
0.9908239245414734,-0.876213141334824,0.8716691326296543,0.4293799191848882,0.005689675543374674,-0.023081169910823672,-0.9134671118373687,-1.0089560329704643,1.974060447996342e-05
1.48623588681221,-0.014109073500747759,5.808344753129209e-06,-0.01723439058486753,-1.4534175029210346,-0.06971495174969292,-0.48121973825703857,-0.7991744522322075,1.1106878488388707
1.9816478490829468,0.01262299557828527,-1.4844481573316768,0.0474542009269293,-1.0714227779694148,0.0752997120890751,-1.2937019763989093,-0.4492419023711453,5.997773797679109e-06
2.445709675550461,0.9897588348335655,0.4728150603304215,-0.047347389990969324,-0.02465749519676971,-0.762222896729482,1.2937021753652103,0.6088923988856391,-1.4394979448063195e-05
2.909771502017975,-0.04577280210177538,-0.8728962560293357,2.109706525320849,-0.2286707418736069,0.6540173983653931,-0.02330217768868919,-0.010825319293078534,0.3940956849527485
3.373833328485489,-0.614517292051554,0.5667484393287188,0.04194139212495887,-0.017209965664773234,-0.5541300851416017,1.0149525248776998,0.8635837110604405,-0.2923757174504627
