time,pulse_channel_1,pulse_channel_2
0.0,-0.4417570230523123,-0.4030411589959027
0.32843804359436035,-0.3220747652099668,-0.9936080560089514
0.6568760871887207,0.08918848217746556,0.21911079413137818
0.985314130783081,0.5101015861939063,-0.1690235768427218
1.3137521743774414,0.7559633705241595,-0.14078952100494088
1.6421902179718018,-0.6889007080083165,-0.45456714354582445
1.970628261566162,-0.24572183036745576,-0.427087710403827
2.2990663051605225,0.33452131328786056,0.5061464887342478
2.627504348754883,-0.0075656064875727945,0.23200512932629663
