time,pulse_channel_1,pulse_channel_2
0.0,-0.3972790508249156,0.07441046948070382
0.562969982624054,-0.46025742655874763,0.9353984891942072
1.125939965248108,0.5862825169230809,0.8497578730660766
1.6889099478721619,-0.8855068561623988,0.049229739803276974
2.251879930496216,-0.008681878729566599,0.6406340172606917
