time,pulse_channel_1,pulse_channel_2
0.0,-0.23747182057209226,1.3937478441847728
0.4189858138561249,0.4654670427489865,0.8293507641142128
0.8379716277122498,-0.46260871204632303,0.10264829455007546
