time,pulse_channel_1,pulse_channel_2
0.0,-0.8833161224563231,1.0418613689424043
0.36605551838874817,0.6829554195876087,-7.04940694765314e-08
