time,pulse_channel_1,pulse_channel_2,pulse_channel_3,pulse_channel_4,pulse_channel_5
0.0,1.8149800188782188,0.22465429450397087,1.703494804956797,-0.44768000980116207,3.801403576129966e-05
0.04973466694355011,0.3009036645695897,-0.38471722997185254,0.7110802056418546,-0.226878459340485,-8.793988754774492e-05
0.09946933388710022,0.8692120506275421,0.2735256360517985,0.36763546659105883,-0.24649513962181513,0.00013268934783871732
0.14920400083065033,0.5876670564678224,-0.10654862910069073,0.7626471346365932,0.9193985018908504,-5.654521092888029e-05
0.19893866777420044,-1.0151789062593959,-0.010538242671309862,-1.2224338563256472,-0.34667408979287034,-0.7810014725484057
1.251668632030487,-0.7986855846899347,1.4959878528527626,0.41524019369060905,0.3586788923714532,-0.7338658335587441
