time,pulse_channel_1,pulse_channel_2
0.0,1.9851740340375004,1.7985795456540966e-05
