time,pulse_channel_1,pulse_channel_2
0.0,0.9635971056323381,-2.353621542681676
0.9833230972290039,1.7994849202202987,-0.0010412849099370458
1.9666461944580078,3.0285249057493484,0.1159004068008547
