time,pulse_channel_1,pulse_channel_2,pulse_channel_3,pulse_channel_4,pulse_channel_5,pulse_channel_6,pulse_channel_7,pulse_channel_8
0.0,-0.6870031396609808,0.4263138896371536,-0.1350544155673686,0.5344738051197245,0.3359925125494197,0.6543892772421344,0.7878950537360295,0.7205176623316835
0.7730626463890076,0.4304266121038212,0.18119469319263085,0.9367087682571039,-0.1654992216998918,-0.08818778401389449,0.03046290780151379,-0.5488943183078105,0.9055916318679734
1.5461252927780151,-0.8263988100747683,0.5076334489730581,1.0417865277109866,-0.10955460916471449,0.29727194482102964,-0.14543550011400042,-0.5068635250743834,0.6351015213678886
2.3191879391670227,0.8770873379917571,0.9789143562778854,-1.6390543549913321,0.04266705392958573,-0.5342198825822001,-0.35280471668448576,-0.5970759776703728,-0.27215458815480953
4.096828043460846,-0.5700944598145913,0.44703663098546537,-0.022761415148076652,0.5994990878328383,-0.6252911942853911,-0.2641627161992978,-0.36416511323471146,0.37053450046395625
5.874468147754669,-0.017868083461217984,0.6041094214098436,0.38393432489137425,-1.231808429557092,0.46795852906997243,0.18874279201400418,0.00013212241576773465,0.43851667509341996
6.647530794143677,-0.8137479906464701,0.028039488713702366,0.16270237467232718,-0.6723813701933341,1.8687832679164726,0.5698896895825943,-7.42496082180573e-05,0.11283319303492358
7.420593440532684,-0.006874005519996838,0.006427966726730425,-0.33099138243907233,-0.5802924289439901,0.7020845851786541,-1.1842386922180712,0.08028690595026966,0.04051756868846688
