time,pulse_channel_1,pulse_channel_2
0.0,2.4915461771479217,0.1595483294990115
0.057121794670820236,1.2003603602693735,-0.20823501269977224
0.11424358934164047,0.6886420001466442,0.21759415058303164
