time,pulse_channel_1,pulse_channel_2
0.0,0.1948463906474207,-0.37777582539382826
0.10641024261713028,-0.16335915826452738,-0.6660414819107873
0.21282048523426056,-0.49297496620475634,0.5182901657521818
0.31923072785139084,0.6649157237674461,0.6123123582629274
0.4256409704685211,1.8412358892320062,0.35890286767333573
