time,pulse_channel_1,pulse_channel_2
0.0,0.9658181490835365,-0.26205956433240973
0.20334948599338531,-0.5774315748296938,-0.5860592586100748
0.40669897198677063,0.3395843733293573,0.5260715764975625
0.610048457980156,-0.35194559545626386,0.10602531956161754
0.8133979439735413,0.7620398337868591,0.40058970037932473
1.0167474299669266,-0.7684095614184439,-0.21346008622369245
1.220096915960312,0.6979460858398652,-0.041073878123046303
