time,pulse_channel_1,pulse_channel_2,pulse_channel_3,pulse_channel_4,pulse_channel_5,pulse_channel_6,pulse_channel_7,pulse_channel_8
0.0,-1.4531533871416606,0.6339759935887178,-0.2227576034690661,-0.768770038151946,0.5875178941118145,-0.6582221435058887,0.13416903893241552,3.026631728689858e-07
2.8781371116638184,-0.39558032850805036,-0.1828151140792771,2.983112429976538,0.7572022432792912,-1.283485494097871,0.032644606267766434,-8.739941932514558e-06,-0.18240164419422036
3.463407337665558,0.8228939429943743,-0.44111369044799537,-3.183616161311875,-0.22953100549977165,-0.3664135568519547,-0.10869294150557202,1.8574960911833578e-06,0.3343053694863283
4.048677563667297,0.055351886937505,-0.855052066736154,-1.1979147964881047,-1.2783889834087747,0.02065026555932679,2.0704439532963597,0.05926835562220654,-3.8439691676979785e-07
4.633947789669037,-0.5238932672750493,3.119551617079074,0.7700380758859509,-1.3107657793747802,-0.11217716574060192,-1.3310241432294738,0.632036408841375,-2.0969405712406676e-06
5.219218015670776,0.7984659988002207,-0.4061248285462804,-1.47724412034249,0.7984677916231674,-0.17402452493947024,-0.11848492513019647,4.805528796129613e-08,-0.47190799811749773
