time,pulse_channel_1,pulse_channel_2
0.0,0.3702397190977293,0.20113659153367344
0.5564069747924805,0.41945207294028464,-0.19918725035091833
1.112813949584961,0.22947706878482343,-0.3207982702437826
1.6692209243774414,-1.3605059172237894,1.0646527744760923
