time,pulse_channel_1,pulse_channel_2
0.0,0.7566172029495697,5.549208460520476e-07
