time,pulse_channel_1,pulse_channel_2,pulse_channel_3,pulse_channel_4,pulse_channel_5
0.0,1.076444211486228,2.7375877266467727e-07,1.0764481785515236,2.2777110522305637e-06,6.955071400932416e-07
0.16422292590141296,0.2062986005405893,-2.110956838985473,-3.6907471765314583,-3.324133946411758,3.0544175351410723
0.18628345429897308,1.9478197471457186,-0.26534059856591163,-2.3823162434961165,-1.20993450901673,3.997334865381276
0.2083439826965332,-5.737105638515663,-1.0747817960462513,-1.139976396231341,2.193293938307727,-3.1473364660252017
0.23040451109409332,-4.165824705963438,1.8179199372528427,-0.7506757517474675,3.3184271555658937,-3.5388728821436963
0.25246503949165344,2.2861991135409,-0.8208994983388387,-0.04773783246583384,2.546221826320885,-0.6678016586080124
0.27452556788921356,1.6334256190774303,-4.084428336867227,-2.80056400955655,0.7809460977200143,2.523500767617535
