time,pulse_channel_1,pulse_channel_2
0.0,1.5291881390992514,0.06324171985211072
0.028588518500328064,-0.35257025429125144,-0.25542279027506803
0.05717703700065613,1.5013106366237687,0.25599754540724445
0.08576555550098419,1.4945416845837451,0.0058014943038870725
0.11435407400131226,1.6228547477248052,0.0353930215968488
0.14294259250164032,0.7078883674316648,-0.48568071281517283
0.17153111100196838,1.5338590272866999,0.6407994920641076
0.20011962950229645,0.7167478280111427,-0.23635216540531112
