time,pulse_channel_1,pulse_channel_2,pulse_channel_3,pulse_channel_4,pulse_channel_5
0.0,0.25338791493388,-0.6524298877742715,0.10753818550427359,-0.1981658273471373,0.15696421449594064
1.7821184396743774,0.7440225010369544,0.8243993563732763,-0.2285461346135363,-1.1597972043568239,0.13259581706212067
1.9437124878168106,-0.19095255353273471,0.49326992192490765,-0.28073601352715655,-0.37403628241412135,0.8422906332151515
2.1053065359592438,-0.9629782768325842,0.7234362658778315,-0.9333559848140522,0.6189571088809336,0.4637812146846253
2.266900584101677,-0.3827443499589245,0.16831789769065716,-1.2342600616055652,0.1979050873764194,0.3844238988203391
2.42849463224411,-0.5507432974080672,-0.9210156435759602,-0.11949174544854907,0.5717082079155937,-1.0094175039430875
2.5900886803865433,1.2671179733949174,0.013128257611657762,0.8130583245727715,0.24779835729042268,-0.7611441165973991
2.7516827285289764,1.2334064563799272,-0.18661305403325446,-0.5935675370311417,0.3309389005333586,-0.3259151862648394
2.9132767766714096,-1.064504338005315,0.2011025635894477,-1.3977817928249672,-0.3680279213295082,0.49653864719797214
