time,pulse_channel_1,pulse_channel_2
0.0,-0.5619415604542148,-0.006986398489722647
0.484114408493042,1.700844998940334,-1.2563793131127152
0.968228816986084,-0.21661237102881845,-0.9792263959975036
