time,pulse_channel_1,pulse_channel_2,pulse_channel_3,pulse_channel_4,pulse_channel_5
0.0,0.0766970435387812,-0.30406457318656394,0.07669734678489938,0.3094929610244139,-4.1343578635085104e-07
2.3048481941223145,-1.274315876582207,0.19028635547279052,-1.5228576162875107,-0.6874794681659677,-1.205325803355207
2.503678545355797,0.3281865605875364,0.4898035713114834,0.5589096872192931,0.06393985866661345,0.2062481741865492
