time,pulse_channel_1,pulse_channel_2
0.0,-0.4629235883764755,-0.46989935789447423
0.2642003893852234,-0.28080320646250007,0.15764425457683579
0.5284007787704468,-0.9086499089944999,-0.6527638792469852
0.7926011681556702,0.6165544869162718,0.6605473140396367
1.0568015575408936,0.4466779889952669,-0.46825291547450454
1.321001946926117,-0.6821501747979433,-0.10805459364257408
1.5852023363113403,0.11356617574877827,-0.5116579231785676
1.8494027256965637,0.723585187076326,0.2661528609145242
