time,pulse_channel_1,pulse_channel_2,pulse_channel_3,pulse_channel_4,pulse_channel_5,pulse_channel_6,pulse_channel_7,pulse_channel_8
0.0,-0.06134237273796468,0.44524051601990566,1.0143658242369245,-0.0812916317833587,0.4452489163827279,-0.7459692813630656,3.812446894538662e-05,-3.2350043045647085e-05
0.3970082998275757,-0.0023030638210674195,0.02115932311902857,-0.8875783642682706,0.8709313878187832,-0.869997585160486,-0.8930154212100093,0.9100061976404407,4.901107813855637e-06
0.7940165996551514,0.8221488063393766,4.071722600347753e-05,-4.052266331011753e-05,1.084566392141513,0.2636398016553837,0.994954141085968,3.86595464143619e-05,0.5126690881060436
1.191024899482727,0.6191432573610279,-0.3728329204741821,-0.43568383481580236,-0.8140926756054594,0.8169338721824706,0.023412984138766663,4.0830986276518115e-07,-0.18882464535525958
2.657611131668091,-0.4893620115929531,0.09835235323223729,0.993199982563603,-0.9662401493649333,0.1231856191844858,0.30183719740688286,0.16756907297671325,-0.5425468978502637
4.124197363853455,0.4452943290980326,0.2630153496597108,0.7091503953170671,0.445285057558911,-0.0814287470347096,-0.5921512080935603,7.977590985742923e-06,0.33008583343828807
4.52120566368103,0.6967742166020272,-1.4707499373955057,-0.28380995370523776,-0.1758408884140574,-0.7833230118614318,1.2269296682360369,-0.7309425555100154,1.7819454380175236e-05
4.918213963508606,-0.7602731485459664,1.3885780755352068,-0.5438814475899988,1.0040195381766812,0.4134465224236004,-0.3892596433766022,9.70034668133269e-06,-0.7300351468357226
