time,pulse_channel_1,pulse_channel_2
0.0,-0.8352209839221058,-0.2044268833994686
0.8240081667900085,-0.02907998584609689,0.13972712135594567
1.648016333580017,0.14356867513507152,0.43828828844597634
