time,pulse_channel_1,pulse_channel_2,pulse_channel_3,pulse_channel_4,pulse_channel_5,pulse_channel_6,pulse_channel_7,pulse_channel_8
0.0,6.911981906047975e-07,0.8233633406223269,-7.10476013610518e-07,1.4006003335276982e-06,0.8233637737086605,1.8210254064879402e-07,-1.345000667506999e-06,1.2811950110462958e-06
0.21470071375370026,-0.09186738911301429,-0.357280798864354,0.7654567601547608,-3.1683013750837157,0.6850317452498028,-0.1873414748469576,1.3642187398352738e-05,0.12338040911340484
1.0034351497888565,0.37448788859815246,0.16590008262731332,-0.8753977486956067,-0.658837999302204,0.005894920507466068,0.1896149039936368,-0.17039782151707297,0.3125630378714687
1.7921695858240128,-2.470089787653679,-0.26454054018924766,1.8869837058475427,-2.4700905782602995,2.313748821383453,1.3648107523853263,-1.3871235028953212e-06,9.722299984416374e-07
