time,pulse_channel_1,pulse_channel_2,pulse_channel_3,pulse_channel_4,pulse_channel_5,pulse_channel_6,pulse_channel_7,pulse_channel_8
0.0,-0.8109191351454553,-1.6366901800625107,0.638521768229653,-0.3395621968400068,-0.2723380715109471,-0.04137520001135416,-1.0824742597836047e-05,-0.6043073136120393
0.4202485680580139,0.9659915479332828,0.6058969746179517,-1.1273889186437913,-0.10830528759611424,0.5941566493764804,0.38659308810653187,-1.007256508353161,1.7880573981029984e-05
0.8404971361160278,-0.017604639364843407,-9.065462826240418e-05,0.0006513509857021723,-0.089069667734772,0.45609100447167195,-0.23722419004688436,2.2326372753206803e-05,1.1381421832387526
1.2607457041740417,-0.9580798395016944,0.5041957516427067,-0.0004599003348212491,-0.010676437040127492,0.5453757691001851,-0.08579924932848328,-0.942904683565613,4.055810636309053e-07
1.6809942722320557,0.2366976075830966,0.39725429662018913,0.12092336453389439,-0.17827295974951496,0.22711315259511455,-1.2081967811639511,-0.10517364191665238,2.8001686140161854e-05
2.1012428402900696,0.16721594058749598,-1.2270258380543544,-0.17904702173810796,0.1917070299518631,-0.05452510121283366,1.1297717440123871,0.16307125382150317,2.7122789694727847e-07
3.412579834461212,-0.33660141948971006,-0.4675940520258646,0.1958168922917746,-0.2861788728235121,1.3105595300712483,0.05843002080076167,-0.5490415792637618,-0.3437469983794833
