time,pulse_channel_1,pulse_channel_2,pulse_channel_3,pulse_channel_4,pulse_channel_5,pulse_channel_6,pulse_channel_7,pulse_channel_8
0.0,0.1767950664058283,-0.5371115318891762,0.8745697897735819,-0.05278087063969637,-1.5256060463553014,0.33087174009581966,0.7839621756601701,0.43544790633043823
1.677389144897461,0.43954481486092634,-2.098727817026061,0.285089891262412,-0.40834734806641326,-1.63661653530399,-0.9248434192107667,2.756632090983563e-05,-1.084793861158469
1.7837551608681679,-0.25696056906476317,3.087925481835919,0.17035731171685514,0.2389143190729343,-1.0835002178466202,0.5428797870690516,-3.143994781264825e-05,1.5371118039687954
1.8901211768388748,-0.18259020998220768,-1.7564223309051432,-1.4827903167454584,0.16942873378957365,-0.257301994139608,0.17421820653419978,3.076567158077419e-05,0.40315885278919544
1.9964871928095818,0.1608342627145989,0.9028682417417696,-0.11652087925650115,0.04075440094270144,0.14716723042177102,-0.6326508784747448,-1.262475820703796,3.742727161959311e-06
2.1028532087802887,1.4741099174387502,-0.8556453706073607,0.2342561381775433,1.4799666255123365,-1.4572150874478786,1.2719151263213115,-0.08946387837190391,-2.74159807188166e-05
2.2092192247509956,0.16077742373338202,0.9028878750319466,-0.11773884651616938,0.040710639939147135,0.14715245939735128,-0.6392695962724588,-1.2624914797909212,4.18464981394022e-06
2.3155852407217026,-0.16463676194918628,2.6676160490971816,0.04159941593871364,0.07630622782778952,0.03911068286823259,0.5947115526116632,0.28134353105598814,-1.4379748058829967e-06
