time,pulse_channel_1,pulse_channel_2,pulse_channel_3,pulse_channel_4,pulse_channel_5
0.0,0.10367904451297462,0.21691086397441744,-1.0308338625265556,0.7282900159733562,0.36730086376349075
0.46151643991470337,-0.40103677160105233,-0.16498985024449525,-0.47362512938578616,0.36401272981017596,-0.08735252372291581
0.9230328798294067,0.04131474839494871,-0.21542898018111178,0.713174287480983,0.1451623315170917,0.5329461065977968
1.38454931974411,0.12822612829841812,-0.7932394558427837,0.14718207844222578,0.218126067392187,-0.09796274910219727
1.8460657596588135,-0.1352610957861965,0.7962654441119437,0.7981193161094624,-0.5857015964666661,-0.6245868605746864
2.307582199573517,0.9727137719594141,-1.0812607053288263,0.23363838398680298,-0.48224053712091874,0.8071786603978429
