time,pulse_channel_1,pulse_channel_2,pulse_channel_3,pulse_channel_4,pulse_channel_5
0.0,0.36404276137274205,0.4424615854323136,0.36404089836794135,-0.9297527734352958,4.744575815356208e-06
0.4855930805206299,-0.009622047044332565,0.0019968560928297985,0.4055435100248937,-0.40556186631461355,-0.9464148444868883
0.9711861610412598,0.10510511527341414,-0.86562576471256,0.1846755064923674,-0.0348336212777382,0.10267583380321428
2.3304444551467896,-0.49569193118705374,-0.8026425737429695,-0.2143065335604315,-0.0895231647230057,0.255166211393537
