time,pulse_channel_1,pulse_channel_2
0.0,0.2895150219058875,0.7076242383973382
0.6539719700813293,-1.1468383114460812,-5.484065949672742e-06
