time,pulse_channel_1,pulse_channel_2
0.0,0.16739892508769622,-0.9983559100605253
0.33961960673332214,0.7823404739574946,0.39873181411214575
0.6792392134666443,-0.6467719446800948,0.3683262683216768
1.0188588201999664,0.8468489800551853,0.7214731395145966
1.3584784269332886,0.8579310572500001,-0.9586939523584966
1.6980980336666107,0.5613359249784088,0.06947517548068932
2.037717640399933,-0.8686175995298643,0.42068401685464846
2.377337247133255,0.5491289285192643,-0.8453054980745721
