time,pulse_channel_1,pulse_channel_2,pulse_channel_3,pulse_channel_4,pulse_channel_5
0.0,0.47861110812381064,0.314048679627741,1.1652393602026692,-0.3380614192557878,8.29668717546718e-05
0.09356509149074554,1.1055195721827202,0.03466843622820164,0.47766230261601766,-0.6542184930661248,-0.0073626189962796035
0.1871301829814911,0.01681430385629961,0.03953589284030833,0.1257709178536486,0.3452898113149671,0.36913889386294163
0.28069527447223663,-0.008593508433998589,-0.09564737463967428,0.47876370642416066,0.26195093457626273,-0.41820456601090567
0.3742603659629822,-0.08452775737581947,-0.2852503672536177,0.07818607831221275,0.3898384918166659,0.055371801144673036
0.4678254574537277,-1.0113349333928778,-0.12268569417742847,-0.9499194214603278,1.1754852463556085,-0.775876662221285
0.9190958589315414,-0.8566026768948999,-0.9099211914372034,-0.06762719648575018,0.7449886491284627,-0.7921181388118309
1.3703662604093552,-1.5091985467539446,1.1221453173382858,-0.8018751773928011,-0.8903566492136867,-0.6273925567170527
1.8216366618871689,0.19803582871978137,0.0006462687470494748,0.15655512096634597,0.3504337488434914,-0.1140629863149445
