time,pulse_channel_1,pulse_channel_2,pulse_channel_3,pulse_channel_4,pulse_channel_5
0.0,0.1717515906974064,-0.6185619390612501,0.585108746996062,0.9424933507613581,-1.0396213131399905
0.434451162815094,-0.3692489906382387,-0.9954914185232385,0.2621443976629109,-1.1481770528007404,0.5716994395369027
0.868902325630188,1.140452745359003,0.6311115178600625,0.8375947600872128,-0.871465147979867,0.07516040061360908
1.303353488445282,0.45225232646773816,-0.4582472600473955,-0.1363751280107132,-0.6217164571913302,-0.08855601653817864
1.737804651260376,-0.42942805671270706,0.4260043460345717,-0.43944614577359903,0.6673569267071168,1.0259522821766838
