time,pulse_channel_1,pulse_channel_2
0.0,0.03449804885121203,-0.6043394134252527
0.15079371631145477,0.3213584392235604,0.5299532348444367
0.30158743262290955,0.6082446124689386,-0.4869657727161903
0.4523811489343643,1.0519754574589122,-0.5665844787754176
0.6031748652458191,-0.5675939438670626,-0.522722068452476
0.7539685815572739,-0.1945533623656793,0.6115976807047023
