time,pulse_channel_1,pulse_channel_2,pulse_channel_3,pulse_channel_4,pulse_channel_5
0.0,-1.0385891149684496,-0.024839359969577198,-1.7634098520935897,1.5511688839834061,4.6886644214667314e-05
0.09932674467563629,-0.6810776853755696,0.05753686491483138,1.6212222451895015,0.31054513998313177,0.00021884473216621532
0.19865348935127258,0.21333931589022023,-0.05278725978718624,0.17463442678973126,0.2961799762562078,0.0015738740513577918
0.2979802340269089,-0.0002703287632003741,0.00011508287257025229,0.09023534889790831,0.6288933899408248,2.5007534910808324
0.39730697870254517,1.5381057246547667,-1.2309522738539513,1.4371326160183227,0.19210652444617615,1.1911910175247915
1.0598408579826355,0.27219954429015364,0.6255735162156179,-0.03869309354143643,0.2826436250655127,-0.5897119067251244
