time,pulse_channel_1,pulse_channel_2,pulse_channel_3,pulse_channel_4,pulse_channel_5
0.0,-0.16502879999375225,-0.17501551771430324,-1.0023748841235889,-0.11599860664886405,-1.9790795901619443e-07
0.19128894805908203,0.7405991778314762,-0.7089083869884736,0.9866395672035291,-0.46986135369751436,2.828779805468229e-07
0.38257789611816406,1.02423641589163,0.8839247821127099,0.3384525846242854,0.5858616637385115,-8.056777190292463e-07
0.5738668441772461,0.38796543443900516,0.0698993668262741,0.09292888317072905,0.2517243327342784,0.3514791661638354
