time,pulse_channel_1,pulse_channel_2
0.0,0.8802163986873436,0.33196183229246384
0.33605220913887024,-0.5683100033975788,-0.34255296928674955
0.6721044182777405,-0.04890019569760576,-0.15419599121491753
1.0081566274166107,0.561725825917678,0.17547398227136232
