time,pulse_channel_1,pulse_channel_2
0.0,0.8768050521721978,-1.0778804817257521
0.26197490096092224,0.15458973292653216,0.6036502771810746
0.5239498019218445,-0.12242388687601101,-0.5113681003727952
0.7859247028827667,0.3870964311997892,-0.03303405059529115
1.047899603843689,0.01587013600018089,-0.31360241672174494
1.3098745048046112,0.9935410110515853,0.45362555321402986
