time,pulse_channel_1,pulse_channel_2
0.0,0.009943834088240964,-0.20537339861610612
0.17825813591480255,-0.8442969071592664,-0.31288082242981485
0.3565162718296051,0.6851882546925214,0.2861193976006622
0.5347744077444077,-0.2225464626391846,0.3979771691705578
0.7130325436592102,0.737384403130485,0.010497234965367055
0.8912906795740128,0.9460477936173698,0.2926968109631682
