time,pulse_channel_1,pulse_channel_2
0.0,2.8106108896906195,-2.169201647121841
0.2753952145576477,2.9962430585517192,0.16216489577621915
0.5507904291152954,3.26643928296801,-0.8946223340418396
0.8261856436729431,2.769688357251024,-2.389398677720769
