time,pulse_channel_1,pulse_channel_2,pulse_channel_3,pulse_channel_4,pulse_channel_5
0.0,-0.07774502720262429,0.18619437898780553,0.5307254901909542,-0.30583823752747213,0.6751020625211052
0.19492781162261963,-0.5811708489011264,0.4057503631189164,-0.6276492945694544,0.6899898456763357,-0.060755546061212286
0.38985562324523926,-0.4064218466993685,-0.6746704817167596,-0.6603324396378007,-1.1100731327637836,0.13295876666470594
0.5847834348678589,0.5626537345070064,0.06083039293772437,0.045562573397161146,0.09283190713715603,0.016848368653996797
0.7797112464904785,0.10837221300767431,-0.6709464916624841,-0.8163807386687482,0.37271989420164037,-0.5334219206780332
0.9746390581130981,1.1405649362826906,-0.9992495609550032,0.5530581320075572,0.549156294515809,-0.6298635652297752
1.1695668697357178,-0.37041722469892174,0.5985746702587317,0.2029831196069376,0.010284993853484928,-0.7559120478379899
1.3644946813583374,-0.32623074680087216,-1.8651188452686747,0.5650678298110463,0.030616124491590093,0.28730656604601845
