time,pulse_channel_1,pulse_channel_2,pulse_channel_3,pulse_channel_4,pulse_channel_5
0.0,1.0874231288042335,-1.980080991858491,1.0874208948769089,-0.5326132511837521,-2.6765131472526946e-06
0.4876944124698639,1.2485411112273619,-0.5621908880547194,0.5820461367237825,0.11800530832275836,-0.5757256271529253
0.9753888249397278,0.5437943822555619,0.07454343993468278,0.0666490141934471,-0.36095329829406947,0.7699150204090213
