time,pulse_channel_1,pulse_channel_2,pulse_channel_3,pulse_channel_4,pulse_channel_5
0.0,-0.6146482658937646,-0.36816532174718647,-0.7694842478840533,0.2631801909110652,0.16542510062589402
0.5327978134155273,0.21894003463143116,-0.6487881259758742,0.36830774408756994,0.4734445610448123,0.0047735719610402655
1.0655956268310547,-0.8580669852873877,0.5153638344347006,0.00848747085343235,0.7344633074820347,0.20974258254551797
1.598393440246582,0.41255140627734377,-0.5043223175081433,0.7483025553816018,0.46772604186961936,0.4757463377800052
2.1311912536621094,0.14821231420651199,0.6351491681881337,0.11523757466222176,-0.9593588854389196,0.19154368752125253
2.6639890670776367,-0.2862846137959804,-0.3336547222210791,-1.0223536204052817,-0.05200594242468309,0.2200495321983149
