time,pulse_channel_1,pulse_channel_2,pulse_channel_3,pulse_channel_4,pulse_channel_5,pulse_channel_6,pulse_channel_7,pulse_channel_8
0.0,-0.4370861833607677,-1.2254457691412401,-0.10457293339851155,1.0694281989345624,-1.2253411168235797,0.7292012006945494,3.2883698118270905e-05,-5.3504924863521e-05
1.2983543872833252,0.3133456910766964,-0.39024799027217166,0.05003030766815105,-0.22385862110541516,-1.0874003989985483,-0.3479806569260465,-4.167982655629297e-05,8.395534340872107e-05
2.5967087745666504,-0.9914807491568642,0.6441303359246073,0.13684486378382385,-0.7792287341166161,-0.32888672689915,0.7070793057955171,-0.7402968012945488,5.564654812044656e-07
3.9852120876312256,0.5077112421495326,0.9426796413367945,-0.7198874750866796,0.8474133065629902,-0.3002194733069189,0.021207149935745934,0.09220662209010988,3.229345740709666e-08
5.373715400695801,0.9291316897036561,1.5131111836063458,-0.6670045094855361,0.8602763181166686,0.41117715055137133,0.640854098123773,-0.8355149086786706,0.32488671537242503
6.672069787979126,-0.1530454541585352,1.1187072835250305,1.1196477948089472,0.4571306257341757,-0.2566534072699841,-0.2738904260254398,0.4848769469939944,0.005675481414732387
