time,pulse_channel_1,pulse_channel_2,pulse_channel_3,pulse_channel_4,pulse_channel_5
0.0,4.017847715566335,-0.0034824392299269476,4.017825251736695,0.9091263190970955,-1.0710067532884284e-05
1.0999494791030884,-0.15210825224705282,-0.95564784098053,-0.17960404522814366,-0.03400123995364665,-0.148919702157827
2.5224496126174927,0.8426620847191844,-0.8436239159213483,0.13268328849005404,-0.12832464218007,-0.36611958813549617
