time,pulse_channel_1,pulse_channel_2
0.0,0.5947445966782398,0.04646169964921686
0.3841986060142517,-0.37961601038710713,0.01564037272908657
0.7683972120285034,-0.5225731725092847,-1.1409126821761122
1.1525958180427551,0.8162431147637619,-0.804822800133044
1.5367944240570068,-0.19964004679335917,-0.3324514688037308
1.9209930300712585,-0.8580904707529984,-0.42377845374952416
2.3051916360855103,0.3726669793593053,-0.2278884994607607
