time,pulse_channel_1,pulse_channel_2
0.0,0.026891599634463033,0.23885638207809004
0.034745559096336365,0.6049937990067799,0.3716169814031199
0.06949111819267273,1.4161464380170397,-0.6186680326836872
0.1042366772890091,1.305039225025532,0.1794626421018032
0.13898223638534546,0.6740085158900538,0.5724776120860815
0.17372779548168182,0.8310918718037025,-0.28284486568627293
0.2084733545780182,1.4193323212330806,-0.4860528788439363
0.24321891367435455,0.9497459898457689,0.6222349522155914
