time,pulse_channel_1,pulse_channel_2
0.0,-0.2644221070103587,0.03319152834188838
0.9442666172981262,-0.46920165208406955,0.6269607647662714
1.8885332345962524,-0.5586540952095853,0.5786412545498917
