time,pulse_channel_1,pulse_channel_2
0.0,1.0346093825177203,0.5867614353423537
0.20531471073627472,0.31600191586956955,0.26170178274659156
0.41062942147254944,0.5432981082120862,-0.2070059997519255
0.6159441322088242,0.6942206103457856,-0.4662481278876657
0.8212588429450989,0.5952905417721698,-1.078559114379346
1.0265735536813736,0.9615245897726301,-0.6721566419695838
1.2318882644176483,0.5311519307951716,-0.44405032554860097
