time,pulse_channel_1,pulse_channel_2
0.0,-0.5547437440091975,0.6376644720263765
0.12323658913373947,-0.14227707713463708,0.5775854530142704
0.24647317826747894,-0.4695911100322045,0.9209768423478845
0.3697097674012184,0.0027250655750211297,0.564046075336007
0.4929463565349579,1.0347236385965217,-0.22270331998811047
0.6161829456686974,0.11042664965632658,0.22387262961355808
0.7394195348024368,0.5027769409316073,-0.574790408434464
0.8626561239361763,-0.3122275257681057,-0.6465618541509824
