time,pulse_channel_1,pulse_channel_2,pulse_channel_3,pulse_channel_4,pulse_channel_5,pulse_channel_6,pulse_channel_7,pulse_channel_8
0.0,0.02267894087943573,-0.6633725121195861,-0.2646097783754278,0.2690580074240549,0.8123379478804462,0.32192824368241885,0.9710081813827723,0.6009418203510324
0.373929500579834,-0.9171420664063502,0.8747035270772501,0.6159963304466428,0.08476510633317767,-0.4655551038560793,0.030811004713834342,-0.17501549520438545,0.5937346201878906
0.747859001159668,-1.1858244195004166,0.31892054454672836,0.31040923348651195,0.5104038889860721,0.6942377887207686,0.37327666869665765,0.629690547927116,-0.5288888075299031
1.121788501739502,0.16702210708188947,-1.1989638127355,0.3564445114340918,-0.45061921337218114,-0.7679514793590333,-0.23288898160622087,0.3499588348081859,-0.004107082039166333
1.495718002319336,0.7366294355693669,0.7914657573966294,-0.6134178517427088,-0.664839948833074,-0.6573037041964104,-0.13887439699946535,1.267046708260737,0.39407340792088513
1.86964750289917,0.28517936500119856,0.11267466191417647,-0.017995077027803594,1.197142633184174,-0.9141673701374861,-0.055564589679776955,0.13253271765621435,4.0318486594944516e-05
2.4365501403808594,0.5157068383093476,-0.6520599831579695,-0.2537702851685673,0.48916229736619027,-0.0998320388534278,-0.7835100482149611,-0.17843383932703788,-4.390489576432709e-06
3.003452777862549,0.706450889479598,1.1347918169854148,-0.04381718595274355,0.4279262501235381,0.5344636893661063,0.18248274789530824,0.1170929187528724,0.4558711427456995
3.5703554153442383,-0.6656717271681943,0.3984449448067538,0.04749763614462888,-0.9217054967370046,0.44180110146036383,0.3437390803245501,0.5118343563834038,0.5410638372309259
