time,pulse_channel_1,pulse_channel_2
0.0,0.33691939951155864,-0.49567508010709677
0.21395672857761383,-0.5261998648708104,0.86651585224988
0.42791345715522766,0.28803213125564303,-0.6386988139619527
0.6418701857328415,0.5579631285608476,-1.0045896809446675
0.8558269143104553,-0.5185152562841431,0.08151275136800117
1.0697836428880692,1.03335944183551,-1.17204971629537
1.283740371465683,0.757776120892643,0.17339924769910034
