time,pulse_channel_1,pulse_channel_2
0.0,0.20936990691014504,-0.8275520336340634
1.1714733839035034,-1.9206595799962833,1.8105819888884355e-05
