time,pulse_channel_1,pulse_channel_2
0.0,0.34409764307942425,1.4801636086755825
0.5920590162277222,0.7925840492076494,-0.3243584745370565
1.1841180324554443,-0.5764780872825588,-0.3696615607742274
1.7761770486831665,-0.6031072301032279,0.053458657355766735
2.3682360649108887,0.6820989259829884,-0.6938621447685158
