time,pulse_channel_1,pulse_channel_2
0.0,-1.0560185111090363,-0.4095970203792166
0.1756724715232849,0.1909349996303082,-0.38151319830617425
0.3513449430465698,-0.079813129571449,0.8972499450431445
0.5270174145698547,-0.473800690545857,-0.3955365592079591
