time,pulse_channel_1,pulse_channel_2
0.0,0.2932611480152286,-0.837393367470192
0.4551735818386078,-0.5829418340615815,0.6071124984113422
0.9103471636772156,-0.6264676521534243,-0.10347141926871543
