time,pulse_channel_1,pulse_channel_2
0.0,0.7186709356754852,-1.413331860741422e-06
0.4281885027885437,1.0328918198217998,8.034949599133584e-06
