time,pulse_channel_1,pulse_channel_2
0.0,0.8696693225826916,-0.1734392312472321
0.1616092324256897,0.2093418681026522,0.40482360886196733
0.3232184648513794,-0.0023695895537817267,-0.22831036308897096
0.4848276972770691,0.4880820991893269,-0.1443894756584125
