time,pulse_channel_1,pulse_channel_2
0.0,1.0278089443842675,-0.8873021186069431
0.047110844403505325,1.174585363796004,0.5715706346426735
0.09422168880701065,0.5951422900181739,-0.6575468701907698
0.14133253321051598,1.2577362054169854,0.7497185216330764
0.1884433776140213,1.3381342594606271,-0.7609127960195544
0.23555422201752663,-0.1976473122485082,-0.3843728738236593
0.28266506642103195,-0.04894525626438781,0.20853252893734803
0.3297759108245373,0.677002042152325,0.7803312011109315
0.3768867552280426,-0.4822974573917888,-0.8023397848663565
