time,pulse_channel_1,pulse_channel_2
0.0,-2.295672470810232,-0.8105169854854991
0.02351650409400463,-1.7470434289691963,0.4162225887251725
0.04703300818800926,-1.618162686172482,0.04291481885908551
0.0705495122820139,-2.1254177930407026,0.15903276300462982
0.09406601637601852,-2.863135047177139,-0.6349975920725465
