time,pulse_channel_1,pulse_channel_2
0.0,-0.7340753827828063,-0.48469999402797653
0.6275281310081482,0.5134123875133512,-0.047997233420617326
1.2550562620162964,-0.6412513606222087,-0.5813708479082208
