time,pulse_channel_1,pulse_channel_2,pulse_channel_3,pulse_channel_4,pulse_channel_5
0.0,-0.15692190501335243,-0.837178130800788,0.0275297523652914,-0.02822447626048365,1.5910533177859185
0.07833801209926605,-0.16293350236645565,-1.7616581307685333,0.5387767139322088,0.04793325468158185,0.4503654277496702
0.1566760241985321,1.4763472503362456,0.028710873501321923,-0.13417724792259023,-0.17628747563687308,0.7698614750363022
0.23501403629779816,0.31867186522530194,0.9433314770712242,-1.4902902280427168,-0.870988269411884,0.48296623733299954
0.3133520483970642,-1.5595582272925044,0.7159562703217961,0.04654680557357387,0.22232614182684915,0.17697597933193748
0.39169006049633026,-0.4114951929986153,-0.8859563516470579,-0.36716247541199526,0.17913788983772883,-1.9886506060975415
0.4700280725955963,-0.023876370824649166,-0.7509098276130604,0.22900868101878738,0.8455869880615878,1.2507896214811567
0.5483660846948624,0.44825854609264626,3.2542279192485545e-08,-0.23659788370554383,-0.4606669005628688,-0.9031120775828197
