time,pulse_channel_1,pulse_channel_2,pulse_channel_3,pulse_channel_4,pulse_channel_5
0.0,-1.911088903801563,-0.2994282815785184,0.17000870040253757,0.01679878374247032,0.5755452973484728
0.8724971413612366,-0.5349947106564489,0.27804930914060666,0.672803305894088,1.111899800317026,-3.156850221258089e-06
1.7449942827224731,0.6367054399155092,0.644811543154895,0.023022201331604274,-0.03332814680250898,1.1457464090799543
2.6174914240837097,1.3968918366741885,6.372052590214433,7.012588093231159,0.16405253199175296,1.2420027002475762
