time,pulse_channel_1,pulse_channel_2,pulse_channel_3,pulse_channel_4,pulse_channel_5,pulse_channel_6,pulse_channel_7,pulse_channel_8
0.0,-0.8627316087850041,-0.4217608738635937,0.26665186825109966,-0.7545516964878002,0.11239500969267623,-0.5214242826123254,0.20261887881583127,-2.5379036244774965e-07
1.7075026035308838,-0.6857076065373143,-0.681087278520303,-0.4614453207979759,-0.389168455741762,0.8842758448893119,0.18498248519585206,-0.6597688629888893,0.5755151626969914
2.3778233528137207,0.4121873297617093,-1.177350256823926,0.48761499422673216,-0.6521599981787214,-0.030549358988259268,-0.6968459359017746,-1.1525540660005404,-0.259314288456044
3.0481441020965576,-0.10171093516266677,-0.5655901592883068,-2.3826880174125527,-0.4072420104355513,0.009937782907671605,-0.11093420027899399,-0.04706295192251148,0.855755004171446
3.7184648513793945,-0.8708144181207472,0.49892933632952124,0.42517922654820706,-1.2244690348684766,-0.1086511878421611,0.0017151822686992078,-0.43832614889869637,-0.509054053208665
