time,pulse_channel_1,pulse_channel_2,pulse_channel_3,pulse_channel_4,pulse_channel_5
0.0,-1.3577190982549436,-0.5144868783317934,1.0373605346626456,-0.8864070629425223,-0.3827264243536175
0.16652236878871918,-0.03651305833449234,0.7051067005674987,-0.6181452322992029,-0.16126736382108386,-0.699665780657553
0.33304473757743835,0.10625776128541294,0.20718546431613355,-0.04764206878837989,0.18111106485173062,-0.2669525989977541
0.49956710636615753,-0.39305986526311076,1.1440101283006943,-0.3363645237374125,-0.043519888086317786,0.9161586375123859
0.6660894751548767,0.9333378017718629,-0.28056737626115263,0.7428314744175544,-0.48209231897898636,0.6682879646151411
1.107301026582718,0.046323267019883645,0.34137510413613836,0.5126837074972505,0.35599993054841383,0.18427618367909998
1.548512578010559,-0.836119749601984,-1.7286473474650748,0.28339991456674285,-0.28986736996395523,-0.10271944311440563
1.9897241294384003,-0.5230366734966305,0.4981885896246953,1.016558427139439,-0.6799318253868792,1.5148135166813137
