time,pulse_channel_1,pulse_channel_2
0.0,0.1604174751119594,-0.6619203688324503
0.3098916709423065,0.8344011981222695,-1.0220637175239586
0.619783341884613,-0.2998603776505014,-1.1443281573718442
0.9296750128269196,-1.035064097664801,-0.4745337416329314
1.239566683769226,-1.1284306888677085,0.7247000356433907
1.5494583547115326,-0.42044752412943653,-0.9170853326909759
1.8593500256538391,0.7962854559830246,0.7666908423770218
