time,pulse_channel_1,pulse_channel_2
0.0,-0.5765122305050271,0.29042817121751024
0.3564423620700836,-0.6936977192099589,-0.513279521333762
0.7128847241401672,0.5627641539480134,-0.07655140596709896
1.0693270862102509,-0.2358022146122752,0.15029844412384377
1.4257694482803345,-0.41079076698321737,-0.14848589436987297
1.782211810350418,-0.28567611894711625,-0.46037418683153736
2.1386541724205017,-0.07900778504608995,-0.4883773459039589
2.4950965344905853,-0.09389549842931887,-0.7454176890125452
