time,pulse_channel_1,pulse_channel_2,pulse_channel_3,pulse_channel_4,pulse_channel_5
0.0,-0.6199334319323678,-1.1466464403920578,-0.6199347770467956,-1.32655483628638,1.5791616985250425e-07
1.4257701635360718,-1.3828554818667063,0.5716069186025864,-1.1795551919144156,1.20805598084277,1.0254127438048297
