time,pulse_channel_1,pulse_channel_2
0.0,0.8056241149996974,-0.2303409267534107
0.3250633776187897,0.23369358735938928,0.04719888474750771
0.6501267552375793,0.012013564112046482,0.09006297932883073
0.975190132856369,-0.017866243846060517,0.529566775480555
1.3002535104751587,0.7765934634780488,-0.5425231212341073
1.6253168880939484,0.10180733180969549,0.7049545774773128
1.950380265712738,-0.07420087032028697,0.6243218827555063
2.2754436433315277,0.09090399034124633,-0.7616510314677772
2.6005070209503174,-0.7351728524749753,-0.34090262287986756
