time,pulse_channel_1,pulse_channel_2,pulse_channel_3,pulse_channel_4,pulse_channel_5,pulse_channel_6,pulse_channel_7,pulse_channel_8
0.0,0.8315398535267086,-0.6571054890332594,1.2233706150798105,-0.8054034729878549,-0.23331093107584042,-0.8091513684436258,-8.236208696783146e-06,0.7238566651124538
0.43191659450531006,0.02254759552981649,-0.21067714612274582,-1.575306260539299,-1.6549012239273184,-0.21075953984462736,0.5071837700317093,6.734174637288407e-05,-3.633770808139195e-05
0.8638331890106201,-0.00678143195696066,1.4390076382234085,0.4733649053255939,0.49738292719682636,1.4381608155940393,-0.15239824238168895,-1.925934186787525e-05,-7.539435241658053e-05
1.2957497835159302,0.5951012870664484,-0.5880550396706273,-0.08481849947006953,-0.27123165663799337,-0.09025266079148153,-0.012634845061235828,0.23129238745071753,-1.030653163995118
4.043682217597961,0.236300706622937,-0.26863439811995216,0.00442826256579981,0.42123169075396494,0.3411359118269976,-1.999238101875615,-0.7720034412002865,0.06781197718923603
6.791614651679993,0.568581165515935,1.2758793598102605,0.35067040309546427,-0.34531158166603565,-0.5291976374936324,-1.0613933216454767,-0.7532357036396672,-0.35689220063831073
7.223531246185303,1.013279552424147,1.0475108194618867,0.6482198116077343,1.3837193312661162,-1.014833962543934,-0.19268778767180048,0.4364134138741375,0.8604858777666236
7.655447840690613,0.36483109342417797,0.6794459502779148,1.0230440825917184,-0.18051195587071708,-0.7552553523419708,0.8213572453543294,-0.5943143879881078,-0.5018214384524926
