time,pulse_channel_1,pulse_channel_2
0.0,-0.9385894106306152,-0.032227014815162186
0.2348276674747467,0.6150167127858449,-0.06679975917132797
0.4696553349494934,0.340723536286284,0.6125672264517894
0.7044830024242401,0.27405209122477264,-0.6850857700769689
0.9393106698989868,-0.0443893921131736,-0.7315717689097337
1.1741383373737335,0.8961743945810832,0.7033408688364075
1.4089660048484802,0.7570629806579201,-0.43888886358527834
