time,pulse_channel_1,pulse_channel_2
0.0,-0.25286925709613883,4.9734348864170335e-08
