time,pulse_channel_1,pulse_channel_2
0.0,-1.4748464259914107,-1.6489479208567966e-05
0.4006088078022003,-1.6454055316177978,-1.4444909012266256e-05
