time,pulse_channel_1,pulse_channel_2,pulse_channel_3,pulse_channel_4,pulse_channel_5
0.0,0.7745471688872584,-1.194309730627913,0.394391386129722,0.9376838600712772,0.890003814152843
0.3847073018550873,-1.3785212135376352,5.278025700798055e-06,-1.378546887255979,-2.2072688927653094e-06,-8.666028635052172e-07
0.7694146037101746,0.26078617620370637,0.20733309052768226,-0.4775551502706638,-0.25268728577622057,0.4156335174135519
1.507702350616455,-0.1555312021188477,0.18870580378746826,0.4428835100570903,1.1653766209133847,0.37729538631704435
