time,pulse_channel_1,pulse_channel_2
0.0,-1.5568374965316303,-1.1980089848563679e-06
