time,pulse_channel_1,pulse_channel_2,pulse_channel_3,pulse_channel_4,pulse_channel_5,pulse_channel_6,pulse_channel_7,pulse_channel_8
0.0,5.553696281220754e-05,0.8925940074138129,-0.03377622580153567,-0.539878946233113,0.5400346559762164,0.7133654952160969,0.8252302330713706,9.313954538887411e-06
0.37588515877723694,-1.253214313839799,-2.375465889296895e-05,-1.4772364641050104,0.5928232646169028,-1.1519413654194914,0.7348300426554067,0.8932094034049948,-1.0599237908477828
0.7517703175544739,0.07968103537179226,-9.367205677457887e-06,-0.5658645783873827,-0.309933050311696,0.23168708523413814,-0.9626756780636896,0.1206977981433587,-0.3042192352148889
1.1276554763317108,-1.1457967712256019,4.7815181308139355e-05,-0.8148012321099581,-0.28740921780301176,0.4458429100573329,-0.5541687669947664,1.2537203088658733,-0.6197293711776877
1.5035406351089478,0.6372440404851564,-0.0008441024199952067,-0.019421693147215067,0.24954148380954544,-1.0414212716468803,0.8209699153209269,-0.06617867396854145,0.769426320073287
1.8794257938861847,0.8595620838497852,-4.795452542942274e-05,-0.10296204138909609,0.5832682791806294,0.757961545421712,-0.3343844437366499,-0.7756253334640626,-0.21035193379769287
2.2553109526634216,1.0214879718514027,-3.8736948158215947,4.364877388342276,-2.6652828228765957,0.3299936564679276,-0.5001102692733214,-0.688403801987716,-0.16511529627337124
3.788410484790802,-0.6334097560304334,0.35424441460719863,0.34744396103326447,-0.28943532344364437,0.14550507749472133,0.6189106952603652,-0.563803412768868,-0.597146486192689
