time,pulse_channel_1,pulse_channel_2,pulse_channel_3,pulse_channel_4,pulse_channel_5
0.0,0.4342544683243835,0.04994867188589271,0.434251881368694,0.9813339296241482,1.1594833206142913e-06
2.0354082584381104,0.6747301352609588,-0.8764672305789344,0.3031953382692836,0.9526511357407181,-0.6504407846679188
2.266528367996216,-0.04195671726055794,0.8789622870933798,0.13427731680803218,-0.24020627329401115,-0.3465452825054408
2.4976484775543213,-0.07257692935164146,0.5025923982710957,-0.07897828613642338,-0.16643845511057073,0.15901101192124026
2.7287685871124268,-0.29238082967491713,-0.40607991646151176,0.9585968614280052,0.334799833364625,0.2409174662999963
2.9598886966705322,-0.6855991559281944,-0.133281449904299,-0.36585966611837917,0.44202833832302646,0.733113749849193
3.1910088062286377,0.38896610590338926,0.872787151171735,0.8789124361991745,-0.6546705956834302,-0.09616949868593547
