time,pulse_channel_1,pulse_channel_2
0.0,-0.51896031643844,0.9337889053920202
0.2244449108839035,0.6478113151274646,-0.1558565019211677
0.448889821767807,-0.035473936828729936,0.02189675734662598
0.6733347326517105,1.0771752448965597,1.2619958392084418
0.897779643535614,1.3355663559110202,0.4161708862213008
1.1222245544195175,0.5717900815109468,-1.1818264793804623
1.346669465303421,-0.6163418875375068,0.22005395072111522
1.5711143761873245,0.619551192285037,-1.0496944333039089
