time,pulse_channel_1,pulse_channel_2,pulse_channel_3,pulse_channel_4,pulse_channel_5
0.0,1.3958117596477564,-0.33536391516702857,1.3957867311690804,-0.8555087228991495,2.8830997189134035e-06
0.06566838920116425,1.2961463390401373,0.3353630289553453,1.2961746606033673,0.8555095391564639,-7.677566934344076e-07
0.1313367784023285,-0.35367302540613615,-0.7528680640194787,-1.0354590633865053,-0.39875838940499553,0.5381052169559505
0.27005264163017273,-0.16006599333514654,0.046029795479179236,-0.8595596960425396,-0.02878164741909257,0.6647278264810386
0.40876850485801697,-0.1743341231889293,-0.46041960005323523,0.7876074861133672,-0.5786367577931709,0.9074306719890132
0.5474843680858612,1.1293661501361356,0.051813112856775624,1.0682553443266387,-0.014680147575035368,0.649218345039236
0.6862002313137054,-0.6503599339506513,-0.027381823878988076,-0.5629032892676301,0.7216666405896628,0.4979504557204544
