time,pulse_channel_1,pulse_channel_2
0.0,-0.16558309572806337,0.3566647466651719
0.2825292944908142,-0.4013960928903837,0.6668244376662886
0.5650585889816284,-0.463836401876136,-0.876856544639973
0.8475878834724426,-0.7500718624215312,0.05448066442410294
1.1301171779632568,-0.678931077579558,-0.5250048161538926
1.412646472454071,-0.5149152754453387,-0.21886868477185523
1.6951757669448853,0.9105582934343738,-0.6963352719390998
