time,pulse_channel_1,pulse_channel_2,pulse_channel_3,pulse_channel_4,pulse_channel_5,pulse_channel_6,pulse_channel_7,pulse_channel_8
0.0,0.6095057579089168,2.8119301292552715e-05,-0.010792426251582358,-0.9892407435596885,0.24891790046071666,-0.51761737370967,-0.00040582756335539585,-0.14872895383635448
0.19764992594718933,0.11012586103849341,-1.498334274535841e-05,-0.028075976511925952,0.047732525068577454,0.10813960978678228,-0.409008631070808,0.6275330495801458,0.6460093786128619
0.39529985189437866,-0.022735922272948596,-1.3726211548488529e-05,0.06136749421436769,-0.11388707030569112,-0.377339591176642,0.40202452173067565,-0.16149258014926995,-0.7891228392406194
0.592949777841568,-0.06715705036274283,1.838833616637056e-05,-0.025857032091041808,0.3964520607922209,-0.052644606981599784,-0.28347381223088997,0.9208529816093273,0.4791465785464098
0.7905997037887573,1.262749960094907,-5.589275202217166e-06,0.031330219156175745,0.2982606789565041,-0.8465135681211851,0.03695794969460537,0.0016281893095530982,1.1425521458908334
0.9882496297359467,-0.24632270320160704,2.7252195789412355,-1.7146242296576388,1.0597247217197003,0.08439523764552355,0.4192081015236445,-0.24298122403312378,1.5093605593792557e-05
2.1736505925655365,0.7738634741419809,-0.7381608395373097,-1.5631947576785343,-1.4317550384885205,-0.01673301175421388,0.3822713631397358,-0.10866137533650043,-1.9196380613470944e-05
3.3590515553951263,-0.0018981037577732909,0.9029997398365143,0.44531968314859954,-0.03777234422390049,0.7728973944094442,0.08643061558381565,0.001198546106632536,0.4614806439451436
4.544452518224716,-1.4857488354741166,0.15918445624340544,0.001830791189376707,0.6099537458156078,0.6031251596349211,-0.5321198374361806,-1.5491701886224791,0.9677871768319712
