time,pulse_channel_1,pulse_channel_2
0.0,-0.7197245233277262,0.5093103321073162
0.08309202641248703,-0.7955310066531356,0.5006613104801821
0.16618405282497406,-0.5440678485082412,-0.2339826628072512
0.2492760792374611,-1.0062422548314027,0.17422219437807504
0.3323681056499481,-0.9182860291342071,-0.8962479704013486
0.41546013206243515,-0.9329358884833261,1.0498216232742303
0.4985521584749222,0.7137887359145378,-0.6701266025743535
0.5816441848874092,0.7419536028654549,0.7333414407290713
0.6647362112998962,0.1725760962737208,0.6706400470527359
