time,pulse_channel_1,pulse_channel_2
0.0,-0.4547183601575288,0.4529838772134741
0.4316892921924591,-0.09373707014703543,-0.7513259120779817
0.8633785843849182,1.0493288338325126,-0.8934274139954316
1.2950678765773773,0.13345124853429077,-0.16353628204393156
1.7267571687698364,0.7746712300808184,0.9519033984602516
2.1584464609622955,0.549616245164834,0.8819521301600286
