time,pulse_channel_1,pulse_channel_2,pulse_channel_3,pulse_channel_4,pulse_channel_5
0.0,0.8649381772947451,-0.6334341614773846,0.36155430123800303,0.12201089569969162,-0.7890052417148409
0.18299198150634766,1.1919663685868462,0.026903834496944848,0.2774030921970503,-0.17472371726859118,0.37460947292852803
0.3659839630126953,-0.4866215501649651,0.3419957832191328,0.2082893462873056,-0.1597839669449813,-0.7955393302588761
0.548975944519043,-1.0276726810592443,-1.0714347771515662,-1.1336295892129462,-0.08238681943066505,-0.2633939787578588
0.7319679260253906,0.04296840564512205,-0.8191691311058361,-0.14124436526056428,-0.7158905676594061,-0.6536293334529831
1.4225004315376282,-1.3406835059234852,0.7736885761923552,-0.3413451566115313,-1.0220856612267826,-0.16256698160140276
2.1130329370498657,0.7856327950459052,0.004897612359793362,-0.1892632934443651,0.7147786814370519,0.9721232060331972
2.8035654425621033,0.8861565088318144,-0.4321116630510388,0.636137526556532,-0.7584587907035715,-0.39550410542214187
