time,pulse_channel_1,pulse_channel_2,pulse_channel_3,pulse_channel_4,pulse_channel_5
0.0,0.5045765981493788,0.47104582779599075,0.5045792350502044,0.24565254842715167,3.5773353760980305e-06
0.18469643592834473,0.4525308445805093,-0.4710457663628625,0.45255323671521946,-0.24565194403483465,-3.6302297274541616e-06
0.36939287185668945,-0.1098954019855325,-1.5614416769643633,-0.41149800952274085,-0.1549432469477356,-0.22483512174807596
0.4357071965932846,0.12535486785541466,-0.47354681260915654,1.0622373799062546,1.2079650319747175,1.99840016421236
0.5020215213298798,1.9468408553673868,0.1872271815937488,1.276927252187879,0.16277638136030154,0.1107899198696708
0.5683358460664749,0.06461945175829413,-0.05241077779783509,0.9538020920718211,1.065867233291644,1.839521078596995
