time,pulse_channel_1,pulse_channel_2,pulse_channel_3,pulse_channel_4,pulse_channel_5
0.0,0.6002546578342867,-0.3584470380727968,-0.3060507678847671,1.2596704539339219,-0.4030464061114918
0.16125153005123138,-0.7953419559138964,0.17277043991049254,1.0363652917746062,0.3950867754309634,0.17778471678693705
0.32250306010246277,0.32298714529739103,-0.8624707826601025,-0.6044220612393355,-0.655466824904858,0.1441830364105638
0.48375459015369415,0.30180236374819297,-0.5512802583169086,1.4234498166053147,0.35810020557475514,0.42641684102852184
0.6450061202049255,-0.8755405509989587,-0.5846507020251139,1.3570335063947,-0.275669184578433,0.519819889717841
0.8062576502561569,-0.19616718835105287,-0.9195298029903037,-0.7533937411535391,0.6999992123192696,-0.63327154245098
0.9675091803073883,-0.6058096366720145,1.026704832367977,-0.5430930815743659,0.749712270345537,-0.5463650603698981
1.1287607103586197,-1.7088845525669502e-06,1.7914721050808378,-0.5971581692283756,1.950654106653939e-06,3.0567425988503504e-06
