time,pulse_channel_1,pulse_channel_2,pulse_channel_3,pulse_channel_4,pulse_channel_5
0.0,0.4039461778487014,0.4540198989683709,1.1628412642487633,0.18005375055563275,-0.14508704680320453
0.242727130651474,-0.7496999803677585,0.5020526018867957,0.09667780942069594,0.7526110822405255,-0.6477663252411648
0.485454261302948,-0.33627898351694524,-0.08102197253069313,1.0367857150455377,-0.17474746097619107,0.038591491377078
0.728181391954422,-0.5981563731717592,-0.7371994758527235,1.1739293437174543,-0.5479209007642213,-0.1589284803980272
0.970908522605896,0.0038089894688419722,0.4440415393471731,-0.21293930432034358,0.35311105632070233,-0.6177968544074742
1.21363565325737,-0.9684549561158355,-0.1903676261036383,-0.4996536991186681,0.35657488609496535,0.5679686419718495
1.456362783908844,-0.7496088466079142,0.13480497692342333,-0.6311368116637615,-0.7116650630571927,0.035397754864499684
1.699089914560318,0.5052360546713733,0.11834223594337188,0.439550743901525,0.21867811807242463,0.41562608298298453
