time,pulse_channel_1,pulse_channel_2,pulse_channel_3,pulse_channel_4,pulse_channel_5
0.0,0.7345070747408308,-1.0291530167791936,0.9285323762490418,0.2739425190347154,-0.25457746220861005
0.08763846009969711,-0.42103822059331464,-0.5719325235858097,-0.7914599000003114,0.24127358247931088,-0.26126740661036846
0.17527692019939423,-0.3655931219798032,0.4500503824557699,0.8280791010064371,-0.12089165752814514,-0.03483278470322835
0.26291538029909134,0.7678099682918815,0.488524593350505,-0.5947555193756296,-0.2708161216524261,0.11121296533531029
0.35055384039878845,-1.176677100963193,0.005852931416727008,-1.0478627635026467,-0.42906318375643315,0.7360961759099379
0.43819230049848557,-0.07597117911559051,-0.18059714898798793,-0.4275424491792433,0.4232337668240723,-0.452278952944022
0.5258307605981827,-1.0457834055643918,0.9032313631775298,-1.304967679007802,-0.03559724410839005,0.3324009786124521
0.6134692206978798,0.41228798387406457,-0.5853513500154706,1.0978949134544567,0.017342289274109246,0.00017803442593623554
1.8914135470986366,-0.32802127715140295,-0.7457442328320426,0.8934254445751006,0.08962472409657786,-0.29114624505154035
