time,pulse_channel_1,pulse_channel_2
0.0,-0.19753397737484243,-6.339577984756012e-07
0.69329833984375,-0.8842544327739595,-2.571668804020018e-08
