time,pulse_channel_1,pulse_channel_2
0.0,-1.3649989578719521,-1.108857028568972
0.29996639490127563,-0.6291011029064159,-0.20486379745247726
0.5999327898025513,0.20839496686892092,0.0823275337092417
0.8998991847038269,0.6118462949696615,-1.3213516166500543
1.1998655796051025,1.4895797925584728,0.36181437649106896
1.4998319745063782,-0.15142367626359593,-0.19143242457212875
1.7997983694076538,0.2110932347671466,1.6564050464600772
