time,pulse_channel_1,pulse_channel_2,pulse_channel_3,pulse_channel_4,pulse_channel_5
0.0,-1.4594274527239786,0.28753570516383153,-1.5648706234315066,-0.03234329721707831,-2.1787189952352323e-05
0.06027204543352127,0.5581560479024312,-0.6139276060799229,-0.0438632185277146,0.7637022570192591,-0.00010888222351858052
0.12054409086704254,-1.1858400622216314,0.3878647892585147,-0.3535864393123936,-0.6000870161052398,0.0002094080628982284
0.1808161363005638,-0.8578061716779776,0.7008694402392619,-1.1805088671908428,-0.240762819462196,-0.00011610908846792851
0.24108818173408508,0.09583609625111046,-0.7680317898002018,0.10886648257269498,0.10216635869025374,-6.104543248536455e-06
0.30136022716760635,0.1571324529154197,2.0336787582404616,-0.7071553830048697,0.12277696968211982,-0.13370022130533948
1.0196677818894386,-0.8085092895760911,1.2914047390013754,0.6213316250163998,0.19841138393569885,-0.6760587730819573
