time,pulse_channel_1,pulse_channel_2
0.0,-0.2556746564069636,-0.8954461849129047
0.3553888201713562,-0.7116273274776815,-0.17173314496307854
0.7107776403427124,-0.13433310278141675,-0.5292770772037251
1.0661664605140686,0.31986228776353587,-0.04367732438159776
1.4215552806854248,-0.2562350568852895,-0.5062665648476953
