time,pulse_channel_1,pulse_channel_2,pulse_channel_3,pulse_channel_4,pulse_channel_5
0.0,-0.12651885566068125,-0.7121245364009311,0.4256930605869843,0.7784711127284676,-0.9167789351607468
0.5244698524475098,-0.738693879317914,-1.2166600689299896,0.4041473749214907,0.4307398010399454,1.025186077503879
1.0489397048950195,0.10506080250022713,-0.6855949295253598,-0.9097895669868609,0.10862332628309379,1.4209737257811998
1.5734095573425293,-0.42588809529519484,-0.5021332861673069,0.18341316347312428,-0.27572363178592874,-0.3501424489114247
2.097879409790039,0.1944074136118931,-1.0145593824708399,-0.10275671229386286,-0.057747770754723045,0.19087594478174622
