time,pulse_channel_1,pulse_channel_2,pulse_channel_3,pulse_channel_4,pulse_channel_5
0.0,-0.7585053382155473,-0.4282512378488891,0.28905601718031454,-1.295651142227075,-0.621035195651914
0.1401403844356537,-0.08467105106805786,0.5436184791852278,0.5460457975247109,-0.15844925731349518,0.6322335116152635
0.2802807688713074,-0.5663542411325432,0.9228244324833959,-0.3469583977369127,0.25855181577760744,0.43455675363263646
0.42042115330696106,1.0625934299985647,0.9433738074432674,-0.13018364912203817,-0.4590255706474776,-1.2206780102042085
0.5605615377426147,0.16443229517929003,0.7990552489411311,-0.14738847015214876,-0.08989074315294932,0.1414118276835478
1.017509251832962,0.7753300955073279,-0.2693156075530676,-0.661857034406333,-0.3789581021929215,0.6731859608114972
1.4744569659233093,-0.8417339747644403,0.4176655372614946,-0.10440256764175643,0.8262633053636141,-0.7033291667347997
