time,pulse_channel_1,pulse_channel_2,pulse_channel_3,pulse_channel_4,pulse_channel_5
0.0,0.5023556311040567,-0.49369319398922185,-0.5764056502075448,-1.0145401731983494,0.13368785703386832
0.40039438009262085,0.8348729360955267,0.05181555745133434,-0.4903489537217311,0.7005629529312678,0.834132345699811
0.8007887601852417,0.5594721426780658,0.629538244957844,-0.10094475616455865,-0.6439620470446522,0.3228706900892717
1.2011831402778625,0.0743959803040987,0.12583560197034818,0.8857226660978961,-0.6880687330016889,0.6423490781314075
1.6015775203704834,0.06612795976286526,-0.5121833255479888,-0.9519767627587025,-0.27671691038258656,1.072872916809763
2.0019719004631042,0.5733771609232676,-0.12436251248298236,-1.5313645194594798,-0.6871655913881395,-0.9677348366572053
2.191707983613014,0.02703188707496584,-0.7029039399145118,0.006189449611650185,0.3104255511227754,0.25233940994534354
2.381444066762924,0.397823406724091,0.798629884631635,0.7696095347793817,-0.18166307251482755,0.2897864359457387
2.571180149912834,0.13681020356074547,-0.496078719456195,0.4004179627981223,0.3027109253336363,0.42396694013676284
