time,pulse_channel_1,pulse_channel_2,pulse_channel_3,pulse_channel_4,pulse_channel_5
0.0,1.0534205021979506,-4.9385291415242187e-05,-0.5276968554247325,-1.0554788374555257,-0.6081913642381424
0.310471773147583,0.9140717992542332,-4.733556733447748e-06,0.6081517386074466,1.2163699546213722,-0.5277173972975269
0.620943546295166,-0.5693604115763458,0.8052383307216615,0.5693984623083769,-1.841117997219284e-05,-2.9342481726860263e-05
0.931415319442749,1.7630877058509664,-0.26317409782884477,2.106941283146243,0.951098081020409,1.6676025284330491
1.0751194059848785,-0.4540091486379129,-0.6777515150183212,-0.7731764018586833,-0.08841325486517217,-0.2852574223992
