time,pulse_channel_1,pulse_channel_2
0.0,0.3662630542250034,0.055130365894694125
0.2810986638069153,1.2767533871010952,0.8616149416228747
0.5621973276138306,0.7510299032591888,1.0078312043288953
0.8432959914207458,1.080674728714605,0.814008236765637
1.1243946552276611,0.9120018166936988,-0.6211547609530585
1.4054933190345764,0.6073796028634652,-0.740669577421537
1.6865919828414917,-0.3171018245086353,0.18134276826656426
1.967690646648407,1.268190784547215,-0.3895530451991486
2.2487893104553223,0.46594724474505994,-0.5008330680110471
