time,pulse_channel_1,pulse_channel_2
0.0,1.2033503682963163,1.0497218772234371
0.25415337085723877,2.247648905444,-2.3606351469033937
0.5083067417144775,2.4017869059941805,0.36987783587597484
0.7624601125717163,2.9083868749331,0.3238213173487764
1.016613483428955,2.14516973470667,-0.15160323555723434
1.2707668542861938,0.8254812530544382,0.18985016893647455
1.5249202251434326,-1.8444827569284428,-2.178369546880424
