time,pulse_channel_1,pulse_channel_2,pulse_channel_3,pulse_channel_4,pulse_channel_5
0.0,-0.6252200682600737,0.21178446519828775,-0.19875009776298894,-0.8901940050853724,-0.7848532652336551
0.23221229016780853,-0.5922606009679411,-0.41250596202941153,1.1717094043598348,0.48060210862255287,-0.16578227247336083
0.46442458033561707,0.4410925500610472,0.3278200796394838,0.31440285579809574,-0.08176415728748022,-0.3617618579389023
0.6966368705034256,-0.7759762253085583,0.07663257697273718,0.8824701532657502,-0.20535944967633013,-0.13302128452405318
0.9288491606712341,-1.0305692400559592,-0.406437161012072,0.2653869431862877,0.7149538566293361,0.4597350197608209
1.1610614508390427,-0.6990894415569993,-1.3786684680709722,-0.2284655938424465,1.1164326190101823,-0.8945856359699176
1.3932737410068512,0.880941070283017,-0.8693843968162797,1.005209129959227,0.9899382580443759,-0.628572935701024
1.6254860311746597,0.6655803710027015,-0.6239604846852156,-1.9000956599318524,-0.13870557306586315,-0.5038735361351968
