time,pulse_channel_1,pulse_channel_2
0.0,0.034622290634747116,-0.31028318187450704
0.3980236351490021,-0.09696463167671052,-0.353667410054831
0.7960472702980042,0.6515909550730503,0.09173349819672644
1.1940709054470062,0.039515931510593974,-0.9990609002790504
1.5920945405960083,0.4154646543624807,-1.0286092165374199
1.9901181757450104,0.3550682757047812,-0.9790765990371757
