time,pulse_channel_1,pulse_channel_2,pulse_channel_3,pulse_channel_4,pulse_channel_5
0.0,0.16825405189938228,1.0687798158611936,-0.19867357793259743,0.10175979139810949,0.7636588441964544
1.894092321395874,-1.0898456137946548,-0.5105061332280008,-0.34953403370624114,-0.6597804211004085,0.8207781782529268
2.5207661986351013,0.425632937384279,-0.905883574296118,0.6398306128164607,-0.5883308332738967,-0.8701194556475779
3.1474400758743286,0.7702033933173061,0.32490821243451296,-0.6726101170636628,-1.1292543868116467,0.8355759727707465
3.774113953113556,-0.7091481809754412,-0.5037050703630057,0.2721982881961911,0.7832694004237253,0.6798118902132788
