time,pulse_channel_1,pulse_channel_2
0.0,0.1622927196963257,0.0829128648445536
0.1268591731786728,0.8585497806227796,-0.06994786837609837
0.2537183463573456,0.9510974216050294,0.06676991839544485
