time,pulse_channel_1,pulse_channel_2,pulse_channel_3,pulse_channel_4,pulse_channel_5
0.0,2.5652899111720457,1.2162161339003952,-0.5300750321889389,-0.07789653457196216,-0.20828318530255233
1.235447883605957,1.0360906676366775,-0.6663703681889493,0.7056060857681945,0.15159899511372335,-0.4994994790149336
2.470895767211914,0.6860486580752273,0.6050644371987107,0.22508140836312793,0.16392343359432862,-0.49189172175785056
