time,pulse_channel_1,pulse_channel_2,pulse_channel_3,pulse_channel_4,pulse_channel_5,pulse_channel_6,pulse_channel_7,pulse_channel_8
0.0,1.150232441106629,-0.00011378595412622143,-6.572074699725901e-06,1.1502413447343949,-3.217020060999477,-0.03631260632070855,1.6242117687081822e-05,0.34177780649905093
0.15368837118148804,0.2913051265695937,-0.5183872561080405,-0.10448397489186352,-0.24721669668675958,-0.5328829398346822,0.0077642012972441304,1.0936649644351741,-0.46633414314447136
1.4348549246788025,-0.4367609752574758,0.29814201570932075,1.0003411999226406,-0.9368239486346247,-0.039002248757113514,0.8721756999546286,-0.2202294302845834,-0.27049356435606153
2.716021478176117,-0.5340418520219856,-1.0652560700224225,0.23814056330522548,0.26917428778720087,0.5409271052134961,-0.5268480734342802,-0.5780789153795473,-1.324641619606131
3.9971880316734314,0.3453070160231093,0.7550718346143445,0.23474222838654102,0.24120767608046892,0.3661149075864779,0.4171752004329697,0.4117619090895518,-0.5135709631376759
