time,pulse_channel_1,pulse_channel_2
0.0,-0.24569934806565577,-0.21360238866021197
0.3527217209339142,0.5090322696662937,-0.8289649117290631
0.7054434418678284,0.4894157934141846,0.7336452725982774
1.0581651628017426,0.3021544092361633,-1.1807904314486437
