time,pulse_channel_1,pulse_channel_2
0.0,-1.319629913667698,-1.0556046671550612
0.3038597106933594,0.17723912287581323,-2.418978486095685
0.6077194213867188,-0.15526727511390587,-0.5889755392967093
0.9115791320800781,-0.2787716811970192,0.46242115316327714
1.2154388427734375,-0.41780079599972686,0.08103416895877738
1.5192985534667969,-1.3389466567844839,-1.1840785902776434
1.8231582641601562,0.12777240425947323,0.40364048033469674
2.1270179748535156,-1.1722340990099913,-0.6526337967255259
