time,pulse_channel_1,pulse_channel_2
0.0,-1.3129701998496486,0.3580930961811932
0.3344433605670929,0.4080643383221684,0.15542047432280845
0.6688867211341858,0.02730720232803039,0.11919273451940698
1.0033300817012787,1.4832280861810518,-0.24090845285013127
1.3377734422683716,1.211633695754936,-0.7014703023896834
1.6722168028354645,1.1766320032754545,0.46279958573150853
2.0066601634025574,-0.9022724785266479,0.5147583630631409
