time,pulse_channel_1,pulse_channel_2,pulse_channel_3,pulse_channel_4,pulse_channel_5
0.0,0.37717804031692903,2.1138161815100722,-0.6185880071191213,1.993467374472628,-0.09075405119071188
0.4204154908657074,0.2795184224873823,-0.6566328642748714,-0.4625765991891855,0.34629651319917876,-0.19794430281084466
0.8408309817314148,-0.31216179838342556,-0.42703784814670936,-2.551203398788413,-1.1617517004579418,-1.780675797981741
1.2612464725971222,-0.6875053334370965,-0.48195974422853377,0.6824162609917349,-0.03189549049709014,-0.6351654943746651
1.6816619634628296,-0.45791955995412265,-0.328406109558783,-2.1007524680141203,-2.4260952957975714,0.44245099947183797
2.102077454328537,-0.9641427979039078,-0.2727448128161592,-1.2459800582044207,-0.4556951751319232,-0.8675380837859471
2.5224929451942444,-0.49925446519363753,1.539552595736882,0.164430175699351,2.163579034054444,-0.034952504608158554
2.942908436059952,2.4862169667567725e-05,-1.5369913285293177,-0.18731059092125943,2.5080017499368786e-05,1.9812813021195017e-05
3.0250000953674316,-1.931795907183579e-05,0.0143022087530514,-1.3353694431424297,-2.744697006043083e-05,-2.8061010816217606e-05
