time,pulse_channel_1,pulse_channel_2,pulse_channel_3,pulse_channel_4,pulse_channel_5,pulse_channel_6,pulse_channel_7,pulse_channel_8
0.0,0.33565945350567794,2.192686512371587e-06,0.16794501069384007,0.3356617128506008,0.6824464389395009,0.18084504657604666,1.1895978408508569e-07,0.2076922633367893
2.633267641067505,-0.5660724655786795,1.0506777198138553,-0.044130133336442,0.17301749906170139,-0.00014449854089306155,0.1620031440910051,-8.232758509931997e-05,3.821129616245477e-05
2.7522554993629456,-0.478077769526493,4.990237357090784e-05,3.6394104528847486,-1.0523094625112763,0.00024228313268113402,0.00029802042251161887,6.568836777651488e-05,-2.101180535414488
2.8712433576583862,2.0519400225067836,-0.00028325872967794615,-0.16212800878343617,1.0400455987123796,0.5917118227282019,0.16125333768411054,0.8236448328913919,0.00013004479120064653
2.990231215953827,0.711449729552258,4.8011722427403243e-05,-1.8967952461943727,1.330698211760791,-0.0674877485097647,-0.03576910201231783,0.7565571758166137,-1.7050199074577018e-05
3.1092190742492676,-0.7028007662540363,0.4288941248373221,-0.40412066353444115,0.8806540405594382,-0.48823926355081365,-0.05249819628304246,3.3579211983951312e-06,2.399286635385693e-06
3.2282069325447083,-0.17987324705490168,0.2877558887636573,-0.8018408654328194,1.0607679363817957,-1.2141027223338032,0.029715447600390816,1.4067789359017794e-05,8.842354624754883e-06
3.347194790840149,-0.1499899370071196,0.6234326984574373,0.5764940681711086,0.4708529668679494,-1.1791604619713607,-0.35565170096816284,-5.151087895929478e-06,7.294166083084294e-06
3.4661826491355896,-0.568984124399776,0.20056257684193451,-0.41477110516002164,0.4882948658286604,-1.0471369281845808,0.3500472038400038,-1.36090738542757e-05,9.70331783479907e-06
