time,pulse_channel_1,pulse_channel_2
0.0,-0.7204281310030017,-0.33111214831589414
0.23452487587928772,-0.18412499083362519,-0.06829277694940784
0.46904975175857544,1.048573321000331,0.1875264808462792
0.7035746276378632,0.9586962553549327,-0.23998873345338032
