time,pulse_channel_1,pulse_channel_2,pulse_channel_3,pulse_channel_4,pulse_channel_5
0.0,1.6363848517556099,0.30993395863025397,1.488340108997121,-0.3749462991090016,6.612840226785267e-06
0.07970364391803741,0.179380342593201,-0.48991962011966367,0.26765827301744527,-0.25266784924730323,-0.0001356016030760419
0.15940728783607483,-0.08633132413284197,1.0177184495758753,0.14887548553032975,0.6337389104196212,0.00019339366855982
0.23911093175411224,0.13913794620641975,-0.3190525456313487,0.07273052037497357,-0.3205030493615772,-5.19623223972291e-05
0.31881457567214966,0.42846489141504823,-0.5213156599958713,0.16741385347816448,0.3064995974285698,-2.420898505931848e-06
0.3985182195901871,0.3791302302154086,-1.5793181674499894,-0.49376798040205316,-0.10708133485518934,0.3635687274045132
0.9318962246179581,-1.1679693721234858,0.50978925891869,0.38608767546022404,0.09035604538492346,0.5351298219871025
