time,pulse_channel_1,pulse_channel_2,pulse_channel_3,pulse_channel_4,pulse_channel_5,pulse_channel_6,pulse_channel_7,pulse_channel_8
0.0,-2.1123029736167536,0.26187888985263436,0.2474593929113073,0.1935811959015379,0.7235942414763652,0.608727777550254,-0.0009196229084014321,-0.2211924700812122
0.06968175619840622,-1.593705007971987,-0.1852607237452534,-0.24236117820098987,1.7926572569746106,0.1946036080406437,-0.2295730699496893,0.0053362341375367646,0.20784608029637638
0.13936351239681244,0.5807982510112253,0.0836106256803653,-0.2113711456824305,2.238210610564394,-1.2453556895635964,-0.7663372961507059,0.004739747305231546,-0.33182924430488486
0.20904526859521866,0.6655844812080196,-0.12840110240720387,0.0534768081285958,-0.7582966157801445,-0.38009754782682603,-0.5053522448985481,0.007016315834902964,0.6545063613115177
0.2787270247936249,0.960971999229729,0.10817040260493822,-0.14644180779449087,-0.05837099986524828,0.7699867139862969,1.0707389883767673,-0.0054283736417175725,-0.569041989298604
0.3484087809920311,1.304272485592677,-0.1693492617367061,0.27932947255405316,-1.0267635263452288,-0.07007588807185537,-0.15781486571807007,0.001114546074335517,0.25737571628619244
0.4180905371904373,0.3811010227046979,-0.3689996555289439,-1.5034611431280245,-0.6388741240956487,0.12446748415858788,-0.010044504219311549,0.19010474013037448,-0.8348874258252937
1.576032117009163,6.53933969059076e-07,-1.04976430744756,-0.5562810242895752,-1.1873423130418834,-5.906995393445993e-06,5.424849302054534e-07,-1.0070736470831057e-06,-0.2117245653879241
