time,pulse_channel_1,pulse_channel_2
0.0,-0.3786025801297462,0.8751899354986056
0.29145658016204834,-0.005710654178668736,-0.0867204924029837
0.5829131603240967,0.42886662203241593,0.747231474759372
0.874369740486145,-0.5467855625485838,0.7138368501877449
