time,pulse_channel_1,pulse_channel_2
0.0,-0.370429830203561,-0.8909892880948652
0.14099201560020447,-1.031443142998742,0.7382644231528476
0.28198403120040894,0.499485154658467,-0.640719488289216
0.4229760468006134,0.33053666061679715,0.8073488415970037
0.5639680624008179,0.5669131187751045,0.41969326033257287
0.7049600780010223,0.10106346797821864,-0.10665107297741074
0.8459520936012268,1.0552206484758555,0.6194878877944228
