time,pulse_channel_1,pulse_channel_2
0.0,0.3709742015895987,0.646127010594549
0.33897310495376587,-0.27805357019967913,-0.5542490316866844
0.6779462099075317,0.37679110540342986,-0.6739340933957166
1.0169193148612976,0.5967532589795452,0.09531151640690257
1.3558924198150635,0.07904635741994377,0.26675761852221913
1.6948655247688293,-0.11479234241089536,0.5007109422844761
2.033838629722595,0.1321400137322764,-1.0281506102222702
2.372811734676361,0.43417556438078553,0.9525007083736863
