time,pulse_channel_1,pulse_channel_2,pulse_channel_3,pulse_channel_4,pulse_channel_5,pulse_channel_6,pulse_channel_7,pulse_channel_8
0.0,-0.3595007556248741,0.8896767153059897,0.4479571598886724,-0.5252883935552825,-0.013039429466530257,0.12588963252135849,0.5906018254635695,-8.59414201203783e-07
1.0745540857315063,-0.1645105612194647,1.0418144841043704,6.963779063526562e-08,-0.1645120387293362,-0.119407288821754,0.9305848927052506,-1.7919659568348921e-06,0.6515521063965531
2.1491081714630127,-0.6026316118162495,1.0281143353036044,0.0569733731461676,0.8482200774448767,-0.22964658435196747,0.6090582008282043,0.26500214326130533,-6.977160568747465e-07
4.601221799850464,-0.02133474111421312,0.6731823374961046,-0.9218422662109005,-0.2674600756680511,0.6327450143911013,-0.2254607959632363,0.5642788926618921,0.4098626821495997
