time,pulse_channel_1,pulse_channel_2,pulse_channel_3,pulse_channel_4,pulse_channel_5
0.0,-0.8475038573577915,6.709866173571453e-06,0.4217074417934912,-0.3019977748257705,0.42720580969555816
0.9614090323448181,0.551600879622375,-5.2532308972605614e-06,0.5515591822503272,-4.6629312608110225e-05,3.0371815062858668e-05
1.9228180646896362,-0.5526113200791601,2.1986075415344704e-05,-0.34316735356538225,-1.3297445374491053,0.5065386122809609
2.8842270970344543,0.26439819931609926,0.8106580338504173,-0.4512253160277309,0.46807060802454736,0.24572595308547196
3.419958770275116,-0.6826623351792686,0.19702314654710598,0.3825008023387503,0.032885383294241836,0.1483986651494744
