time,pulse_channel_1,pulse_channel_2,pulse_channel_3,pulse_channel_4,pulse_channel_5
0.0,0.0952636983689408,-0.2702773362737261,0.526127335192863,1.152330782839184,1.2974190427873562e-05
0.7100270390510559,-0.7894573926396946,-0.0008468027499138615,-0.6311819235614502,-0.7042106921922314,2.823148133122232e-07
1.4200540781021118,-1.265915225498058,-0.05133602462782388,0.12954905526008173,0.21886991234366965,2.020704723108129e-06
2.1300811171531677,-0.1891146730671019,-0.4186776125456804,-0.9017769579976744,-0.09646566020797556,0.5561249849954125
2.529488980770111,-0.8434474199439889,-0.7363420003963306,-0.9317988666117999,0.8688432388928893,-0.7035692991915106
2.9288968443870544,0.20094286443781575,0.5386078310191205,0.13816447892428238,-0.4201115678954841,-0.5197102815050028
3.328304708003998,-0.7367454616693365,-0.49008249945378857,0.5582361290400087,-1.0284891503742875,-0.0760945803557959
3.727712571620941,-0.8919623670560365,-0.3759487194122749,0.3371232776939889,-0.1460717512393475,-0.1922292215502019
4.1271204352378845,-0.6944471649884163,0.7160719408237126,-0.6436980449517888,-0.23280625456415693,-0.0067152805176849085
