time,pulse_channel_1,pulse_channel_2,pulse_channel_3,pulse_channel_4,pulse_channel_5,pulse_channel_6,pulse_channel_7,pulse_channel_8
0.0,-0.04597514462838189,0.6551855726775051,0.09794444728684214,-1.2233868826184606,0.7349134018305318,-0.33057537869387027,0.39182901680085813,-0.5875862039118339
0.4207627773284912,0.28671729356476267,-1.1455372557583285,0.41057294552691515,0.22818371483293684,0.514588986594218,0.6872240634582811,0.5973959138368188,1.147960641217292
0.8415255546569824,-0.6806915241855185,0.6456049018355227,-1.0296990141481122,-0.7174636167989817,1.0906398223944966,0.4920468549737894,-0.1317107312960859,0.7531132606927328
1.3377669751644135,-1.684463331660899,-0.6494254105633277,0.07687764735711138,0.2957074365958002,0.17402662914018488,0.07486232686355004,-0.9557166498649282,0.3965467253813855
1.8340083956718445,-0.17282578566650222,-1.10379189011128,1.181027771755715,-0.5584157751828109,-1.3009635323339803,-1.0824402473193084,0.4870711992382446,0.5784981441275162
2.3302498161792755,-1.0981964449916974,0.8003343242309502,1.1674642054904263,0.5464505887682835,0.07138966685371927,0.6969209237698315,-0.2689242918807903,-0.4887458631228053
2.8264912366867065,-0.42013341431812395,7.118230683974146e-08,0.21613055293531844,-0.42013999951894954,-2.001731864692973e-05,0.2904550901733005,-2.1317404926008816e-05,-6.133347249653488e-06
3.2472540140151978,-0.022206184123036345,0.00037415450547194015,0.4932590875779694,-1.0378450017465062,1.0380529875441498,0.6628898456039989,-0.5783759887455531,6.135136691518892e-07
