time,pulse_channel_1,pulse_channel_2
0.0,-0.36255452704020397,0.2281635130170213
0.4008569121360779,-0.10922271357407969,-0.27122773078648077
0.8017138242721558,-0.3110415475171431,-0.8622793655606198
1.2025707364082336,0.5684428444310746,0.025183040573355357
1.6034276485443115,-0.6229617675485541,-0.4339987681372824
