time,pulse_channel_1,pulse_channel_2,pulse_channel_3,pulse_channel_4,pulse_channel_5
0.0,-0.6259239348152748,0.22722713895611904,-0.7742726230746896,-0.19809999056359925,-0.3698159530094067
0.3966878354549408,-0.5031810735590321,-0.4858228076489293,0.8549065377724315,-0.23711049759969577,-0.7739029649996998
0.7933756709098816,0.5327929277226674,-0.5063519132302841,0.6129409684607356,0.3641654528383724,0.8985475154386339
1.1900635063648224,-0.799280495089222,0.8846493001384268,0.8708522305371021,0.8761702882814357,0.6080753569721182
1.5867513418197632,0.8674826820929067,-0.9894288083758849,-0.24361703077397673,0.7625966891500993,-0.4908346284218923
1.983439177274704,0.2789328875907383,-0.966552316732633,0.8188414276995363,-0.36270549934424234,0.661519277996445
2.3801270127296448,0.48874455839538344,0.002825003119913341,-0.12987616712422267,-0.4276435408087116,-0.2972595496083121
3.803135097026825,-0.3743989919230061,0.2649805957792708,-1.4148482019711628,-0.029240388272430445,0.23736094173421252
