time,pulse_channel_1,pulse_channel_2
0.0,-2.212047618352165,-9.611504331656683e-06
0.05384586378931999,-2.430838158034114,-4.741686312085038e-06
