time,pulse_channel_1,pulse_channel_2,pulse_channel_3,pulse_channel_4,pulse_channel_5
0.0,1.7028769096505723,0.022608833293786653,1.7028763643497005,-0.9171427087270185,-4.388883171082425e-06
2.180023193359375,0.5755042276645181,-3.520436091306044,-2.0657342591614505,1.798360705015991,0.02709016113303717
2.218871559947729,-1.8832750845627177,2.362947374312478,3.0283315384426532,2.1189955640162057,-3.894887316853691
2.257719926536083,-2.0196690288102723,-1.130872314650852,-1.2664556953100718,-0.8931060954757107,0.4772095278370984
2.2965682931244373,-0.2551348823087771,-0.912622166361487,-3.3608990601870214,-2.190539680930389,3.3245758577489584
