time,pulse_channel_1,pulse_channel_2,pulse_channel_3,pulse_channel_4,pulse_channel_5,pulse_channel_6,pulse_channel_7,pulse_channel_8
0.0,0.5227025522462642,-0.9872619066691974,0.17101510464197586,0.3517308100956943,0.1631806602072887,0.6484007487721103,0.4276979402466339,1.1300983572715566
1.1434822082519531,0.772969413254731,-0.5183709888828587,-0.24113016207634155,0.7729784004311852,-0.7659880842890207,-0.1657497348952432,-2.6846718877085684e-05,0.41803928374625465
2.2869644165039062,5.145948073433351e-07,-1.0152199810971632,4.7351904319820946e-07,-1.015220668986322,-1.3344883957887427e-07,-3.832503073550987e-07,-9.640044376775945e-07,9.865799489160599e-07
2.4100905656814575,2.998304932575481e-08,3.623652177177618e-07,1.0152188493958936,1.0152190920519206,-2.4319015424079953e-07,-5.772610372196835e-08,-2.6821792976294836e-07,-7.973201135931721e-09
