time,pulse_channel_1,pulse_channel_2
0.0,-4.309136317780774,-2.7651621874519714
0.2792018949985504,-6.02322110487614,0.7330363809370846
0.5584037899971008,-4.0589388537669455,4.5123489074501375
0.8376056849956512,-4.592391302725777,6.674072764508933
1.1168075799942017,-6.320422316748049,5.604062543519106
1.396009474992752,-4.070427195532506,2.278133512628273
