time,pulse_channel_1,pulse_channel_2
0.0,-0.03823600806685738,0.5545712787656214
0.4395560324192047,0.19533370189949806,0.5175955911524553
0.8791120648384094,0.7588074597767973,1.0145653786639357
1.3186680972576141,0.4351879571858266,-0.1902197835073848
1.7582241296768188,0.07026973622584766,-0.07325660531317443
2.1977801620960236,0.3318629111714119,1.2319706775318693
