time,pulse_channel_1,pulse_channel_2
0.0,0.9957807590848999,0.7414060923351582
0.4855313301086426,-0.5300576906685786,-0.4471416622022824
0.9710626602172852,0.1570711420782143,-0.5470227484272386
1.4565939903259277,-0.6067191967677169,-1.3758722353062596
