time,pulse_channel_1,pulse_channel_2
0.0,-0.11478586046289758,0.34789074458086
0.7181583046913147,0.30394236302440786,0.12181926812578757
1.4363166093826294,0.28885235666262415,-0.6760295895135378
2.154474914073944,0.053188450440034354,-0.9829297131976965
