time,pulse_channel_1,pulse_channel_2,pulse_channel_3,pulse_channel_4,pulse_channel_5
0.0,-0.2735543587970169,0.7802151087963355,0.0700736842888842,0.9333510347184342,-0.46653939021309376
0.6953110098838806,-1.1329295893440476,-1.3490163882024184,-0.9714774399025996,-0.40278371430079485,-0.30388668719509787
1.3906220197677612,-0.08845980452627474,-0.4121423351141881,-0.8590911218231128,-0.8764481249778049,0.7158384655164005
2.085933029651642,-0.3175936749577622,-0.7080229387975829,-0.0382147110992578,-0.9503760337536836,0.5351340513719317
2.7812440395355225,-0.4172674243966025,-0.4777851450985192,1.3398263516906272,0.17761224455436425,0.5408562403387849
3.6349361538887024,0.0584228536105958,0.5951645359718081,1.4438361824333126,0.009207251758143555,0.1594285458202626
