time,pulse_channel_1,pulse_channel_2
0.0,-1.1738128182480705,1.0893620660028193e-06
0.08925998210906982,-1.6269955238167726,-6.985037833371352e-07
