time,pulse_channel_1,pulse_channel_2,pulse_channel_3,pulse_channel_4,pulse_channel_5
0.0,-0.4234506901267998,0.1647314526053887,0.29273290512901284,-0.2999759289867859,0.3914103929327157
0.17804807424545288,-0.05764365645194292,-0.37916196445251094,0.610336411937395,0.9266200116825856,0.7989522630734951
0.35609614849090576,-1.1467517026274907,0.5537786109383817,0.16468540116309588,0.6051013911690238,-0.9717824472262121
0.5341442227363586,-0.7658426247167875,0.5810807083202449,-0.7106340285229976,1.247384565739329,-0.1650232989303811
0.7121922969818115,-0.1711169533307354,1.4331816420602286,0.4676191697601801,-0.011062093382755305,-0.6978825448541683
0.8902403712272644,-0.6132912686793388,-0.6443958021889511,-0.04431747926576612,8.10253169960632e-07,-1.3915998151250668e-05
1.0842192023992538,-1.4419732011517061,-1.610141057446156e-05,-0.2094498147798073,-1.448359925488158,-1.456002102109469
1.2781980335712433,1.9576342885386218,-0.09426839067876885,0.14135865985193616,2.575901670987431,5.0712843111486894e-05
