time,pulse_channel_1,pulse_channel_2,pulse_channel_3,pulse_channel_4,pulse_channel_5
0.0,0.008319723607243524,0.0007986553655854948,0.7426623300032212,-0.9389364436402636,-1.6006174171082226
0.13587801158428192,0.7706055385214539,-0.10402313854599037,-0.885136858386373,0.0748481961652014,-0.08395186758834414
0.27175602316856384,-0.07436981574669063,0.022571579922763887,-1.533340051942921,1.486419103734873,-0.5029065742977858
0.40763403475284576,-0.40967568666317594,-0.10364161163115504,-0.6450847469609367,0.26962640363191287,-0.02117664633117743
0.5435120463371277,-1.40185314909762,-2.5720422408478114e-07,-0.562537305506107,-2.194885275666335,1.876838755934194
