time,pulse_channel_1,pulse_channel_2
0.0,1.0662233989165368,0.5944473492927689
0.17594294250011444,-0.19496205846267,-0.15686185186914126
0.3518858850002289,0.3171175683222827,-0.6102351921884965
0.5278288275003433,0.35917031342109546,0.6474079662475333
