time,pulse_channel_1,pulse_channel_2,pulse_channel_3,pulse_channel_4,pulse_channel_5
0.0,-0.29485047709067064,0.423225011886633,0.1587057557439987,0.6474547969619912,-7.195761306620876e-05
0.11424531787633896,0.47855150854210565,0.2701228314491289,-0.2519989026562564,-0.7039631648889821,8.973855245417282e-06
0.22849063575267792,-1.3823469400466875,-0.5707599002756643,-0.6821039464824983,-0.08899371237621062,-5.8031549336558576e-05
0.3427359536290169,0.22090683789227514,-0.3266473041463751,0.18417008963210219,-0.15312236447514566,0.00017755770456953277
0.45698127150535583,1.3917562749414447,-0.39666933707335,-1.070412395184924,0.3512342792407506,-2.063236169462236e-05
0.5712265893816948,1.9278492352463477,0.5676488587335169,0.0685876557814573,-1.0227972516710238,0.00010193597667708015
0.6854719072580338,0.6395852103822028,0.2673062168423221,-0.9348899636440212,0.67918454394222,-0.0001712510495761644
0.7997172251343727,0.12545738806766668,0.9442432412897103,-0.27442965630720917,-0.014382962126462095,-0.11329096994806788
