time,pulse_channel_1,pulse_channel_2,pulse_channel_3,pulse_channel_4,pulse_channel_5,pulse_channel_6,pulse_channel_7,pulse_channel_8
0.0,-0.4737787388803718,0.5362094759340761,-0.17753473215487212,-0.645604302497812,0.2295521118939053,-0.11529445940255188,0.6939010216773918,0.00046904447032223613
0.04973893240094185,0.054975977634960024,-0.43521621016092144,-0.24888651387580518,0.14674203079442333,-0.1833834034011483,0.21976714128271457,-0.31132607963961617,-0.002043370647431339
0.0994778648018837,-1.1532433615198727,0.10608270056052692,-0.519641036032806,-1.119789392692619,0.10433229894983381,0.48349185454026916,-0.7406600153186349,0.005986372034368286
0.14921679720282555,-1.4301230147473276,-0.19731878353584023,0.5620193381329397,-1.4681720052449683,-0.07639291598645118,-0.5833940766768774,0.7253793030564631,-0.006524581334327444
0.1989557296037674,-0.5485122206816188,-0.01982426583894023,0.3823410691283193,-0.5959069285319264,0.007189841350988732,-0.007375706593905,-0.37293237581254995,0.0019793555819627206
0.24869466200470924,0.572468820972029,-0.9442393480894647,-0.2496997611877858,0.15079200931802217,0.5417573464677274,-0.04262818968679882,1.0261425871859249,1.9326465556526524e-08
2.222542528063059,-0.45943430465421015,0.6998630799849717,1.278824450798139,-0.8327550444501363,0.0934729589304931,-0.03402331040563383,-0.29240108517762514,0.31816400648241133
