time,pulse_channel_1,pulse_channel_2
0.0,-0.29988093298315377,-0.1394445262281895
0.9369366765022278,1.2302655068019024,-1.2686897959327577
1.8738733530044556,0.061790829672088106,-0.9260877978086335
