time,pulse_channel_1,pulse_channel_2
0.0,-0.7674143606768566,-3.0232232013217657e-06
