time,pulse_channel_1,pulse_channel_2,pulse_channel_3,pulse_channel_4,pulse_channel_5
0.0,1.0065188511237408,-0.5051853890684556,0.5788498923624039,0.033538621777243816,0.16832149225055684
0.24318374693393707,-0.8745924551647042,0.2924232533322755,-0.5483802986484342,-0.47330629904129146,0.47316369465262403
0.48636749386787415,0.5418744678958316,-0.29080295007872936,-0.614607485314861,-0.38508022955712423,-0.4522864500221529
0.7295512408018112,0.8119353854251302,0.8688307394983729,0.8938083108553038,-0.3853356761884914,0.2313734073112935
0.9727349877357483,-0.27511032996369195,0.4888354407032809,-0.2767056321202774,0.746463671381792,0.8286436201446093
1.2159187346696854,-0.5291589507655553,-0.9327634961837397,0.44995746896529665,0.1318180212680158,-0.19640760779970493
1.4591024816036224,-0.08153093161991104,-0.7940492103684719,0.33261095908390725,-0.1604929842071408,0.8232328606353762
1.7022862285375595,-0.6078963603393825,-1.263870520606294,0.5536864898512525,-0.5619379597673144,-0.5211756897948134
