time,pulse_channel_1,pulse_channel_2
0.0,-0.3341596033217448,0.6724850957984335
0.45287346839904785,0.46238127718069133,-0.793952614113786
0.9057469367980957,1.3079309690057088,1.281864230349878
1.3586204051971436,-0.38655711548391397,1.4372895670582655
1.8114938735961914,-0.36726042078414217,-0.435136532285886
