time,pulse_channel_1,pulse_channel_2,pulse_channel_3,pulse_channel_4,pulse_channel_5,pulse_channel_6,pulse_channel_7,pulse_channel_8
0.0,1.2830443742379454,-1.6459893320622347e-06,0.24993536597601085,-3.506392630347007e-07,6.31828275971849e-07,-0.861595597878138,-0.42742394826433466,5.874166610677218e-07
0.5573405623435974,0.059248187464598104,-1.1678356215565224,-1.070767269168214,-0.9298755880527013,2.448654955258849,0.5043088037119269,7.602724645207852e-05,-1.178955157512572
0.785260871052742,0.08024563222805386,-0.2397635291410287,0.4315573958768991,-1.259430437359943,0.5289154124814885,0.010488196837786484,3.783985140865288e-05,-0.14708323152202807
1.0131811797618866,-0.12981029787752368,-1.6610238439577014,0.04068661663718356,-0.33636745751683994,0.044294544921179166,0.0337837845738448,-0.027664186497910397,-1.0021950784257234
1.2411014884710312,1.0556701778312991,0.3149317975574502,-1.1276661405502715,1.318366271540336,0.36578532795628876,0.004518615174501818,0.8056387159491032,-0.08771876491686151
1.4690217971801758,-5.434295945500437,-2.0569265521396066e-06,9.85499568838919,-3.991637900632768,2.2521029093118754,3.016998128626714,2.0929930684065607,3.8623690577130287
