time,pulse_channel_1,pulse_channel_2,pulse_channel_3,pulse_channel_4,pulse_channel_5
0.0,1.6134559925633207,0.311677561278729,1.6134925936754871,-0.9265260575298299,-4.499925591414756e-06
0.0523817241191864,1.7612763454533804,-0.31167699054117803,1.761331046954236,0.9265254962332768,-6.05122550372783e-06
0.1047634482383728,-0.0005500367005484462,-0.3619513138419626,0.07336183100821375,-0.008483551463342147,-0.5582247109218578
0.8138303756713867,0.17326570183764756,0.8086757690359949,0.0123603946337731,-0.18413507555053774,0.03021525753662285
1.5228973031044006,-0.36268270446160816,0.0835481341233048,-0.09143998054208784,-0.37534408636769806,-0.40868625891026666
