time,pulse_channel_1,pulse_channel_2
0.0,0.3278958083312978,0.037038299300846345
0.14104612171649933,-0.655346662664805,-0.3091956968323212
0.28209224343299866,-0.8393659904145054,0.16233034434671245
0.423138365149498,-0.6093439589437473,-0.2702692284273672
