time,pulse_channel_1,pulse_channel_2,pulse_channel_3,pulse_channel_4,pulse_channel_5
0.0,0.7519497042357846,-2.000242664397937e-05,0.751954949057217,-1.6530865794524025e-05,8.954933938859647e-06
0.23509255051612854,-1.7867116953150317e-05,2.6871932063418916e-05,-1.4558049931378858,-0.6710020117877354,-0.9883747366759705
0.4701851010322571,-0.2193652713447428,0.25614008502990687,-0.2481030680906402,-0.6545766839680668,0.03189622484873378
0.8346706628799438,-0.26096365508669805,0.09162702323763552,-0.12452370795772769,-1.0848207226814277,-0.2480766760051287
1.1991562247276306,-0.2787592170452475,0.5978479631238128,0.23989608704289447,-0.8502193901360158,0.3448671260461193
1.5636417865753174,-0.8107050015997165,0.06045597208117026,-0.12982896215160442,0.7836705749416147,-0.6042321845020756
1.9281273484230042,0.8785101523467505,0.6904981278279247,-0.49013338472468654,0.9271160894649833,1.1858300979125265
2.292612910270691,1.5087072269033306,-0.9206720315025054,-1.0261072797088917,0.788024600389687,0.928938671380284
2.6570984721183777,0.5220103193656941,-1.3035282685692435,-0.7712696196651763,-2.058119495813287,-0.23576782852545974
