time,pulse_channel_1,pulse_channel_2
0.0,1.3845691359710053,7.846422316501017e-08
