time,pulse_channel_1,pulse_channel_2,pulse_channel_3,pulse_channel_4,pulse_channel_5
0.0,-1.448173744273114,-0.3778311775859376,-1.081349718105874,-0.05472516019994822,3.787678029290118e-06
0.14481402933597565,-1.1554975887003163,-0.38724323173815195,0.45500660673232934,-0.056110878413839445,-2.292090581267741e-05
0.2896280586719513,1.2545349349409172,0.7650738727991879,-0.25696633440575734,0.11085170819476242,1.8894937537028137e-05
0.43444208800792694,0.7173018252189456,-1.143382885169778,-0.7580977887785255,0.05918994942106656,0.48226993076212
