time,pulse_channel_1,pulse_channel_2,pulse_channel_3,pulse_channel_4,pulse_channel_5,pulse_channel_6,pulse_channel_7,pulse_channel_8
0.0,-0.003135328532172531,-5.282413968586348e-05,0.6689056783359794,-0.5615713522213927,0.8883237084510616,0.9891866658415737,0.6966723026403914,-1.7947451280739546e-05
0.2486983984708786,0.005782217721429266,7.095301879521638e-05,-0.6689153067110722,0.7694243817694273,-1.095545663752637,-0.9891456057322562,-0.376510311967278,-2.8341816382516183e-05
0.4973967969417572,0.7126467220529354,5.69349160469777e-06,-8.039116146495044e-05,0.7078536192093124,0.42368164894003923,1.5866752636804788,1.4929393860392833e-06,0.8200348617596677
0.7460951954126358,-0.13883510548762865,0.33385424068502084,1.3922082413837957,-0.8483410209688665,0.13253832277227007,0.9258613405335171,-0.07001300974679646,-0.05077193493034984
1.0700678080320358,0.5966969274960753,-0.04356434916331642,-0.23598742121756097,0.7572340488120651,0.05050787507250664,-0.16155192982655786,-0.4851315781952008,-0.03543892248383456
1.3940404206514359,0.546929591685643,-1.3720578863803061,-1.7787505474926335,-0.675713184674389,-1.4204766237356146,-1.4233158570662532,1.1255090529009044,-1.0648503792725237
1.7180130332708359,0.5503322953436899,-0.267019628677802,0.2894464989884306,0.22420380145458968,0.5944158373563516,-0.6899905327523407,-0.4967358272261224,0.6153739214472637
2.041985645890236,-0.03504622816145392,-1.1095145772013928,0.0714355375310212,0.8044842068315886,-0.20357377166004487,-1.591646092903971,-0.36396350536256794,0.7757454888324975
2.365958258509636,0.4446336961530227,1.4967559205376129,0.8096685486188828,-0.7285507711513307,0.5714071195158947,0.032301714978210355,-1.2798975445434075,-0.4314289031365033
