time,pulse_channel_1,pulse_channel_2
0.0,0.7653045499558355,0.39324091258533866
0.31722527742385864,0.5369691146860558,-0.7400776511170211
0.6344505548477173,0.0734122088415853,-0.6304656064369093
