time,pulse_channel_1,pulse_channel_2
0.0,-1.3239232921052981,0.29431026754462525
0.03709210082888603,-1.4008376600020152,-0.5008032564813977
0.07418420165777206,-0.8911287720181187,0.019510784511788264
0.1112763024866581,-0.21743673464143376,0.7058963683426177
0.14836840331554413,-1.5817495862245154,-0.5653070865298064
0.18546050414443016,-1.349285178930502,0.18966517938085106
