time,pulse_channel_1,pulse_channel_2
0.0,1.3404097493952183,0.8415252633749584
1.2636830806732178,-0.197834508335189,2.3695708819989956e-06
