time,pulse_channel_1,pulse_channel_2,pulse_channel_3,pulse_channel_4,pulse_channel_5,pulse_channel_6,pulse_channel_7,pulse_channel_8
0.0,0.02819779332589974,2.433900975229626e-06,-0.03213977092253532,-1.0412961578663988,-1.3471670055211253,0.14049809678721795,1.1871381557641167,-5.696685347441544e-06
0.4170381724834442,-0.42873675006494816,0.7923852273971225,0.9166827846948238,-0.4290746290933306,-0.5683342415198269,-0.760602243974053,1.0430193799989987e-05,-0.8897376568939412
0.8340763449668884,-0.2064814176819099,-3.614827541759536e-05,-0.23518284059735192,0.5060717823044532,-0.5299199299197469,1.028254336747023,-1.0638058749638706,8.779369416937424e-06
1.2511145174503326,-0.9535932276823076,-0.7808756775297914,-0.2866423828289373,0.22700000224060152,-0.8442592795649307,-0.25720493203104494,-0.8765694116224524,0.08242072877452158
2.3916585743427277,-0.5580288227491316,-0.3610852535640825,0.45850178693142035,-0.982448776921962,0.5937003187235697,0.6428597019817561,-0.7873593785241609,0.5481476445127575
3.5322026312351227,-0.7612121903746033,-0.6310494171292712,-0.7355817050792722,1.341592768213375,-0.1249233351076345,-0.08345593662361898,-0.5056604411992287,-0.004699122886690122
4.672746688127518,-0.7779964023418529,1.156829314829757,0.3176470743991539,0.5901974511061765,-0.9159386507946898,-0.13149422669742847,-0.8116179347434614,0.5435010949986544
