time,pulse_channel_1,pulse_channel_2,pulse_channel_3,pulse_channel_4,pulse_channel_5,pulse_channel_6,pulse_channel_7,pulse_channel_8
0.0,0.6003482357087992,-1.0684655556679048,2.960004871347308e-06,0.3009343435743403,-1.0683896044106196,-1.6237666559816522e-07,-2.594902247939384e-06,2.224206849322643e-06
1.4890931844711304,0.717364848364736,-0.4078594302398902,-0.3157153380065361,0.08106041363500613,-0.9028068397994058,-0.5976263779010352,-0.41512218459820355,0.5037363120662243
2.9781863689422607,1.019644377577352,0.7681829729028303,0.29153041961611026,-0.46916299017041574,1.0518273729193404,0.4208716171166792,-0.5334853192509603,0.442987387028458
5.364556074142456,-0.49064074517581585,-1.322349597800725e-08,4.868161049953003e-07,-0.312698902263615,-1.0309176261617121,0.6906092178232673,0.8270253841336257,1.0162963175325417
7.750925779342651,1.417483195655967,3.253232783342325e-07,1.1212617591385654,0.3065971953513488,0.8462860534196252,0.39491109516140904,0.7726246506004595,1.1354144662424066
9.240018963813782,-0.3561476791504357,1.3422266387980566e-05,0.3220419153390051,-0.35613698267610583,0.19267792101318193,-0.8571727416761402,-4.764769603466479e-06,1.2160881471551936
