time,pulse_channel_1,pulse_channel_2
0.0,2.02437396225869,-0.7371790346370316
0.10141919553279877,-0.09962107924569623,-0.88808391959101
0.20283839106559753,-1.016144143060865,-0.02376394629731148
0.3042575865983963,0.8965741804177296,1.2018049198131895
