time,pulse_channel_1,pulse_channel_2,pulse_channel_3,pulse_channel_4,pulse_channel_5,pulse_channel_6,pulse_channel_7,pulse_channel_8
0.0,0.5735081274945107,6.935777828480706e-05,0.7569944274139093,-0.004564215281705397,0.8194048336869975,0.2126318693496309,0.9728234874912985,1.2989603217074148
0.5715463161468506,0.02028532692854655,-0.004374095540772159,0.09090399990903059,-0.5202356803662692,0.5629790724878027,-0.9131085925982869,1.5763096319550491,0.49447202432977994
1.1430926322937012,0.1548265670812472,0.30929319894133833,-0.6760005180571399,0.8614549459576758,0.30929179679076974,1.613164208538667,-2.3206886943543046e-05,3.875886093535113e-05
1.7146389484405518,-0.7505331739710973,-1.3093509262786638,-0.6155457609171926,-0.164126461048277,-1.0122753247313176,-0.12012276093580711,-0.2567412636987944,0.30979600436581306
4.3780834674835205,-1.2846571341565254,-0.25575809640927727,-0.6551491248254201,1.0000028008854265,0.34521265553936986,-0.08310038138109928,0.7989196244871917,-0.10034079654627567
7.041527986526489,-1.2122255457956503,0.02405936049677156,0.02907767369198468,0.13839030727762758,0.3981746781529545,0.5663022894378552,0.552814593560118,0.16430361180379555
7.61307430267334,-0.754385963072015,0.734002279369435,0.6685705166645343,-0.1811148823278344,-0.011577757968278337,0.7806265725051729,0.6221165450955063,0.5276023791157982
8.18462061882019,0.44981676379644314,0.8595205432069608,-0.6054365021939483,-0.5723032584769908,-0.1928661219043731,0.3703839868815966,0.887727391722447,-0.6423145408291807
