time,pulse_channel_1,pulse_channel_2
0.0,-0.44257406241350056,0.7463627551372525
0.24200886487960815,0.13121388696821507,-0.46443670348486193
0.4840177297592163,0.8318222222861145,0.6740794844617999
0.7260265946388245,-0.5535627022105164,0.0006661876551346427
0.9680354595184326,-0.9345491918006616,-1.3410466745822318
1.2100443243980408,-1.183474279457167,0.23445886579970174
1.452053189277649,-0.17382714476536465,0.7673714877850961
1.694062054157257,-0.272774559460697,0.29798455794616713
