time,pulse_channel_1,pulse_channel_2,pulse_channel_3,pulse_channel_4,pulse_channel_5,pulse_channel_6,pulse_channel_7,pulse_channel_8
0.0,-0.27534326023952693,-0.7772541203397995,-1.0752030501571435,0.4392192546706651,0.7039380164161224,0.017723687175357043,0.3343620569525118,-0.44675899190422147
0.3410198986530304,0.8462632946157751,1.576526697662063,-0.13868343863794677,-2.032510369161472,0.46757540187591595,0.27711016666000204,-0.5904318764880592,1.1990236977941775
0.6820397973060608,0.043225694016645916,0.6675309318629932,0.9266188188129264,0.3966652931286312,0.2824585595390035,0.7798984475545692,0.6664404492441857,0.8607935199430078
1.0230596959590912,0.28704464897253645,0.7195224145875627,0.5661427497082624,-0.18902140392563221,-1.165398760169366,-0.21876640333526778,0.4972018825685014,-0.5829332883451397
1.3640795946121216,0.473880707779781,1.1708257992642273,1.450391871744485,1.044807909764731,-0.2314727838137745,0.3060660064347362,0.17730478840821828,-0.29779714242866295
2.98095166683197,-0.4264681301461632,1.0778111617843196,0.7369588968415464,-0.5774827385430995,0.6138196613673883,-0.05389766218634261,0.6087394510969761,0.4938452934513539
