time,pulse_channel_1,pulse_channel_2
0.0,-1.2393109104052464,0.5492740999815612
0.36884617805480957,0.6777891332184786,-6.237459066806036e-07
