time,pulse_channel_1,pulse_channel_2,pulse_channel_3,pulse_channel_4,pulse_channel_5
0.0,-0.15521135272891784,-0.5769643972583258,0.466779959818998,0.015184484090878107,-0.42345714034153403
0.5584588050842285,0.3234179110006339,0.2610901247200524,-0.670738937595691,-0.330832313000539,-0.2171532899740413
1.116917610168457,4.358961766764471,2.027154894248657,10.810857821294954,0.08807718486800532,-0.9862575857722139
1.3231515139341354,-1.670498599839138,-3.882722468758239,-10.76357614152918,-0.2520999822889251,-1.5598106215275747
