time,pulse_channel_1,pulse_channel_2
0.0,0.08357107840911877,0.3422124564759248
1.4193698167800903,1.2329416326453018,-4.656627521710719e-07
