time,pulse_channel_1,pulse_channel_2,pulse_channel_3,pulse_channel_4,pulse_channel_5,pulse_channel_6,pulse_channel_7,pulse_channel_8
0.0,0.3548527199285019,0.002793514677343265,-0.26533458915224944,0.35485599222873776,-1.338215862821725,-0.9679971029502767,-2.468438907863146e-05,0.002792291231067424
1.4944988489151,-0.2027123551052762,-0.4500430954107907,0.6568801231102237,-0.16115546614080792,-0.9385576369414546,0.5383000221050973,-0.9208225118081798,0.6718067076944066
2.9889976978302,-0.23949736693624443,1.419877364178424,-0.6728457581059639,-0.4825680190702008,0.003267681653973578,0.07228391344366217,0.17015510514356244,0.22080164651705472
4.1090381145477295,-7.290588843679889e-06,-1.1272527250311644,2.120461192132894,-1.0044280945083335,-1.9264991215916767,-3.798641141531947e-05,-1.8736592915366074e-06,-1.081936106131062e-06
