time,pulse_channel_1,pulse_channel_2,pulse_channel_3,pulse_channel_4,pulse_channel_5
0.0,-0.418010898439059,-0.12314161377113109,-0.847301704137328,-0.770456910775282,-0.03609071948309096
0.06295747309923172,-1.2842402073424914,1.131627099927135,-0.0833818306163026,0.5953158783767106,0.025104393893755857
0.12591494619846344,0.2476253084294211,-0.6451574005195971,-0.2472754734462831,-0.361370607575946,-0.10113011126365462
0.18887241929769516,-0.737986179512102,0.2891567842610389,-0.020731726628171097,-0.2884511508980002,1.288375771718525
0.2518298923969269,0.6151401660344009,-0.30745899657688114,-0.27345109850956867,-0.5896051786058961,-0.05865309368909582
0.3147873654961586,-0.24038587013532145,0.3343939588280871,-0.3222580021014709,-0.46398001104815956,-0.45727634276270335
0.3777448385953903,-0.2588500237838207,-0.4357969555790548,-0.5525902730275062,0.9066045361116264,-0.8025903071236961
0.44070231169462204,-0.8002226244426334,-0.2731802796052906,-0.2334179335967374,0.741277697687102,0.08092453765697259
0.5036597847938538,-0.47574125947849716,-3.619287468772955,1.5548005744395557,-0.20188266126815863,-0.38340787485110656
