time,pulse_channel_1,pulse_channel_2
0.0,0.5893183478554607,8.342223868384221e-08
