time,pulse_channel_1,pulse_channel_2,pulse_channel_3,pulse_channel_4,pulse_channel_5,pulse_channel_6,pulse_channel_7,pulse_channel_8
0.0,1.0340201074716517,-0.5909563263662866,0.07728166813347474,-0.5851903720132255,-0.5931560892776535,-0.24057726278538422,-2.039748270401431,0.00026158557361663227
0.08613918721675873,-1.202911968094898,-0.14964353381668596,-0.14599825628597787,0.5147407439626704,0.13538636480302124,0.2836886868614743,-0.1402940220597248,0.00031078386726425436
0.17227837443351746,0.12114755293394701,0.7421022565528674,0.16851084118136211,-0.2582518633085169,0.9261362521533381,0.346864412600217,0.5944494428878402,-0.0005790268682573782
0.2584175616502762,-1.6021954366315165,-0.3385826573790155,0.6496471854626096,-0.2084171631011071,0.562604613623724,-0.10861221033773766,0.1373664544154045,0.00018235737401785254
0.3445567488670349,-0.5929279655116569,-1.163545936256797,0.042222045508200565,0.3202683419981443,0.07385997454886119,0.09267880950224228,-1.6783560766429457,-0.00013904355210450918
0.43069593608379364,1.252271962734068,-1.5131678560513457,-0.896894080910535,0.1217722889422499,-0.29978545493111586,-0.09777973516965204,1.1161415294803385,0.000159089865774273
0.5168351233005524,0.6912793816440967,-0.1770381797504687,0.10332173748350622,0.3731055106646561,0.5421987213258623,-0.26935744806306655,-1.1329192526930063,-0.0002376760266261552
0.6029743105173111,-0.3626698728802148,0.664156805229306,0.9684155933803076,1.2254498837604466,0.03284934912967028,0.025138339361527574,-0.2645857535785542,-0.14526765922841522
2.375988855957985,0.627123140823766,0.36601816886763483,0.8524248183839909,0.25509176644627535,0.6915977133028107,-0.8142789503321936,0.7872667393871928,-0.48190384141324527
