time,pulse_channel_1,pulse_channel_2,pulse_channel_3,pulse_channel_4,pulse_channel_5
0.0,0.49378447062315356,-1.35864625665916,0.4937876461839349,-0.3235451547780244,-1.857263070194483e-08
0.3580026924610138,1.1378874436429856,-0.884459386725569,-0.9478174394037577,-0.5726412246755471,1.0150880181249238
0.7160053849220276,0.2078796054021285,1.5204874180337344,0.4244880642093587,0.13396438844303413,-0.9401124120366733
1.5977853536605835,0.8092935468038761,-1.061555288309061,-0.7606938936141396,0.7006957176822063,0.4627092641771747
2.4795653223991394,-0.14157696930733946,-0.08997742263454256,-0.7393332652978722,0.15960789414534113,-0.707425364354497
