time,pulse_channel_1,pulse_channel_2,pulse_channel_3,pulse_channel_4,pulse_channel_5,pulse_channel_6,pulse_channel_7,pulse_channel_8
0.0,0.6448614805222617,-0.9480766980799098,-2.4142462467916492,-0.12755254218511167,0.0348306299038375,0.6383349887610839,-0.24256247019460547,0.9294307443494596
1.1118826866149902,0.757455974919496,-0.20442220686181328,0.00039475975580001595,0.012886403360605666,0.22935808539220878,-0.44983503619251186,0.7381354931356001,-0.98771759205671
1.484428346157074,0.32276715479601653,-1.0587109960238095,0.0051363391737898,-0.728736497835223,-0.54050013942793,-0.013218782424797895,0.3227573781491508,0.07571032826285513
1.8569740056991577,0.5569683624917334,1.2660517176945074,0.9594331776331341,1.8823845159880535,0.16267616523118636,0.9384989231104802,0.5712129288502084,1.1667451169470751e-06
2.2295196652412415,0.9996703042744781,0.9270955653523574,0.9358747338493212,-0.23183821196041857,-1.0181400224016939,0.9619804437661094,-0.8262502897049699,-1.2389139511393004e-05
2.602065324783325,-0.15898812073125296,0.12190807212023799,2.794643633040337e-06,-0.15898871954327434,-0.3966849478225894,0.8515718540956818,1.3562733726614845e-06,0.9304437420642859
