time,pulse_channel_1,pulse_channel_2,pulse_channel_3,pulse_channel_4,pulse_channel_5
0.0,1.1839233140528846,-0.8400375511654365,1.1839406876670944,-0.3437537592589842,1.9269377266618885e-06
1.1017494201660156,0.5810078358912012,-0.4022610194795329,0.5810471551041537,-0.21009125858593633,-4.57679545972711e-06
2.2034988403320312,1.1611233404652572,-0.02702149574897934,0.27317301265243626,1.1215869043893685,1.000178766869641
2.457804888486862,-1.3172451281853097,-0.8675785831178477,0.17631636205319706,-1.1888695354411096,-0.4544588298462451
2.712110936641693,-0.44075142431138997,-1.3053883273790685,-1.066532139774132,0.25327191846182684,-0.859592756310974
