time,pulse_channel_1,pulse_channel_2
0.0,-1.051258473399057,-5.415102558757021e-06
0.7134304642677307,0.2668539986469247,-0.6480471247912549
