time,pulse_channel_1,pulse_channel_2,pulse_channel_3,pulse_channel_4,pulse_channel_5,pulse_channel_6,pulse_channel_7,pulse_channel_8
0.0,-0.0003874975051107703,7.388687565755016e-05,0.003044092965506606,0.3080945374909611,-0.2289213427189095,1.38678803333321,-0.6251124621196689,-1.057793339807041
0.5200904011726379,-0.0006668551838396534,4.766719320526133e-05,-0.005159283509714096,-0.0011948850012223503,-0.22412445033199377,-1.1767475640811367,-1.0655866357722874,-0.2792768757304664
1.0401808023452759,-0.025707736415856258,-0.00012989744722122768,-0.021329496391745882,0.4533092493879657,0.6998340628499902,-0.041026253856565165,0.02246516684212589,-1.21109584980027
1.5602712035179138,0.32177491243266265,-0.0001726004016924361,-0.011571010903597625,0.3597969147791016,-0.4529601122415618,0.23630390832263704,0.0004106892377995626,-1.3285193147832766
2.0803616046905518,-0.9894194039898495,1.494518251653411,-0.0008965304814317096,-1.7465569671561219,0.25957433859918416,-0.2716737709668147,-0.32823128266894647,-0.6745216585628492
2.7544755935668945,-2.1258930965754418e-06,0.21235442537299198,0.9271429075854366,-0.5562861850552905,0.7106658014617219,-2.4608752458498386e-06,4.643884944443892e-08,-2.424360030378097e-07
