time,pulse_channel_1,pulse_channel_2,pulse_channel_3,pulse_channel_4,pulse_channel_5
0.0,-0.34350796677242207,-1.0749034579003256,-0.0553906612095424,0.20047838953280572,0.27683225346663176
2.8718795776367188,-0.21809034953405293,-0.6146784273997695,-0.9580223820338886,-1.4567689319617583,-0.4326711609296454
3.4286597967147827,0.7172860608662923,0.5984049034968425,-0.7087243361354659,0.14864239993127942,0.13768550960185144
3.9854400157928467,-1.126180886961945,0.045490959248958886,-0.6153139410812755,-0.04753558535204288,-0.24291063284306516
4.542220234870911,0.8993826722593775,-0.06926265172294738,-1.0397260593716038,-0.4525215497790088,-0.3036969240643212
5.099000453948975,-1.0228563397781287,0.09055873175813949,-0.37198292757466633,-1.0498099680152604,-0.232672140301977
