time,pulse_channel_1,pulse_channel_2,pulse_channel_3,pulse_channel_4,pulse_channel_5,pulse_channel_6,pulse_channel_7,pulse_channel_8
0.0,-2.6470472282987836,1.0508478844243414,-2.0840980959710538,-1.1942340431031273,1.982962816017253,1.7510855941596049,-1.2659832006356624,0.10779867832198968
0.11620285362005234,-1.5795011871996445,-0.08280638545359219,-1.0618314563490525,1.5346586609294708,0.15936627102459344,-0.4482228976274117,0.37126103519536446,1.462546564278856
0.23240570724010468,-1.2276752688870571,0.4538329322216933,-0.3326167847691791,-1.974882628851046,1.940584135886565,-0.47462370608508053,-1.1280275797292734,-0.8829053446794666
0.348608560860157,0.3445136332652687,-3.85164493472661,-0.5481137651410182,-0.6203898632882681,-3.620474655253442,-2.697066777190877,-2.0570971270221965,2.128595443588428
0.46481141448020935,1.4840851714653984,-0.006578896581069793,-1.2102724946945935,1.1946108043904424,0.4204705472371699,0.20917434950110012,0.18314488481904753,-0.8065059261991187
0.5810142681002617,2.7952533445581906,1.464986840660457,0.6794147552488606,-0.9293420967854221,-0.07534261654892123,0.9276113715203224,-0.7443872268262067,-0.9606164325191081
0.697217121720314,0.3747806858601663,-0.19599693868324397,1.0769789133373755,1.1486718084975365,0.6354411650653549,2.145936042141178,-0.7270533409948419,-0.07874165628557721
0.8134199753403664,-0.965402516493227,0.4332694647664597,0.2381238587449467,-1.0039354911821439,-0.22455531856765887,0.27405371076766877,-0.589112412658978,-0.39943877687795143
2.515804924070835,-0.02990883226771154,-0.28342030695408643,-0.3001273177553633,0.21451904096946106,0.8646953746694698,-0.10267969281507258,0.7637821195471903,-0.38782855090773144
