time,pulse_channel_1,pulse_channel_2,pulse_channel_3,pulse_channel_4,pulse_channel_5,pulse_channel_6,pulse_channel_7,pulse_channel_8
0.0,-0.11929708409936884,0.8255997936201265,0.9262401060286044,0.3092715896454962,1.1831733061627772,-0.30356855556987644,-0.5671969688048023,0.19074382997889278
1.0882012844085693,-0.318996158587799,0.8199173168798763,0.1528254189598455,-0.16317330247048276,-0.4808322845086896,0.23600296131613321,-0.7019377554253777,0.9167386434195789
2.1764025688171387,-1.3703021602213463,0.6511526370154701,0.4089690660186763,-0.12814201984677714,5.625976953536742e-05,0.6693548627178763,0.0006387838595133465,-2.6251312384856643e-07
2.3685274571180344,1.7749194630348182,-0.0008245275346351626,0.848801131961905,-0.04129220191793418,-0.17582632415580435,1.3892007758624758,0.4677634907105655,-1.8247208886790013e-05
2.56065234541893,-1.2469241249506944,0.00046552316372168115,0.09910953850924357,-0.6095328350326296,-0.8076701490166016,0.1622001155633493,-1.4601629767911013,-1.107347239314349e-05
2.7527772337198257,0.34637530943475414,0.7357325904975694,-0.14077026172204368,-0.2645016699366539,-1.3033479651607942,0.6788175063459083,7.886625719557125e-06,7.815241486978247e-06
2.9449021220207214,0.407355798075814,0.048031062877952495,0.7086179754307774,0.9334403277765035,-0.08509291832017313,0.14292910473415465,-3.507728543890735e-06,7.00331754163742e-06
3.137027010321617,0.7642037510708521,0.4955574186441939,0.7823938038128756,0.8706081872429835,-0.8778914382732982,1.0599235001274412,-1.6693770070462954e-05,-1.2634966266931416e-05
