time,pulse_channel_1,pulse_channel_2
0.0,-0.7897456271792763,0.15291403183948457
0.3293727934360504,-1.4023729020311468,0.5162785894903719
0.6587455868721008,0.45854048537596725,0.015442528523776951
0.9881183803081512,0.6397403605433936,0.1350481951780488
1.3174911737442017,-1.2888821517578635,-0.4293518445648917
1.646863967180252,0.24787233703866512,0.09925689473054841
