time,pulse_channel_1,pulse_channel_2
0.0,-0.14934688634852405,6.932948877911292e-08
