time,pulse_channel_1,pulse_channel_2,pulse_channel_3,pulse_channel_4,pulse_channel_5
0.0,1.4353367080103498,-5.011974839584151e-06,1.4353365882594828,7.350943510582491e-07,2.9683083013466164e-06
0.12316029518842697,-0.30969264230583843,0.865971398247858,0.6609919525315567,-2.0901482309941743e-05,-0.00010557904671709456
0.37463804334402084,1.296613437572413,-0.00019195779025383945,-1.1770381985304375,-0.23436112604068374,-0.7450099571418997
0.6261157914996147,0.5341799899367063,-1.3628746550251118,-1.1395486286661187,5.3268675363038394e-05,-3.829046049172375e-05
