time,pulse_channel_1,pulse_channel_2
0.0,0.9818903628862894,0.4824757897879295
0.17107002437114716,0.09605963373884899,-0.08371734283893008
0.3421400487422943,0.7020135978318859,0.06788063851799783
0.5132100731134415,0.5558444523359993,0.04320044000689179
0.6842800974845886,-0.8945329255870643,0.34866257202196416
