time,pulse_channel_1,pulse_channel_2
0.0,-1.8035975168580822,4.346123295961723e-06
0.41583138704299927,-1.1828080151823621,0.21633072471882311
