time,pulse_channel_1,pulse_channel_2,pulse_channel_3,pulse_channel_4,pulse_channel_5
0.0,-0.7591438032118245,-0.15133365014362524,-0.7590771399147537,-0.845396345854146,1.617828466851075e-05
1.1643662452697754,-0.8649613879983286,0.8437053826952655,0.3638196659425947,-0.3767530195740016,0.6508849322494712
2.328732490539551,0.3548734171630233,-0.972689616433889,0.987930357895465,-0.43906509730930027,0.44927638126971553
2.65688556432724,-0.07822134732513399,0.1667020298491957,-0.8413876263068557,-0.4659906000025193,0.6722811950372088
2.985038638114929,-0.6203269196969927,-0.8135898672367142,0.4306725068372376,0.06403659009435514,0.08127765839305331
3.3131917119026184,0.16966991343119356,0.9765354253919221,-0.7548379389285758,-1.0195073277041775,0.08360294172203675
3.6413447856903076,0.6169025437399903,0.17495020608201975,1.151677570250572,0.5216126082241185,0.602205693125896
3.969497859477997,0.6106331638202287,-0.3866524109319566,0.39568458108857524,-0.8784223241118513,-0.9853185429902652
