time,pulse_channel_1,pulse_channel_2
0.0,2.771347943479926,0.7452334597102835
0.01333918422460556,2.5720973145183583,-0.5751421029948159
0.02667836844921112,1.3260822765360587,0.07530296480567844
0.04001755267381668,2.723799544939139,0.2470394355089211
0.05335673689842224,2.0532791876747316,0.10680213388254674
0.0666959211230278,1.0884438878684584,0.14392065527650535
0.08003510534763336,2.617562223732285,-0.81959046954049
0.09337428957223892,2.333172126809004,0.5310834639124004
0.10671347379684448,1.2677912300026364,0.3618187572779269
