time,pulse_channel_1,pulse_channel_2
0.0,0.5189163609732779,-0.27387228394925367
0.3359582722187042,0.36454000692568755,0.3649945855819848
0.6719165444374084,0.12396944815649351,1.0366954799879546
