time,pulse_channel_1,pulse_channel_2
0.0,2.0656073859236317,-1.732779569889182e-05
0.1569407880306244,-0.47264636297205276,4.7286163373849504e-06
