time,pulse_channel_1,pulse_channel_2,pulse_channel_3,pulse_channel_4,pulse_channel_5
0.0,-0.16343425605886924,-0.38048345945303647,-0.16343375788806616,0.305129693427472,-4.5373383347687765e-07
0.298138827085495,0.7563691657616506,-0.9278419574928493,0.7563676856443008,0.7440862719219303,1.194401314171443e-07
0.59627765417099,-0.33000628915635516,1.5163345497812788,-1.0399123708443063,0.06348681675139556,0.1279942388727375
