time,pulse_channel_1,pulse_channel_2,pulse_channel_3,pulse_channel_4,pulse_channel_5,pulse_channel_6,pulse_channel_7,pulse_channel_8
0.0,0.004354580642063158,9.85920030664405e-05,-0.06300709770442314,-0.9114420070647132,-1.4732316458595291,-0.6034112348677961,1.1595732003392083,-1.7591963496841855e-05
0.41902580857276917,-0.4227918241085206,0.02328280251268437,-0.002087530565405547,-0.42279161596904447,0.8026709073217131,-0.8028755215644318,-3.4436971508764603e-05,-0.8826771560080917
0.8380516171455383,-0.07697754002298665,-0.0012450711638860008,0.06301017127053025,0.4672316165442958,-0.4708995485702551,0.6034393295520549,-1.0946511950723525,1.862778461158495e-06
1.2570774257183075,-0.33351921326626144,-1.6808467593255847,0.6828065591486019,0.36384253103392794,-0.1578654285374669,-0.34219621155668334,-0.3174072777126021,7.175473218666094e-05
1.9117375910282135,-0.8016003211798675,0.004143536876405827,0.014297918636954591,1.2540901942375773,0.8133315520618383,-0.7635568346484836,-0.22677948395015463,0.010267285540068782
2.5663977563381195,-0.6625894802979587,-1.006058107571909,0.8545770290951266,0.9856629063486237,-0.03558802022396458,-0.06270401589092084,-0.8364487095760907,-0.3311127507401081
3.2210579216480255,0.37973268082377465,-0.2712566980002721,1.1101694453318258,0.673623539687692,0.3578410698145479,0.0023810812535893706,-0.043234831148921626,-0.47406735486755985
