time,pulse_channel_1,pulse_channel_2,pulse_channel_3,pulse_channel_4,pulse_channel_5,pulse_channel_6,pulse_channel_7,pulse_channel_8
0.0,-3.290429285908904,-0.6738020398995106,-0.1162190713021062,-3.20455707676563,0.8659911937895254,-0.2524143501746873,0.02006772283772971,0.3317977533002611
0.036081548780202866,-3.403170638061382,-0.5390720121945721,-0.3513562559988202,-1.4261649159162018,0.059932190505735436,-0.6675904955695866,-0.0025601979003570282,0.28063850608142354
0.07216309756040573,-1.9425556297718418,0.9672795391301322,0.599622463148461,-2.186949640614132,-0.24651675431544912,1.1431850018526573,-0.0009220597291618518,-0.5347339042427983
0.1082446463406086,-2.6270127748138035,-0.04431571050418353,0.10937429348337602,-0.8351848713872908,-0.21251452483542438,-0.12737054897547723,0.004009402679211099,-0.06728555042343314
0.14432619512081146,-2.9872573885312166,-0.11965422258399427,0.16522745968199964,-2.437624641816461,-0.12092339579277188,0.22126713002269496,-0.020131818966555106,0.22435054236707375
0.18040774390101433,-2.3879376910955123,0.4102165602865223,-0.40692924063849156,-2.3180894425033154,-0.34685910750010407,-0.3172576723264803,0.0008089454686862723,-0.23772649291647718
0.2164892926812172,-0.647859166115603,1.082716199516534,1.4718004599675687,-0.1316959549966953,0.6104694524477479,-0.4450666206955393,-0.5050111786495949,0.5026486586736649
2.068565346300602,-2.0061656641526624,0.21730186035014074,-0.001202446767120398,-2.7971189286060096,1.4435765548679873,0.45653164098238247,2.1328216419369896,-1.2030514680535656
