time,pulse_channel_1,pulse_channel_2,pulse_channel_3,pulse_channel_4,pulse_channel_5
0.0,0.5960758997820664,-0.8035906619131788,0.9825071983684417,0.20769858784091014,0.22616185179807546
0.2300519198179245,0.16715176844592647,1.0918552097441265,-0.022276314232455397,0.3239591405724754,0.5681339528393408
0.460103839635849,-0.6916390504943214,0.6351423753074413,0.5453430017263077,-0.2177362005414934,-0.7779112397162132
0.6901557594537735,-0.6835607129393346,-0.5413626395429827,-0.392569927863134,-0.6255347660080597,0.22509810620605525
0.920207679271698,-0.037673650556715045,-0.18920868261403528,-0.2768542034491282,0.4891748245455827,-0.872586434697133
1.1502595990896225,0.5202012232213749,-0.31222897529873195,1.005249395661014,-0.10605775340013784,0.30932029295102004
1.3524258732795715,1.425373552787209,-0.5016694155740185,1.052215902888885,0.7641024175749115,0.6863004215583461
1.5545921474695206,-0.4722089456393115,0.08884798167259443,-1.1754761200661559,-0.016911173279612474,-0.47138240426479844
1.7567584216594696,0.5829009463083757,-0.1211902227616447,-2.2231304185334757,1.8479859561455039,-0.8615614480248163
