time,pulse_channel_1,pulse_channel_2
0.0,-1.2861155417339656,4.9989918922311736e-08
