time,pulse_channel_1,pulse_channel_2,pulse_channel_3,pulse_channel_4,pulse_channel_5
0.0,-1.206555146268224,0.015884325672541798,-0.4295663689797446,-0.5930070323201984,-0.5521827702151374
0.2659676671028137,0.37309901903985004,0.3547328400174954,0.6883645901032506,-0.2894724362375013,1.1510035426616927
0.5319353342056274,0.4210071596420049,-1.0893126624186373,-0.4918273047323965,0.16692010907050361,-0.16847157866119958
0.7979030013084412,0.9568016966550014,0.36848509912699495,-0.4740045564304858,0.42662289053650987,0.490046243182239
1.0638706684112549,-0.7269478010104116,0.5144524244088103,0.41539174968285636,-0.36172347160416407,0.053355571707479836
1.2840037196874619,-0.9470435982193388,-0.4450392256609095,-1.3706508455419595,0.11600021735451388,-1.0213336503778854
1.5041367709636688,0.7081217230214417,-1.0977864115533047,0.03105861614868591,1.5392305922425475,-0.245554343195853
1.7242698222398758,0.5682331127905093,-0.8702001007594563,-0.3688050266229645,-0.03499023654256474,-0.20679112387704185
