time,pulse_channel_1,pulse_channel_2,pulse_channel_3,pulse_channel_4,pulse_channel_5,pulse_channel_6,pulse_channel_7,pulse_channel_8
0.0,-0.0052355903741415286,-1.1046712310671487,-0.00011306258077291839,-0.5701199965701561,-1.1047480933471923,1.2498248787052977,-1.316672568195893e-05,5.24141916792572e-05
0.800109326839447,-0.006216589604697525,1.135538370573045,-0.7049030462436555,-0.6796569849703804,0.8551081262513371,-0.4959074058764089,-1.0205765390246496e-05,-0.5716571714778983
1.600218653678894,0.23976538025639,0.6351955038658778,-0.4639183616931025,-0.5580086995642483,1.7879884121721425,0.05249242971935381,-5.525913315674579e-07,-0.38779757423427025
2.4234814047813416,-0.7359862106974032,3.0929063899896447,-1.5006510819549568,2.157442085004919,-0.18918281364877504,0.27668832077642364,-0.46570472594453144,-0.32726910685867033
3.246744155883789,-1.069075589078277,0.5233385539898437,0.22915016229680932,-0.00314170032188086,0.8139313031892438,-0.581383612184742,0.8178450556511591,8.525807983879444e-06
4.046853482723236,-0.6628252910687868,0.006257154254872323,1.0938476099517016,-0.6628155503028028,0.6248877135121035,0.6046003731212527,2.2682152808256744e-05,-0.00336221351596105
