time,pulse_channel_1,pulse_channel_2
0.0,1.2792122479848471,-0.005885347505192059
0.15735392272472382,-0.31832848699013905,-0.10621952194969292
0.31470784544944763,0.8223554715801213,0.9732463888607501
0.47206176817417145,-0.678459201099285,-0.38289156448148576
0.6294156908988953,0.3376300691098613,-0.42014251179271195
