time,pulse_channel_1,pulse_channel_2,pulse_channel_3,pulse_channel_4,pulse_channel_5
0.0,-0.19978891169546273,0.8885373997904589,1.3419208535213698,0.9904230787229201,1.4767203739425456e-05
0.06974821537733078,0.40532171389219884,-0.6937882472713273,0.49553253949624937,0.15820009253756717,-8.001191840201287e-06
0.13949643075466156,1.0710050947500633,0.2527098084355932,-0.9193633765124913,1.3633769706438539,-1.3110418833253095e-05
0.20924464613199234,0.4866693826011751,0.1304213971338787,1.8379054708175342,-1.528230952354498,3.33661708361888e-06
0.2789928615093231,0.28610193949623736,-0.4171420030527248,0.6637020612379938,-0.9619149425459865,-5.4423284097767085e-06
0.3487410768866539,-0.1254114613975871,0.8200978410373014,0.3768038360670053,0.5200557265173865,0.4693462996995101
0.9251764044165611,-1.09396290485441,0.2781580011908919,-0.4339194570495778,-0.6860963264792542,-0.16532303701851903
1.5016117319464684,-0.9818956836867075,-1.3377572343562165,0.566364173234522,-0.0612663235916707,0.8265066574057337
2.0780470594763756,-0.3999303818219338,-0.5631629843105451,0.3718510892159033,-0.7230286943161816,0.19565277524813227
