time,pulse_channel_1,pulse_channel_2
0.0,0.9097531393579419,-0.41167542409610086
0.4099391996860504,-0.4185081368469971,-0.02530149504136005
0.8198783993721008,-0.6022543499934165,-0.4932816884328631
1.2298175990581512,0.5729786286911261,0.582585348316547
1.6397567987442017,-0.03651351481754944,0.07125992371942426
