time,pulse_channel_1,pulse_channel_2
0.0,-1.0778861115166596,0.15563528132665286
0.06276191771030426,-0.6010597541063785,-0.3247393386424072
0.12552383542060852,-0.12474370976686268,-0.8097302650934414
0.18828575313091278,0.2643182019205547,0.5772852325688178
0.25104767084121704,-1.1765451620762037,-0.04082915353039941
0.3138095885515213,0.1615366409807779,0.8812460013879898
0.37657150626182556,-1.500848583894887,-0.5506806502605119
