time,pulse_channel_1,pulse_channel_2
0.0,-3.2919926564899495,0.5981311529206665
0.029871847480535507,-2.002131067255128,0.6488184788964921
0.059743694961071014,-1.9513482121219812,0.7614634961561146
0.08961554244160652,-3.2707242772899785,1.1173150455484535
0.11948738992214203,-3.5157537967020476,1.2974750750473452
0.14935923740267754,-2.3025982200396675,0.13858130364833435
0.17923108488321304,-2.728144699851065,0.9257222003717016
0.20910293236374855,-3.371158881243966,-0.39316178944886265
0.23897477984428406,-1.8228626923134814,-0.10930260871188838
