time,pulse_channel_1,pulse_channel_2
0.0,-0.5716026111706302,-0.8934874946806814
0.2790857255458832,0.504470222999398,-0.5907524242092713
0.5581714510917664,0.4730482071965192,-0.8142935284537106
0.8372571766376495,-0.7094256623940746,0.2432595805985638
1.1163429021835327,0.6418114635226132,0.016727283634114826
1.395428627729416,-0.7272389729918093,0.08834693460767358
1.674514353275299,-0.20818276690426946,0.7658160116210087
