time,pulse_channel_1,pulse_channel_2,pulse_channel_3,pulse_channel_4,pulse_channel_5,pulse_channel_6,pulse_channel_7,pulse_channel_8
0.0,-1.1860300082016146,0.03129025596708021,0.5203688986336427,-1.1860153840256649,1.341466203768182,0.42348849619603335,-1.3304165631175326e-06,7.506197994634143e-05
0.7452505230903625,0.8964546261766216,0.9846963766493625,-0.6793414110291107,0.9149782888257123,0.5100018239130637,-1.0066409974358643,-0.23539697042015717,6.168769904605502e-07
0.9400087594985962,0.3115601529515416,-2.5495705860378255,0.10320923130769719,-0.5701446937438258,-0.7841008236381839,0.15293174401321813,-0.6684286126196107,-1.0699478959105972e-06
1.1347669959068298,-0.5787710241529038,-0.2289856823863131,-0.8599769386311332,-0.44909898954435973,-0.0878523497572387,-1.2743163706597749,0.2989862954727297,1.2731828203369936e-06
1.3295252323150635,-1.702650743831047,2.3470870380288167,0.29925924853188374,-1.9412734056996537,-0.8520742026283307,1.4296619528021692,-0.980817256949228,-0.08660142785536505
1.5242834687232971,1.873290522884058,-1.47436815219218,0.585916563910793,1.879401326595921,1.1055216053735997,-0.22276342970398258,-0.13201530986647653,0.7927948051482047
1.7190417051315308,-1.702522061497563,2.3470414062228477,0.2992517484410505,-1.94132748374805,-0.8521406027452204,1.4296685957328847,-0.9808205053501705,-0.08660363745370198
