time,pulse_channel_1,pulse_channel_2
0.0,0.3004819600794462,1.8943185468679165e-06
1.3117682933807373,-0.49106378638317916,-1.930453835606847e-06
