time,pulse_channel_1,pulse_channel_2
0.0,0.8657713164713652,-0.4530644071639685
0.10358383506536484,-0.489004517999905,-0.9099884386959546
0.20716767013072968,0.05698697536152616,-0.026964944046644214
0.3107515051960945,-0.7392211368742062,0.6383419433930213
0.41433534026145935,1.0338909362482802,0.044024673871488236
0.5179191753268242,0.07800300683651055,-0.4563837500704154
0.621503010392189,-0.8628229477503413,0.8780265161612273
0.7250868454575539,1.0330621889544518,0.3692117111834825
0.8286706805229187,0.7525716150672149,0.3760918027170888
