time,pulse_channel_1,pulse_channel_2,pulse_channel_3,pulse_channel_4,pulse_channel_5,pulse_channel_6,pulse_channel_7,pulse_channel_8
0.0,0.26271209318291494,-0.5340211088493538,-0.11274274215579072,0.2433148145278012,1.5054691847330302,0.09871396824402567,-0.3861995712565263,0.3926998920518769
1.196503758430481,0.49759606428248515,-0.15470655744461895,-0.14916648803358445,-2.042904327032779,-0.12958972681260694,-1.4553890666266511,-0.5797934179613224,-6.178794283430313e-05
1.587594598531723,-0.012325544908340808,-0.011135734372021687,0.07971154034894141,0.2525882018777894,-2.579821176179824,1.8623213641482002,0.04588588143312457,-0.0019160263143237456
1.978685438632965,0.48637694951142635,-0.19632227407394148,0.01810801956562828,-1.0177243893993217,-0.23201836637024284,2.8671784559515983,-0.4579052555282509,-0.0021955591974767335
2.369776278734207,0.14106533804949303,0.022768176591833143,-0.08798562844619524,-0.7750033488628787,1.276559576229059,-1.9879564657266542,-0.31584391350546026,0.0012609240590856147
2.760867118835449,0.5461335500826701,-0.7246004113201725,0.06459514626807644,0.7361793165610979,0.19959985842104674,-0.6466865436729419,-0.4681536031958538,-0.22335353828020216
3.1519579589366913,-0.1260297366173647,-0.2802579364735491,-1.0726979795805807,0.39667354319635517,-0.2246269707480963,0.45313333937500944,-0.1920863322991317,-0.7012084313781578
3.5430487990379333,-0.7188053158731551,-0.5538350468467096,-0.23518258448342655,0.28511394258779454,0.19937344502602397,-0.6081598451479863,0.6032547589699612,-0.09416123357057458
3.9341396391391754,-0.5855562725157379,1.0985639052414682,-0.13014690119331473,-0.15007172460937132,-0.8939277665761077,-0.1026605802472441,-0.9215595827899861,-0.437338533878974
