time,pulse_channel_1,pulse_channel_2
0.0,-0.6256504775530229,3.0444578538520335e-06
