time,pulse_channel_1,pulse_channel_2,pulse_channel_3,pulse_channel_4,pulse_channel_5,pulse_channel_6,pulse_channel_7,pulse_channel_8
0.0,0.24141544567660894,0.5865497016849207,0.8032968169248098,0.21093807713679327,-0.6342107592754544,-0.8759837660885416,-0.8743882189561278,-0.35400437243766003
0.4666518270969391,-0.4504592314068183,0.5098881521070039,0.08878026736298004,-0.3040470416173965,-0.7892409870892032,-0.25229497705726495,-0.7035095561423909,0.544143240707092
0.9333036541938782,-0.8473412604476207,0.6263507590565558,0.6428653663458845,1.0849064446991334,0.6765274007056576,0.16726250282169272,0.3605204048722413,1.1468404383562736
1.3999554812908173,0.6786802259816764,-1.3553328391486603,0.09712045636766203,-0.5019423987670564,0.3899685997237912,0.962579236469416,0.1333401776709638,0.3623142552194591
1.8666073083877563,-0.10995476544030101,-0.09144598631294902,0.11344791555082502,-0.2850228772449555,-0.056976229792507264,-0.3683727970997121,-0.10623184887492362,0.12064721763138525
2.3332591354846954,0.5709566555344723,-0.6900117567285801,0.10392679282884866,1.3095934591872398,0.027414967376643444,-0.5316870996554469,0.28994677514091893,-0.013328590608328769
3.2539630234241486,1.1214686507668012,-0.5043515376765916,-0.5021179749095881,0.10619455804991576,0.07603860744188962,-0.5743536072840855,-0.44782651014735536,0.715099161763497
4.174666911363602,-0.4326103869086505,0.5020769206769452,1.0873887399700164,-0.11769838625564892,1.3237040744237163,-0.09803476637863198,-0.6553643580243967,0.4550661772671638
5.095370799303055,0.10061545777709603,0.12263839987487235,0.11493647728246979,0.22820751625747937,-0.24433929988546088,0.7963121078457681,0.16862694227709607,0.5942491381718854
