time,pulse_channel_1,pulse_channel_2
0.0,0.1711568959272148,3.4549046645657644e-07
