time,pulse_channel_1,pulse_channel_2,pulse_channel_3,pulse_channel_4,pulse_channel_5
0.0,2.728593098956245,-1.6015352288145397,1.1788073577963705,0.5812118275852942,0.7258524971742575
0.24239382147789001,0.3437472545505945,1.3201962446760256,-0.43616275132954113,0.4207813433822665,-0.5477729937316286
0.48478764295578003,-2.5988208255502214,0.7624612017135263,-0.26870330824290967,1.1797245031373946,-1.9665417913960153
0.72718146443367,-2.5033678167704854,1.0450859849542502,-1.874623773927153,0.9822082856576647,-2.756224092589463
0.9695752859115601,0.2472409234029456,0.7542313657271745,-0.21794544971840463,-0.7197980356368708,-1.0629937629921509
