time,pulse_channel_1,pulse_channel_2,pulse_channel_3,pulse_channel_4,pulse_channel_5,pulse_channel_6,pulse_channel_7,pulse_channel_8
0.0,0.7590795840017678,-1.223777289857583,0.4410301773236185,0.2761704608272808,-0.9876728175721188,0.3184538322279498,0.3722325453282911,-1.3152298774352212e-07
0.9191418290138245,-3.1991375045153507,0.667521964830547,0.7403837498485693,-2.7426045569006248,-1.6859036022068876,-1.3801544889507091,-1.6827473620161804,0.9060432001734151
1.9731400609016418,-0.8551285297055042,-0.13082054811503527,1.12193697019886,1.0169551121449456,0.15816517175549075,-1.1391475910353384,-0.5901864145419792,-0.36788777214766766
3.0271382927894592,1.3462946221182037,-1.0765507696874392,0.6040699152797145,1.3462970653705777,0.5064092249518528,-1.1926914075359216,3.5273557976750886e-07,1.0829782430402863
