time,pulse_channel_1,pulse_channel_2,pulse_channel_3,pulse_channel_4,pulse_channel_5
0.0,-0.8896575180536612,0.3840448328595239,0.24247564051553222,0.41967725619968627,-0.7580304875679759
0.504560649394989,-1.8112759870765518,0.29404946609373983,-0.6830928881746413,-0.503384178358876,0.5519111028574784
1.009121298789978,-0.7234316294991313,-0.4221219701067456,0.03652964064299377,-0.019007545655765467,-0.2834249575162017
1.513681948184967,-0.37158030416236176,0.3224463700816613,-0.721056365887913,0.41583819881502926,0.7357027716949075
2.018242597579956,-0.531836159872371,-1.4518335123482329,-0.49222312664572476,0.17617211488198367,-1.4000839508737852
2.4144502580165863,0.6916334753110358,-0.24085077641328323,0.048904024132638314,0.8518437705916713,0.5021101532038341
2.8106579184532166,-0.021155407813994654,0.5075955020455895,-0.6595430912739275,0.26684373763925007,0.3384144049158216
3.206865578889847,-0.25854387765848375,0.25109829722560106,-0.2142586233783997,0.8378869091330916,0.664622950034537
