time,pulse_channel_1,pulse_channel_2,pulse_channel_3,pulse_channel_4,pulse_channel_5
0.0,1.9535127490026864e-06,1.6177344720231404,-6.8171032513357795e-06,-1.4261815594634335e-05,0.5389204205984925
0.44203370809555054,-0.6054926270023995,-1.257120014657908,0.6100327950247474,-0.1861760020795493,-0.3170277547942959
1.3600756525993347,-0.388896761824613,-0.3262291486636172,-0.3068942038705428,-0.31334854486226627,0.3808386934265996
2.278117597103119,-0.18155711019441337,-0.9723536100055485,-0.37570909454697027,-0.030988077463778806,-0.23106803231158105
