time,pulse_channel_1,pulse_channel_2
0.0,-0.9198665741867766,0.5437719675674334
0.2838922441005707,-0.166654696744919,0.527159082387413
0.5677844882011414,-0.03946285923976127,-0.4331362691437299
0.851676732301712,0.7098155506182248,-0.8091324606933906
1.1355689764022827,0.05167458337645487,-0.28865778514072016
1.4194612205028534,0.9114070263823818,-0.16207958297003858
1.703353464603424,-0.13691205851522437,-1.0126808947291808
1.9872457087039948,0.15576155661607768,0.8097900611072162
