time,pulse_channel_1,pulse_channel_2,pulse_channel_3,pulse_channel_4,pulse_channel_5,pulse_channel_6,pulse_channel_7,pulse_channel_8
0.0,-0.5413933434174079,-0.0003783696689332355,0.004051055760153945,0.5400140187809457,0.3536897725290124,-0.35317563165112925,-0.0007434751313378847,-1.0183759588267216
0.23179277777671814,-1.4467456239951038,0.00039875122470023843,-0.09014656833987433,0.18900806062425043,-0.17072617148428842,-0.1915324519750525,-0.7878606331420976,0.7659956225287723
0.4635855555534363,0.2695343538367419,1.0785528120701775,-1.0757565166671783,1.094593829736578,4.61833069432422e-06,6.0629117251203116e-05,-1.788030921729471e-05,0.00015874255811877273
0.6953783333301544,-1.4473519785810864,-0.0003969654600769803,0.08486222048367366,0.19125010944410734,-0.1715253328390004,-0.19037076137420056,0.7880054723543447,-0.766873260683074
0.9271711111068726,0.2224594537236282,-1.078192250441026,-0.08622741384448694,-0.22265280948334173,-3.098252704223291e-05,0.33312203670611434,-0.00028108798584445583,0.00034672559892368353
1.1589638888835907,-0.9289179329071171,-0.4978193960764009,-7.050293678690011e-07,1.0848448618438038,0.19884760882248864,-1.9148935018124022e-07,-0.6061755915997756,5.856162838527706e-08
1.3956091552972794,5.401211298779174e-07,0.4459971134215594,1.584650525658254,-0.5282170614436708,-2.065259202256004,-5.0773309241772065e-08,6.154599485795622e-09,-3.7233489415619453e-07
