time,pulse_channel_1,pulse_channel_2
0.0,-0.6822545399471538,0.9549375079204546
0.9262209534645081,0.43772157166683545,-0.46976509230575886
1.8524419069290161,0.25663382730804396,0.009713908324148647
