time,pulse_channel_1,pulse_channel_2
0.0,0.5201304375352489,0.6454095449862144
0.18973930180072784,0.3096854245019751,0.03703695622341345
0.3794786036014557,1.0504576385024926,-0.04618153855589529
0.5692179054021835,-0.41567283594486354,0.6757347448337431
0.7589572072029114,-0.6872705149025111,-0.014591184021744964
0.9486965090036392,0.6042401444135065,0.11880081713361193
