time,pulse_channel_1,pulse_channel_2
0.0,0.9125038117569274,-0.7386772565904498
0.3808063566684723,0.3477975781944399,0.6347210392955214
0.7616127133369446,-0.5780715720804176,0.6545052710349831
1.1424190700054169,-0.1193587971512831,0.7442362251438568
1.5232254266738892,0.7350093405836986,-0.8622168602861919
1.9040317833423615,0.31981098880911496,1.0334425747970535
