time,pulse_channel_1,pulse_channel_2
0.0,0.42061982476032667,0.0015541252922782911
0.5261013507843018,0.09450526816447614,-0.0059266618895567275
1.0522027015686035,-0.039919891847237855,0.0060914649789992935
