time,pulse_channel_1,pulse_channel_2,pulse_channel_3,pulse_channel_4,pulse_channel_5
0.0,-0.24954218563710642,2.012215696693648e-05,-0.5406112494058888,0.6348892554174277,-4.044839493782968e-06
0.5100963711738586,7.881494967358457e-06,-6.373240814646718e-06,0.5977638606686843,-0.20917291330193885,0.2782336794894383
1.0201927423477173,0.16414283109221844,-8.112144889518345e-06,0.3498413159825515,-0.33908138250181213,7.141483952079178e-07
1.530289113521576,-1.0052602055614739,1.029771614954766,0.05894486176006719,0.8186380640696713,0.27981030586067396
1.960997998714447,0.46594377408132753,-0.2613153900743925,0.3210201173450867,0.36683836454682983,0.493197009722575
2.391706883907318,-1.323209782768161,-0.3364867845353773,-0.48439854688169315,-0.0034328807273813315,-0.27428849000058786
