time,pulse_channel_1,pulse_channel_2,pulse_channel_3,pulse_channel_4,pulse_channel_5,pulse_channel_6,pulse_channel_7,pulse_channel_8
0.0,0.009677625684334357,0.0024081497150391065,0.24108550767992443,-0.9099611128975738,0.9099708628799758,-1.7282315294786,-1.1832577427292352,-1.4267416904057283e-05
0.3349599838256836,0.16556274736076232,-0.5277317585428369,-0.2410572867401097,1.4835402483737687,-0.5277339060062363,1.7282352339759561,6.74834906478097e-06,3.663358402575346e-05
0.6699199676513672,0.5794371553138631,-0.28131289437623497,0.9139438112069834,0.009372627617459097,0.17707389138049884,-0.24242053029876917,0.9730289170191476,-0.46658803550177647
1.6747850179672241,0.7804341560839736,0.9952745030645189,-0.37515345446632165,-0.9001777846563995,0.5379291480298264,0.11834897867592609,-0.48251800994148064,0.4486460859941385
2.679650068283081,0.7534308248808075,-0.7864428762515884,0.7219816058244245,0.33825846095021905,0.12706235397257334,0.9493311943383758,-0.33354478170911317,0.9038736557098942
3.684515118598938,-0.10687562512848545,0.8891257359034622,-1.5409203296471419,-0.46295750894560983,0.4739154637867394,-0.3386929992233034,-0.19507527242086495,-0.6945352598488048
4.689380168914795,-1.212345705276574,2.1842038757628296e-07,0.2414916209823729,-0.5123581165454025,-0.18698463633505819,1.3845896809014626,0.8042292970127977,-0.3657310843425337
5.0243401527404785,0.07180492647108755,4.459128481406887e-06,-1.8868806144351378,0.07318754171083883,-0.3739039491644827,-0.7974900972211831,0.028916803535096923,0.8148251762909603
