time,pulse_channel_1,pulse_channel_2
0.0,1.340133777783209,-0.9347311777011075
0.6120268106460571,-0.40847918817213036,-1.1721429764870052e-06
