time,pulse_channel_1,pulse_channel_2
0.0,-15.28996042262989,-5.1719594738664334e-05
1.1281908750534058,9.515063510531228,-2.1279893532015204
