time,pulse_channel_1,pulse_channel_2
0.0,1.30998526141889,0.5959134830596247
0.04348495975136757,0.5584268095462781,-0.21304794149090872
0.08696991950273514,-0.27418832749469624,-0.259813938622825
0.1304548792541027,0.9885575990084765,0.722951175819971
0.17393983900547028,1.2602409822248617,-0.7827807081236338
0.21742479875683784,1.3527414208004416,0.42411417923678024
0.2609097585082054,1.041416732965832,0.04119389612017292
0.304394718259573,-0.4298847271157573,-0.11121043393212514
0.34787967801094055,-0.02178082209888119,0.4395947652321226
