time,pulse_channel_1,pulse_channel_2,pulse_channel_3,pulse_channel_4,pulse_channel_5
0.0,-1.176051815703901,-1.4932455739522941e-07,-1.1760511712281987,9.554248386833268e-08,-1.1209382078508102e-06
0.1503138393163681,0.9625651100862597,0.3490443959484281,-0.8002377350601013,-1.4085419796485723,0.39945827850133464
0.30147044360637665,0.07104405611577601,1.5620787617629714,0.20591253171974616,0.5548819222124727,0.31653693716448567
0.4526270478963852,-0.1234529940321587,-0.08403017749342974,0.2818470622184815,-0.9201937671727421,-0.815561494984348
0.6037836521863937,-1.04582458581841,0.9376123334705365,-0.3811471272304495,-0.5437693781081075,0.013349702114928058
