time,pulse_channel_1,pulse_channel_2,pulse_channel_3,pulse_channel_4,pulse_channel_5
0.0,0.22600282191041426,-0.19800996124591047,-0.7047042897202315,-0.6147838588679707,-0.5933737181082778
0.2917877733707428,1.0290310903383442,-0.6998620411311508,-0.20956261218404168,0.33990585978496857,-0.6675058310788204
0.5835755467414856,0.21346702101103274,-0.6371821195725558,-0.37549416442530875,-0.25133374049496826,-0.19588327485193774
0.8753633201122284,-0.44275889214468295,-0.9979648562177554,1.1004587278175435,-0.879831440078634,0.11822808468466607
1.1671510934829712,0.6412506334413204,0.5175265863434396,-0.3445089810958513,-0.03301323531634276,0.7020115363142242
1.458938866853714,-0.7542960554205216,0.238077292787425,-0.8208937804419247,0.42588856325677643,-0.14914542245778073
1.7507266402244568,-0.7002002936337706,-0.2081613872235382,-0.2615735846434367,0.32781832883933576,-0.8280366604747892
2.0425144135951996,-0.8217695025061582,0.25341128831514753,-0.09916946423155594,0.004873512221826338,0.2013865798117894
2.507305681705475,0.700947069611288,0.028528992951697644,0.11914239723252086,0.5946013708597654,0.6037617234579374
