time,pulse_channel_1,pulse_channel_2
0.0,1.4678161618916983,0.1950600898197405
0.4308214485645294,0.6608229685837892,-0.22043021244598285
0.8616428971290588,-0.4692651782088803,0.1428839911647845
1.2924643456935883,0.8819312025735345,0.898044298572443
