time,pulse_channel_1,pulse_channel_2
0.0,-0.7481123563078206,-1.4479412195769258e-06
1.0025250911712646,-0.47384283882806927,-0.15560753245553471
