time,pulse_channel_1,pulse_channel_2,pulse_channel_3,pulse_channel_4,pulse_channel_5
0.0,-0.5710757432185095,0.1990297798882954,0.47509101837945983,-1.3757512091981843,1.9165528676997176e-06
1.3461520671844482,0.656599466412529,0.17323729144752215,0.6566002220923705,-1.1974651358661708,-1.2530529876811079e-05
2.6923041343688965,-0.37423326449271355,0.7002568301171957,-0.648278389710878,0.07881304735782316,-0.080149288604534
3.122985929250717,-0.16936233210732832,-0.8549234212148162,0.5084870981378388,0.9457453448379955,-0.08164092665882725
3.553667724132538,-0.1422913742453922,-0.7629220257848995,0.9124099586675041,0.5260747059792803,0.7314042296205212
3.9843495190143585,-0.23456934911065275,-0.8928503879550049,0.1576956970801806,-0.2989772686041576,-0.09237023604005104
