time,pulse_channel_1,pulse_channel_2,pulse_channel_3,pulse_channel_4,pulse_channel_5
0.0,0.5906809993007407,0.03688274539493715,0.5906962873314162,-1.718926349951441,9.956484431601913e-06
0.18070776760578156,0.38755694199394863,0.022468246946583458,0.3875587111231775,-1.0473388219445914,6.106569737727349e-06
0.3614155352115631,1.0163179802785187,0.8043752484945333,1.819078298217771,-0.0728583130949392,-1.362502345648731
0.46878301352262497,-4.1124544874248325,0.009217639327230234,0.37105077408884846,1.5259421755268547,-0.05738008980786816
0.5761504918336868,1.016204641724057,0.8043654735261387,1.8191488052467195,-0.07297902261675168,-1.3624369511119023
