time,pulse_channel_1,pulse_channel_2,pulse_channel_3,pulse_channel_4,pulse_channel_5,pulse_channel_6,pulse_channel_7,pulse_channel_8
0.0,0.6174610883249352,-0.9877728087958687,-0.13797869341798172,0.4964966842505793,-0.6390102943834225,-0.2278610207151299,-0.20174544080287296,1.93530957490051e-06
1.8770103454589844,-0.3765183176763154,-1.1470129229204618,0.31900969946905416,0.4657842733651001,-0.04289885822080024,-1.551961198195722,0.2733030628822794,2.62735248879256e-07
4.086036443710327,-0.9803319453289745,0.5769019007525767,-0.5914226723616886,0.03286942609166164,0.4362009742781827,-0.42943678540049973,-0.47510262252713226,0.49448097636505906
