time,pulse_channel_1,pulse_channel_2,pulse_channel_3,pulse_channel_4,pulse_channel_5
0.0,1.3375426054896757,0.193931739969814,-0.3333162095005128,0.7225514073575833,9.081139953755307e-06
0.42698681354522705,-0.2937643719174482,-0.22334053264403575,-0.07790763913702423,1.1495102739763488,2.0480181785239335e-05
0.8539736270904541,-0.25061349902417684,0.10961850242553284,-0.37741179905725625,0.40840720933185126,9.600107938153102e-06
1.2809604406356812,-0.07460112374062583,0.4617234571840654,-0.5484838693086651,0.6783276369976697,0.4896433320121941
1.7740662693977356,-0.26947640439547177,-0.25653122804350864,0.33218224157645954,-0.8433000464593532,0.0838848819678423
2.26717209815979,0.46072004044723913,0.2433747904513636,0.8674231162078345,-0.4129574684694843,0.7186284730761439
2.7602779269218445,0.057821495875737136,0.2119961596233146,1.0039584743371164,0.33061647612372347,-0.6813310767927447
3.253383755683899,-0.18555721100374795,0.3441311342960266,-0.201134238423343,0.2893369913394424,0.3259908458688356
