time,pulse_channel_1,pulse_channel_2
0.0,-0.48890720038176383,-3.1939492493686248e-06
