time,pulse_channel_1,pulse_channel_2
0.0,-1.4579386406750343,4.232943979938416e-06
0.8573749661445618,-1.203100906435864,-1.2701926708502786
