time,pulse_channel_1,pulse_channel_2,pulse_channel_3,pulse_channel_4,pulse_channel_5
0.0,1.2574157092540137,-0.3189182173034533,-0.3844062302380983,-0.4082401810972867,-1.6132902937230875
0.23056237399578094,0.017159993794155348,0.3668743667818487,0.9134705532643065,-0.5206108957351998,-0.3553066540240768
0.4611247479915619,0.14830873959274393,-0.7403865063353764,-0.5182681337483435,-0.4055509918527244,-0.8156465546266112
0.6916871219873428,0.42119256253383863,0.48750714201591955,-0.772598554027239,0.8852111819019407,-0.1123695379212308
0.9222494959831238,0.06343114994778039,0.6434256542589141,0.401151797916738,-0.08434392490856776,-0.9198277740222485
1.1528118699789047,0.6911938658594399,-0.5729671008049225,-1.25327760039311,-0.21724298325972471,-0.352517982906363
1.5241399556398392,0.31435775566488455,-0.32606082608258924,0.7426546496031333,-0.11185712949490079,-0.20451123738721064
1.8954680413007736,-0.516802116447076,-0.9783641129163682,0.4231586165352891,-0.7538729044797325,0.6316033038646646
