time,pulse_channel_1,pulse_channel_2
0.0,0.633338650898737,-0.6384781635414267
0.09635029733181,0.1763897249112038,0.37131858032466825
0.19270059466362,-0.3448739692355942,-0.7911494202963729
0.28905089199543,-0.23642967925768052,-0.5237841263426323
0.38540118932724,0.6135963330842732,0.39213116436082224
0.48175148665905,0.4124591552046553,1.0342250387090335
0.57810178399086,0.9547660512788777,-0.097715864847168
0.67445208132267,0.5485741487800376,-0.6958445695079377
0.77080237865448,0.25062815161756585,0.060077505870233236
