time,pulse_channel_1,pulse_channel_2
0.0,-0.4827062821993035,0.06021383918479808
1.027856707572937,0.7296717845489632,2.2640718860902377e-09
