time,pulse_channel_1,pulse_channel_2,pulse_channel_3,pulse_channel_4,pulse_channel_5,pulse_channel_6,pulse_channel_7,pulse_channel_8
0.0,-0.00012886871728939983,1.649086741354351e-05,-4.0285982459212906e-05,-1.8706636312215192,1.2607005897211174,1.162170050616738,1.6626599628312777,1.5391333738200395
0.173529252409935,0.00021939825339219675,-0.00033347195130726924,-0.45800950176844285,2.2765192737703703,-0.7496667898208432,-0.77095249570649,-2.452170595151637,4.093663005173736e-05
0.34705850481987,-0.5127410525749782,-2.5700276729716238e-05,-0.6290794168553209,-1.0732435055712244,-0.15506769132278742,-0.7849818979625808,2.900132067733265e-05,-2.345574532663765e-05
0.520587757229805,-1.0679538282280403,-5.960798090101397e-05,0.9481013650208118,-0.45451944525225324,-0.792389286563332,1.4626732399490703,-7.707192217453005e-05,8.227600176790009e-05
0.69411700963974,0.9239992684856714,-1.0323352802783932,0.5109286507428331,-0.7213652552276555,-0.4864867436999761,0.8807758893983412,0.8470006195183126,-2.0402176639750495e-06
2.1672458052635193,0.3005544502750728,1.589930912230214e-06,3.714291500319656e-06,0.7415159315909275,-0.06753509203880532,0.6632952568252178,0.4756158136973756,-0.19454962113867125
