time,pulse_channel_1,pulse_channel_2
0.0,4.643626066254035,0.4082258552142225
0.04458394646644592,7.183617958156241,1.1905015769941019
0.08916789293289185,4.862697247161317,0.3277380716593302
