time,pulse_channel_1,pulse_channel_2
0.0,-0.6168365105755612,0.10906116324224376
0.4127660095691681,0.06973889843818566,-0.7173939046477166
0.8255320191383362,0.14036622870572624,-0.4742084112957558
