time,pulse_channel_1,pulse_channel_2,pulse_channel_3,pulse_channel_4,pulse_channel_5,pulse_channel_6,pulse_channel_7,pulse_channel_8
0.0,0.45007928193641156,0.16111543900909062,0.9093559254996031,0.45008853416671696,-1.2628058133511428,-0.7528156076328417,7.13740753061744e-05,-7.088705571073352e-06
0.3927609622478485,-0.01085233510994184,-0.0006244124394797066,0.07126259878022087,0.07691836567078876,-0.07691749536910412,-0.05898881795679944,1.2706871586977184,-0.0006519608832508648
0.785521924495697,-1.4899400414603836,-0.04846967487577347,1.2289566200798951,0.16747427487439479,0.8274049773340277,-6.777612362327913e-05,1.7211564802789412,0.01493670908866919
0.9889003038406372,-0.4493036720071574,2.2637812061845133,0.0005059305349992674,0.971595685520464,0.13641833230433129,0.05058931066355927,-0.03404002025388746,-1.2331711193181225
1.1922786831855774,0.28859785963253165,-1.8462430552102571,0.005532775120199538,0.41520561016691926,-0.38775872009313533,2.4574605775257394,-0.46566436103232184,0.059155555095201026
1.3956570625305176,1.0440477760739455,-0.9254254372031253,0.21838826965693825,0.5643728331366682,0.02765526977755554,-2.318037197069015,-1.7806904271261765,-0.04706150427051621
1.5990354418754578,-1.3174616046264211,-0.02575488497193315,0.00738227527019879,-0.33548901275939397,-0.10504511942023395,0.012504891871091836,1.5918932013678375,0.8951730868059639
1.802413821220398,0.5897374075017902,-1.124302130119911,0.001044419871086846,2.2830587062807886,-1.0040128311868097,-0.530871146277507,-0.27778849527112176,-0.840982510494671
