time,pulse_channel_1,pulse_channel_2,pulse_channel_3,pulse_channel_4,pulse_channel_5
0.0,-1.0841313857354568e-06,-2.2690031275902336,-2.485139728712908e-06,-2.0966276203205505e-06,-1.6858154768164302
0.10469052195549011,0.40894848254958027,0.2114539673410221,-0.12722754136437814,-0.1648955299198649,0.16507575117575693
0.5157876014709473,0.01964994633032096,-0.5477845957373422,0.060987641794926446,-0.9219321872517414,0.09018879752970249
0.9268846809864044,-0.40529089456304485,0.017128005981254944,-1.1068182381877856,0.09314074984547598,0.9377060280250379
1.3379817605018616,1.050763314484238,-0.603076773689283,-0.8502000552007746,-0.3564399200818571,0.37833309117031794
1.7490788400173187,-0.47746648838290706,0.050761772938938875,0.5328144535456218,-0.6018190861348491,-0.16240923839093535
2.160175919532776,-0.9923363012381391,-0.7964732988593352,-1.171062374993276,-0.5270960848710429,0.9075833728835182
2.571272999048233,0.209515768444435,-0.912107052697981,0.6723637135641407,-0.05247352643986935,0.5200421229089461
