time,pulse_channel_1,pulse_channel_2,pulse_channel_3,pulse_channel_4,pulse_channel_5
0.0,0.4271254326541019,0.414262147906388,-0.15727294526672153,-0.659721783958557,-0.3495550834189364
0.1895585060119629,-0.018356960622537995,-0.27134528793149437,-0.09754753028305396,0.15682517888766803,-0.4025207711252363
0.3791170120239258,-0.2672877721930142,-0.019236293583952898,-0.009997405866066338,0.5130202396264534,0.7830929229460704
0.5686755180358887,-1.005236637645331,0.7188893831581346,0.1326190675839184,-0.09222411120448208,-0.0663704492869714
0.7582340240478516,-0.24492775658618718,0.6714453303265717,0.8747873289616982,0.6943810696233792,-0.05552368215805163
0.9477925300598145,0.8567619536601416,-1.3713865834461831,-0.03895760136366888,-0.312704954791238,-0.11771666829464819
1.1373510360717773,0.06739126746364581,-0.4165136303292433,-0.8867872378211623,0.8575034551671682,0.1516101397122838
1.3269095420837402,3.777812915101798e-08,-1.5271119053873838,0.5090373153763391,3.183632487318677e-07,-3.526648345475756e-08
