time,pulse_channel_1,pulse_channel_2,pulse_channel_3,pulse_channel_4,pulse_channel_5,pulse_channel_6,pulse_channel_7,pulse_channel_8
0.0,0.8261758612818231,1.2126255641789743,-0.8074654475284693,0.5361135134033638,-1.3697711523072418,-0.020044284438073608,0.34034322728141875,0.4080540494267581
0.34267884492874146,-0.43772873511783145,-0.9771737175306864,-0.20172759061437623,0.24765390419855352,1.0312235889191408,0.270285129701734,0.860068488611662,0.32258039114597864
0.6853576898574829,0.6882906483086333,-0.6940204495702911,0.020910518545178024,0.39720877949857075,0.7281323229567748,-0.07166568303544216,-0.48602830088980226,0.30689799677919005
1.0280365347862244,1.402184204995435,0.9777947702194307,-0.19120956056845337,0.554860500796738,-0.7219705032838348,-0.154250982217333,0.14387327010962583,0.36184155956892167
1.3707153797149658,1.5594988051137966,-0.37977527809205025,0.036339200410564015,0.06119330692287884,0.9756149914856129,0.3442172946708048,-0.812702511869937,-0.5164382643978545
1.7133942246437073,0.4207955502734954,-0.6495501333578697,-1.4657654643577878,0.7653115327504232,-0.04255073852837347,-0.4129821911684819,0.08961906178934882,-0.12104494213606949
3.8407652974128723,-5.7564395276711715e-06,-0.004304876441741986,-0.2937895522202663,-1.2339175598985384,-0.7050825608343626,5.098241885127561e-06,-7.772977619325741e-06,-1.6050840113950582e-05
