time,pulse_channel_1,pulse_channel_2,pulse_channel_3,pulse_channel_4,pulse_channel_5
0.0,-0.8025307529123573,1.6882349793081872,-0.664450131701997,0.8925182792209915,0.2580796898062564
1.424630045890808,0.03634673374784396,-0.7407251165663209,-0.9232722210976001,0.011935080409174442,0.03834675768868711
2.7752596139907837,0.1571273014155099,-0.6196872680664611,0.19950735097920025,0.040585799203504073,-0.1693755109793075
