time,pulse_channel_1,pulse_channel_2
0.0,0.5153344525425407,-0.3144983004732551
0.0673530176281929,-0.10973581663080806,0.009647678596481595
0.1347060352563858,0.9194551370669759,-0.7313353905886253
0.2020590528845787,-0.2424799300148781,1.0282827712372908
0.2694120705127716,0.7861492014000571,0.4078514800429796
0.3367650881409645,0.36989086984226305,-0.3796814148199386
0.4041181057691574,1.040260880101926,-0.5082538186926305
0.4714711233973503,-0.5239654796313841,-0.09097114696936567
0.5388241410255432,1.126386854228678,0.33579378341394134
