time,pulse_channel_1,pulse_channel_2
0.0,0.09653919711520152,-0.34614182343977556
0.9473454356193542,0.18538801687150291,-0.10240937813238488
1.8946908712387085,0.5705579238417513,0.4494186813121311
