time,pulse_channel_1,pulse_channel_2,pulse_channel_3,pulse_channel_4,pulse_channel_5
0.0,-0.45448205200221026,-1.1925327867840585,0.8704422492247762,-0.40971307004893515,-0.3540670290421641
0.16901981830596924,0.33288268803983323,-0.33518345709965974,-1.1465782208004458,0.18323141012252728,-0.023689314270164834
0.3380396366119385,0.7203136139607428,0.7359163795055369,1.0667528918999485,0.23793033530051744,0.5340989733921245
0.5070594549179077,0.3761662269770317,0.1322683993962895,0.035878923856542386,-0.0222024918945014,-0.2587082599075708
0.676079273223877,0.11964104511924256,0.0972760659630363,0.8628054431159139,0.08826278305275974,0.6362234312699114
0.8450990915298462,-0.4604262059665324,0.5540819975923256,-0.46037425111363345,0.18960959132982103,-0.8137182744360398
1.0141189098358154,-0.671600738817557,-0.35992031697124693,0.7843359677190256,0.14376616929410327,-0.43826041177273795
