time,pulse_channel_1,pulse_channel_2,pulse_channel_3,pulse_channel_4,pulse_channel_5
0.0,1.3083275052568255,0.08769902963291967,1.1721377392552155,0.4147669072769951,3.861957801413713e-05
0.04786672443151474,0.994841434789437,0.017833260006027283,1.4152015491297942,-1.5042252604185538,-4.381399601901385e-05
0.09573344886302948,1.1068621208967813,0.26798293177679566,0.32933142169447477,0.5765273838062835,-0.0003650407885611078
0.14360017329454422,-0.12339429371572154,-0.3473489705923653,0.3574243267694829,-0.08412539587517802,0.0006340920595880861
0.19146689772605896,0.4194734947722437,-0.01212006533466681,0.4225719383611988,0.6003739653813035,-0.00024870431132688385
0.2393336221575737,-0.19539115963318493,-0.8078154285931208,-0.8862052048091996,0.1493311902304423,0.6852051876492963
0.9544535800814629,0.6375535461616645,-0.35976576416720746,-0.9485919592093256,-0.2781518145776181,0.29809933864267096
1.669573538005352,0.4814617928187144,-0.5939697687229869,0.3275313839543475,0.5589386082742115,0.08918770964118221
2.384693495929241,0.23122107821298743,-0.20109856571232046,-0.22411994121394369,0.2008251667232487,-0.6808494220066902
