time,pulse_channel_1,pulse_channel_2,pulse_channel_3,pulse_channel_4,pulse_channel_5
0.0,0.4798189691428814,3.2305854551335005e-05,-1.1024018274138419,-0.2665481691052516,-1.9695051030059079
0.7342426180839539,-0.6047842310836848,-0.9106576508305143,-0.8287713494702015,-0.6538005446814505,-1.505088588841026
1.4684852361679077,0.7222867895349446,-0.40105440282809923,0.7222743092811276,-0.5503457122587659,1.52308512322663e-05
2.2027278542518616,0.2570782073966771,-0.5491215640313795,0.024875561390119746,-0.11870151080727033,0.073392342338721
2.588728368282318,0.4367612124611027,-0.0007657778993788046,0.4788708230146075,-0.4909632434225441,0.39361135657988794
2.9747288823127747,0.9960402343438424,1.1319667127866002,-0.24599213812903642,0.5706706093714584,0.9024702204687901
3.360729396343231,0.0752837761323168,0.011836576070781476,-0.07191257575331948,0.7498041023526115,0.1516019131766433
3.7467299103736877,0.7651647460291442,0.7476249570697776,0.5347488983412348,-0.0338350471330878,-0.09162405050627072
