time,pulse_channel_1,pulse_channel_2
0.0,1.1925174609130422,0.2060903295013899
0.6159465909004211,0.10699892016550233,-0.34902280212481623
1.2318931818008423,0.1531317125470268,-1.2504584749369525
1.8478397727012634,0.8728675852096955,-1.3692054985946616
