time,pulse_channel_1,pulse_channel_2,pulse_channel_3,pulse_channel_4,pulse_channel_5,pulse_channel_6,pulse_channel_7,pulse_channel_8
0.0,0.8492065813043019,0.42893975694167324,1.1145553202784741,0.8491976207189084,0.016326197661932294,0.11025252334637478,-1.3306895392724853e-05,0.40256137215040394
0.6245046257972717,0.0006005343604010015,0.009083023437117624,-0.7992179511232628,0.5592849136664214,-0.5592460714579169,0.04733208600749728,-0.5728815246263829,5.654112444282096e-06
1.2490092515945435,-0.002625088754099197,0.7098236796645376,-0.2718332471281254,0.5119057347319355,0.08633103635854765,0.09966730082433377,0.3565820249604637,-0.8798524826062899
3.9818254709243774,1.1457092618507727,1.2342395050598889,-0.26520685161593915,0.6767301697257977,-0.8746485531026297,-0.598283398401782,-0.9897748460943084,1.1934763086390872
