time,pulse_channel_1,pulse_channel_2,pulse_channel_3,pulse_channel_4,pulse_channel_5
0.0,-0.1363763485821177,0.5920487515134774,-0.23190239071833949,0.09581070781593211,0.7761057532801633
0.3184264898300171,0.7808049328023019,-0.4334476152755269,0.7836713479930025,-0.6602264596177777,-1.0406320305126584
0.6368529796600342,0.07775371403280994,0.3328126484167798,-0.017070816275360185,0.15833287862874,0.4885001127777434
0.9552794694900513,0.4097456239330259,0.5854891109212059,0.4393940152450989,1.2544338396040458,0.14637642665690678
1.2737059593200684,0.1886074520523065,0.09116569046265026,0.20179089320715823,0.03717213401994327,-0.0808681718091232
2.750033974647522,0.27474194993030543,-0.6106208279592629,1.0984238398983661,-0.8188634428240296,-0.12590786590694
