time,pulse_channel_1,pulse_channel_2,pulse_channel_3,pulse_channel_4,pulse_channel_5
0.0,-1.3442007481679525,-0.32791152052076095,-1.0896978314612153,0.6781587180676637,9.138222660086257e-06
0.08954095840454102,-0.06233498604881737,0.47405437953183466,-0.4386971087994718,-0.9803844847064311,8.334591461677519e-06
0.17908191680908203,-0.6929843905495977,-0.1461526572991491,-0.3328957762429934,0.3022320112118619,-1.1744612948223104e-05
0.26862287521362305,-0.22862957580981813,-1.3437143030231065,0.286765682409094,-0.1528654707631801,-0.2060706633010004
0.5487272143363953,0.9499464606593261,0.037063487070704414,-0.8827346703664224,-0.5522843114217544,0.8326208574251902
