time,pulse_channel_1,pulse_channel_2,pulse_channel_3,pulse_channel_4,pulse_channel_5,pulse_channel_6,pulse_channel_7,pulse_channel_8
0.0,-0.6325983559923903,-0.7668075741254567,0.8168349704997497,-0.6127856659101251,0.5374338501818171,0.5340097602051772,-1.0742035112479248e-06,0.8503495832295325
0.20813718438148499,0.632594592968908,0.49211614669831333,-1.355500625741638,0.612784548457438,0.45824231671767895,1.2563209012846015,-1.0101950519054058e-07,-0.3413659230990424
0.41627436876296997,-0.05526121608320055,-0.42938685381453284,1.213228569671699,0.4252623603685865,-0.8996216766951897,0.1570941590461163,-0.05789633183168198,0.11410725892802255
1.5361964106559753,0.3426048197469982,-0.6425192001566876,-0.40914166863790313,-0.3458547380413607,0.26638225061565846,-0.42422661916945265,0.46087657371210156,0.3754792338445642
2.6561184525489807,-0.763419913984593,-0.8046638300023878,-0.6304507878880349,-0.20937389352223687,-0.04544194691974963,-0.6307515794398982,0.0688805911563026,0.00043104069179789826
3.776040494441986,0.632741843544186,0.05955508172976062,-1.4961684087709768,0.30056475769521324,0.4552333685015391,-0.27155309593085936,0.6069346528368353,0.32763549734534075
4.8959625363349915,0.42650401589951314,1.0407451869048618,0.8045385446470492,0.42650327912951486,-0.8664367966485567,-0.5177706026931094,-1.1172419720026255e-07,-0.9239968357640431
5.104099720716476,0.42282459975333864,0.9231611729870609,0.7136428082471888,0.4228235069360271,-0.7685411649765727,-0.45927143157070743,-8.582830156825271e-07,-0.8196066518562874
