time,pulse_channel_1,pulse_channel_2,pulse_channel_3,pulse_channel_4,pulse_channel_5,pulse_channel_6,pulse_channel_7,pulse_channel_8
0.0,0.25306770903883413,-0.7399472595239246,-0.2776784471431784,0.041446440869678566,-0.11810683112866789,-0.6725572465543119,0.1822652260520005,-0.2989081591903369
1.4352024793624878,-0.30955872239769616,-0.7332257409009438,-0.2313487612505728,-0.07956647837400017,0.8983179566331418,-0.24602111896480544,0.2955260393692131,0.06931853475176247
2.8704049587249756,-0.13805663476333146,0.11518789976106365,0.3702816252934525,-0.4026789948960542,-1.8068074875878775,1.8475820792226305,-1.9755386141523963,-6.620655105702493e-06
3.0344034284353256,-1.361069313104011,-0.1303574423047802,-0.25890347270079633,0.9396107444891564,0.9838746290612308,-1.2918987495255077,-1.0998720822502046,-8.469656864808673e-07
3.1984018981456757,0.6420343827488904,-0.7128725952645458,-0.11136514178411518,-0.7662075684735489,-0.05595434510022203,-0.5556996038691291,0.1934937584514868,4.709150017981573e-06
3.3624003678560257,-0.7228821744677629,1.9170528237231208,-1.7507416853488524,0.17237229696410888,-0.2815491993441016,-0.05991561430696155,-1.32398043110292,0.6487081660483884
3.5263988375663757,0.15877882770892285,1.8542499233054188,3.122314965610127,0.002182873406315615,-0.06571318020058499,-0.10417169283874354,1.397101033103696,0.702430440524798
3.6903973072767258,0.7247129788544814,-1.1972615606076842,0.15562281151628432,-0.029781066875614253,1.5034794314698552,0.4292507930522259,-0.04093925239294609,-0.9868992790831027
