time,pulse_channel_1,pulse_channel_2,pulse_channel_3,pulse_channel_4,pulse_channel_5,pulse_channel_6,pulse_channel_7,pulse_channel_8
0.0,0.04493551117639926,0.04119653175064323,0.00928515240514704,-0.5481086578056849,-0.9814101963569508,0.9817537414529537,4.553642638988601e-06,1.1893784221766845
0.3241613805294037,0.08109441861652025,-0.5453519839068884,1.4139995675769683,-0.989177334507739,-0.5453500822797964,0.6162334052199651,-7.951429215900715e-08,0.00019361656548874136
0.6483227610588074,-0.09031122219238949,0.3396935333438352,-0.09075277227991203,-1.4123818005239717,0.8514392819128659,0.05688341253926419,-1.9232629446844844e-05,0.23515276618589764
2.0614845156669617,0.6676164014832917,0.3104467030105573,1.2702959540111767,0.5348573001625255,0.04114813447995589,-0.43944272893932396,-0.3337913550615596,0.41082546942456044
3.474646270275116,-0.014378791271580463,1.999079848855413e-05,-3.040252304728339,-0.2113604036045242,-1.6288405965692425,-2.9298083140395,2.976854560674339,-2.7354825087812493
3.7988076508045197,0.9185395510180082,-8.843894216032047e-06,1.3495117098762361,-2.94242850636821,-1.2540288892302873,-2.739597559570162,0.2816006114878908,-1.4541028944649896
