time,pulse_channel_1,pulse_channel_2
0.0,0.4663411268968146,1.0718712195681206
0.277182400226593,-0.3252412341947111,-0.2705430989172299
0.554364800453186,0.31736017455925386,0.04990964503455803
0.831547200679779,-0.0999453681946305,-0.7948472399821878
1.108729600906372,-1.0983361103827618,-0.3416005346635886
1.385912001132965,0.18632833069606772,0.2779325770496205
