time,pulse_channel_1,pulse_channel_2
0.0,-0.22908605215163916,3.794701552453539e-11
