time,pulse_channel_1,pulse_channel_2
0.0,1.0149943257169396,-0.12315366226525594
0.10187514126300812,0.3787243646841542,0.14628934321174056
0.20375028252601624,0.42533123674202855,0.6918722102200154
0.30562542378902435,0.6978083143566215,-0.5039276153929295
0.40750056505203247,0.17593069925715035,-0.010864763176483818
0.5093757063150406,-0.4844296998290592,0.9802587206873403
0.6112508475780487,-0.5196271912409823,-0.3358292165464384
0.7131259888410568,0.5692925935461987,-0.7190302818548976
