time,pulse_channel_1,pulse_channel_2
0.0,4.229805909785714,6.72753301464771e-06
1.4776091575622559,6.272563826945269,9.238498918464272
