time,pulse_channel_1,pulse_channel_2
0.0,-0.5210031011004211,3.2933349660868203e-07
