time,pulse_channel_1,pulse_channel_2
0.0,0.9744419339156382,0.23776737641697132
0.0782933309674263,1.0184434819216939,-0.5393348571029011
0.1565866619348526,-0.19114894165400725,-0.0006175095358230448
0.2348799929022789,-0.4022685617822935,0.7800453255165062
0.3131733238697052,0.835997916744383,-0.11398977886414098
0.3914666548371315,0.7485307812888663,-0.3998339236915568
0.4697599858045578,0.23953251074830445,-0.2970359039651705
0.5480533167719841,-0.013693360583100812,-0.33430968558667784
0.6263466477394104,0.042845222354114004,1.1191913957131778
