time,pulse_channel_1,pulse_channel_2,pulse_channel_3,pulse_channel_4,pulse_channel_5,pulse_channel_6,pulse_channel_7,pulse_channel_8
0.0,0.6276653931847659,0.34425172367709167,0.16120201765047806,-0.08571105598154681,0.34887830877987513,0.831873885839886,0.2175547841642028,0.49623335156168563
1.3777570724487305,-0.4682927301240996,0.09522317166296766,0.7550880899513823,0.10635504630274882,-0.11393028621324316,0.5719680349059845,0.003927136205151271,0.290942567351516
2.755514144897461,-0.9676639065633986,-1.0271498155101209,-2.2707690995003675,0.613636212681029,1.6535828261483816,-1.0881595144974359,2.9229061593576906e-09,-0.5534348736088934
3.191879481077194,0.5038688302422284,-0.8350566095116537,-5.543170208093955e-07,-0.6405169934552992,0.15479597436715836,-1.0358991647107145e-07,0.26865462129667056,-1.1968044361646167e-07
3.6282448172569275,0.9005309656568176,0.01576889020221807,-0.9869977413293299,0.8997369940114798,-0.1724824617940984,-0.021829872833659628,0.00987189584474243,1.062978115159094
5.006001889705658,1.00914779711058,1.4238189454275145,0.8074135756134501,0.4570852600982204,-0.5240511861679346,0.4240349459378226,-0.4368349741162051,-0.19756635152946173
