time,pulse_channel_1,pulse_channel_2
0.0,-0.8797993558230673,-0.4506259478836579
0.21546196937561035,0.017282700182670228,-0.3295601770019636
0.4309239387512207,0.6290807214288993,0.3009229992735024
0.646385908126831,-0.6631318318431523,0.27724082114996923
