time,pulse_channel_1,pulse_channel_2,pulse_channel_3,pulse_channel_4,pulse_channel_5,pulse_channel_6,pulse_channel_7,pulse_channel_8
0.0,-0.7263614542567507,1.3804334633776658,1.4088168135617292,-0.19298257123493243,0.5712237065183638,0.030370041102076813,0.0051948699278022556,-0.7975467421267713
0.6471319794654846,1.140968273788816,-1.6132564880402207,-1.1233364055990616,0.2437233872433782,-0.8545230984433816,0.21275266501796603,0.45211345454713686,-0.06490128073426177
1.2942639589309692,0.36925863142015847,0.0001527468377958026,-0.64379217076371,-0.3716382380018291,-0.5657552824105305,5.364120538347303e-05,8.216858751295786e-05,9.650670562564772e-05
1.3548371270298958,-0.3692701952562735,-0.00018572961127477676,-1.419782327208003,0.37166691462999674,-1.4978533479890244,-5.4590493443766076e-05,-0.0001441790543672465,-7.699599294173281e-05
1.4154102951288223,6.611966769121233e-05,0.9177702407169436,0.29899729558369453,0.020668988470508354,-3.23344308454578e-06,-0.09713513552322368,4.78507761125927e-05,-0.00011579154371082155
1.4759834632277489,-8.869976586893557e-05,1.1458508499599984,-0.2990008404142696,2.042942272784526,3.7485113590033085e-06,0.09714417323145619,-1.780157605566461e-05,0.00011468113615001818
1.5365566313266754,1.0447616060334886,0.9030702800463996,-0.6121807554949357,0.31622993251488685,-1.23937939694787,-0.4713895848900634,-0.9166147437614075,1.045685336336076e-05
2.18368861079216,0.2731731906276159,0.0013889132992330633,-0.007437438010946638,0.2731758183727348,-0.5657078002536737,0.5656851390836828,-1.6847612920523444e-05,0.5262421920350336
