time,pulse_channel_1,pulse_channel_2,pulse_channel_3,pulse_channel_4,pulse_channel_5
0.0,0.17937685852638707,-0.4902984876798524,-0.7080807355952856,0.13776166805946488,0.0016243015987666889
0.0858805701136589,-0.7369728517450935,0.4994118743229311,0.130420341906093,-0.09079598813542465,-0.0029899324254472888
0.1717611402273178,-0.7630163941394899,-0.012142052342350015,-0.8815257070814416,0.33544599088259064,0.002968911410590168
0.2576417103409767,0.02825225214155632,0.2726145392851456,-0.5544672829588299,0.0208500041861345,-0.004361055758251415
0.3435222804546356,-0.8651620609587062,-0.5296877924477796,-0.13587748952917347,-0.3416351374797858,0.008263864779799592
0.4294028505682945,0.29506248950575314,0.2653149602402331,-0.18653444028185762,-0.06469313911536118,-0.005313420437310439
0.5152834206819534,1.7405573786287252e-05,-0.40373553339161766,-1.1143588595452347,-0.6415377851606286,-1.1153863557204797
1.1297031790018082,-1.4628784788182163,-0.8461748970194782,0.3742198472341112,-0.2776033819391039,0.9183349867834106
1.744122937321663,4.966610666760438e-06,-0.5745485193805918,0.7830739825869643,1.4603189401186043,0.7837975101122363
