time,pulse_channel_1,pulse_channel_2
0.0,-0.3090378033074385,0.7336363590646223
0.31534501910209656,-0.7663077267729032,-0.8756156035160595
0.6306900382041931,0.1685879381385048,-0.11752436909672753
0.9460350573062897,0.5283736559751414,-0.35705156140641897
1.2613800764083862,0.6682735287249365,-0.11947580445062589
1.5767250955104828,0.3437027229958407,-0.14557430535090707
1.8920701146125793,0.45121824625251244,0.8103660218865928
2.207415133714676,-0.25954842299270947,0.08179864757287356
2.5227601528167725,-0.6629046658525315,-0.8385006211157197
