time,pulse_channel_1,pulse_channel_2
0.0,1.7279235413254306,1.8316906432452743e-06
