time,pulse_channel_1,pulse_channel_2
0.0,-0.5732311998735778,-0.9180954903465203
0.5581418871879578,-1.0129704743844006,0.5658186812162712
1.1162837743759155,-0.7512437192718637,-0.807529915491708
