scenario,channel,tdc,fdc,pcs
GHZ (3q) (run 81),global,,,8.526600
GHZ (3q) (run 81),pulse_channel_1,1.197961,12.608692,6.903327
GHZ (3q) (run 81),pulse_channel_2,0.983344,11.198473,6.090908
GHZ (3q) (run 81),pulse_channel_3,1.497818,15.544216,8.521017
GHZ (3q) (run 81),pulse_channel_4,1.542465,26.569549,14.056007
GHZ (3q) (run 81),pulse_channel_5,1.466187,21.870842,11.668515
GHZ (3q) (run 81),pulse_channel_6,1.460795,14.974149,8.217472
GHZ (3q) (run 81),pulse_channel_7,1.469033,10.948540,6.208787
GHZ (3q) (run 81),pulse_channel_8,1.287041,17.350249,9.318645
