time,pulse_channel_1,pulse_channel_2
0.0,0.5511547617358586,0.12710686499133478
0.4429926574230194,-0.8501035459158476,-0.48841374379050806
0.8859853148460388,1.0118950067606343,-0.2088873304859511
1.3289779722690582,-0.18426294776792307,-0.1631569955245692
1.7719706296920776,0.0385162249875777,-0.054708200417548744
2.214963287115097,-0.6792230091456216,-0.6904026418472086
