time,pulse_channel_1,pulse_channel_2
0.0,-0.37161454972046803,0.29215764739483185
0.32936492562294006,0.03120799100621476,0.3844140234252467
0.6587298512458801,-0.2791415830487877,-0.6788514350403795
0.9880947768688202,-0.2043882969708803,-0.5062231582527202
1.3174597024917603,0.3115751811139635,-0.48662113193691847
1.6468246281147003,-0.2491739126965587,-0.24428555072673075
