time,pulse_channel_1,pulse_channel_2
0.0,0.045092608463618816,0.24329313967418661
0.25717464089393616,-0.5548584299104778,0.8216782165549223
0.5143492817878723,-0.7336947326607508,0.0683216991276764
0.7715239226818085,0.6674349618873653,0.7633486759427753
