time,pulse_channel_1,pulse_channel_2,pulse_channel_3,pulse_channel_4,pulse_channel_5
0.0,-1.102830588715234,0.2032707397598371,-0.2948156662505911,-0.44777236569084383,-9.858090245253541e-05
0.06893997639417648,-0.3225349378984722,0.25998583498172684,-0.9266403235026842,0.5916166148243144,0.0001601190980141226
0.13787995278835297,-0.8232900851954531,-0.08019137078930552,-0.7173944977649163,-0.5376390911351034,-0.00012360892396261474
0.20681992918252945,-0.7393617433766057,-0.3813779913707721,-0.24428844904295002,0.3885375334483976,2.5808869000896233e-05
0.27575990557670593,0.38873035054122773,0.008501168156852342,1.2059233191189234,-0.06918671930010833,0.15752417638198152
0.49368493258953094,-1.0602702323616886,-0.5072858066689241,-0.8905011373072883,-0.5495765895848078,1.0236211949436653
0.711609959602356,0.21435755002700452,-0.7226989549911813,0.06471918332804898,-0.3500382453527291,0.34908057828688094
0.929534986615181,0.09437299351457387,0.31036633514586176,0.20957062252452668,0.14001942413499313,-0.5450658921854019
