time,pulse_channel_1,pulse_channel_2
0.0,0.22971688772256493,0.11951830869311278
0.4198586344718933,0.8698581044984567,-0.7663775867678305
0.8397172689437866,-0.3065262092972719,0.19681801764771584
1.25957590341568,-0.005928201763085559,-0.5841538660948784
1.6794345378875732,-0.6633421662179148,-0.7618161385518863
2.0992931723594666,1.370757125867961,-0.094364336066763
2.51915180683136,0.10899438963737797,-0.285780636838237
