time,pulse_channel_1,pulse_channel_2,pulse_channel_3,pulse_channel_4,pulse_channel_5
0.0,-0.6618101565543842,0.36446814354913476,-1.6261861817776826,0.9104317262437263,-1.932267783254351e-05
0.0520051009953022,-1.6743312089533977,-0.169104523475931,-0.7196261879616016,-0.4224510675707249,3.3270511478503016e-05
0.1040102019906044,-0.6032082374534242,-0.19535811639115602,-1.5769441427806565,-0.4879818537058609,-2.3954907165873963e-05
0.1560153029859066,0.6815634212635868,0.44370632877322136,0.09664361735010205,0.03185546694834137,-0.3268236172495279
0.4284590147435665,-0.8603964194821528,0.3151389930174729,0.08812418386481667,0.6696550040198638,-0.6199034196642502
0.7009027265012264,-0.21848335184048595,0.8230903059126037,-0.3480262468492969,-0.4805308035325292,0.722835536130655
0.9733464382588863,0.3654437593683126,0.6508344775441055,0.38066196461452073,-0.7317920708671621,-0.2063670145018716
1.2457901500165462,-0.7202857128106052,-0.7547090612631101,-0.5806046077560748,-0.04955474551243126,-0.16430811870553513
