time,pulse_channel_1,pulse_channel_2,pulse_channel_3,pulse_channel_4,pulse_channel_5
0.0,0.032312482471987286,0.5142869220607249,-0.031132072627677202,-0.11408284901392772,0.1228209264785487
0.3489687442779541,0.07197672828508903,0.8763136750943192,0.8686626446912485,0.7434556115913448,0.5879749485130766
0.6979374885559082,0.5974980337301082,-0.06794854458199953,-0.5265562336427762,-0.6345242913953132,0.44620322310330224
1.0469062328338623,-1.1184335610015363,-0.701889481029391,0.8751902455965571,0.40922936508835817,0.5878816780271191
1.3958749771118164,0.649741308454869,-0.7656703482901219,0.4293405390109819,-0.8226087324356542,0.22369465464347835
1.7448437213897705,0.48627166756244833,-0.07320560274701504,0.29904710492702385,-0.8469695510711147,0.7086857229780164
2.0938124656677246,-0.106957049149063,-0.6411814911274347,1.7398799388924244,-1.22256552515952,0.6143394005797361
2.505292057991028,0.2704362144816171,-0.7232334536575173,0.6831721445075918,-0.621048851424269,-0.21083940849929556
2.916771650314331,-0.713482313237389,-0.3590429356445519,-1.2361043489001597,-0.17050917401348586,0.7076080666668081
