time,pulse_channel_1,pulse_channel_2,pulse_channel_3,pulse_channel_4,pulse_channel_5
0.0,-0.31710935798136747,-0.6187159578057901,-0.48081240962716243,0.8873721235705129,-0.591341925057264
0.131824791431427,-0.8180461152354641,0.11946878975786777,0.19404016730564094,-0.011327215016133613,-0.7893718973631012
0.263649582862854,1.0182138475753546,-0.14961604489054178,-0.8268106032624962,0.8331193568957611,0.7057838283556289
0.395474374294281,0.18714971221186102,0.12756295082705146,0.00966507672231678,0.8213851473164883,-0.7038163297143676
0.527299165725708,0.8424722441245961,-0.8640798156893373,0.2883587112529031,0.9001046796873988,0.23771561017229548
0.659123957157135,-1.0889354208023871,-0.11651805633616621,-0.00556089192351563,-0.637744286336835,-0.37434236231365386
0.790948748588562,-0.8138060389449705,0.6701063193446956,-0.5446286040520356,1.0856708895669382,0.5895841932801551
0.922773540019989,1.2327106711233187,1.1116273983365654,-1.0096959643694474,0.04839083027291462,0.6778051259556388
