time,pulse_channel_1,pulse_channel_2,pulse_channel_3,pulse_channel_4,pulse_channel_5
0.0,-1.0154689283617557,-0.08484502196317725,-1.0154722424489444,1.22800860196949,5.569119130307134e-07
1.2185845375061035,7.28197729771003,0.6265264618771251,-10.513704485139424,-2.022862782424084,5.372999466767012
