time,pulse_channel_1,pulse_channel_2,pulse_channel_3,pulse_channel_4,pulse_channel_5
0.0,1.5794079661607623,-0.13145240991749943,2.0441223566407865,0.03201355026557684,0.0012401486429188381
0.025202948600053787,2.891163445053567,-0.20603608402697923,1.9908045053706964,-0.2649614290833547,-0.0031867053437019473
0.050405897200107574,1.137049867776403,-0.22508097037199418,2.156934103399688,-0.033717049696534974,0.004328679398231418
0.07560884580016136,1.34168925977524,0.562431923694592,0.9153882206973899,0.2666939587548057,-0.002396416990575046
0.10081179440021515,0.11281761375354911,-0.8111374682806386,-1.1956878982305126,0.015557140367257105,0.13709597776696594
0.7186232954263687,-0.43442452075531923,0.7012110593421759,-0.9720043517858044,-0.24367024849201263,0.5932565901276442
