time,pulse_channel_1,pulse_channel_2
0.0,-1.4329493483750209,-0.38372661420595233
0.33705732226371765,0.741723296669572,5.551340309467145e-06
