time,pulse_channel_1,pulse_channel_2,pulse_channel_3,pulse_channel_4,pulse_channel_5,pulse_channel_6,pulse_channel_7,pulse_channel_8
0.0,-0.5786021456671002,0.8175644373842316,-0.2893280855843146,-0.5785832083034321,0.9353418396415042,0.11713874309416519,-6.141297534290834e-06,0.42890418930162943
0.9165852665901184,0.2521245524946914,-0.8441261959371407,-0.7715782355185387,-0.6034391615337389,-0.35532766620921497,-1.1249012606747517,0.5050442433821993,0.5739477403407328
1.8331705331802368,0.7178321263380033,-0.06571935616598702,-2.196250015737403,-0.6502930090006118,0.01358161101598922,-0.17171677708954258,-0.3774564308509849,0.6803874365273256
4.216325640678406,-0.7614076917024675,0.8018129011846272,0.9521115159465477,-0.2552996408224423,-0.1961309154084816,0.21575446811202145,0.9510775581618955,0.8124445447736366
