time,pulse_channel_1,pulse_channel_2
0.0,-0.2634288085783657,-5.121270957755792e-07
