time,pulse_channel_1,pulse_channel_2,pulse_channel_3,pulse_channel_4,pulse_channel_5
0.0,0.971027587618479,-0.07662677655872147,-0.04976897692735227,-0.6765169252492628,0.4038380776946895
0.12594389915466309,-0.6959218662033781,0.9773643955608845,-1.0372615232610702,-0.9916996950052471,0.35507438528902946
0.25188779830932617,-1.1290251441803187,0.9891500132389123,-0.36440748206494195,0.04410501123992121,0.13148326307040847
0.37783169746398926,0.04677309277871025,0.6779503762549673,-0.6100706617234013,-0.6650868180639224,0.2732816999335236
0.5037755966186523,-0.07497799492964499,-0.5279349620804817,-0.2801654873106348,-0.7342883044492479,-0.6669181900356808
0.6297194957733154,-0.024248753142937566,-0.35937397728845666,-0.3902073244427911,-0.7619994355993135,-0.643568155981632
0.7556633949279785,-0.7868937159016512,-0.9474893758046196,-0.7630710667627593,0.14261023684643817,0.7667423238570527
0.8816072940826416,-0.07276566976074178,-0.7734164176159416,0.8839164607250276,-0.33020088007303977,-0.5792557187284318
1.0075511932373047,-1.0395085810260554,-0.07256267177218037,-0.721231395367551,-0.47426913045338226,-0.8564731102485881
