time,pulse_channel_1,pulse_channel_2
0.0,0.026081873506802983,-0.2836396321062379
0.38341960310935974,1.6350990399317054,-1.2649373968598192
0.7668392062187195,1.4710954162811234,0.15738482070248783
1.1502588093280792,-0.5730202527828426,0.1188119438026916
1.533678412437439,-0.1336215712139569,0.8931920517407579
1.9170980155467987,0.9475940918248095,-0.02568967347371882
2.3005176186561584,-0.01773801187564027,0.30868986050367664
