time,pulse_channel_1,pulse_channel_2
0.0,0.794477289216068,-0.19496937157417993
0.3857042193412781,-0.3546082183087196,-1.4393638605126893
0.7714084386825562,-0.23315075209169472,0.23454538859066856
1.1571126580238342,1.129623091778426,-0.817181323859822
