time,pulse_channel_1,pulse_channel_2
0.0,0.8775052587093749,-4.993555954479259e-06
