time,pulse_channel_1,pulse_channel_2,pulse_channel_3,pulse_channel_4,pulse_channel_5,pulse_channel_6,pulse_channel_7,pulse_channel_8
0.0,0.47134252784241876,-1.2855748230210606,-0.8411768074331781,0.47134125123697374,-0.932436236476474,-0.3828994269361383,6.1018443602422495e-06,-0.7766166568427497
0.3750356137752533,-0.3757963736063245,-1.2914684491073607,-0.7112274515921744,1.279126213034508,-0.9954795227112804,-0.3169542604163129,8.951235391553257e-05,-0.9919109882580915
0.7500712275505066,-0.5489316022256631,-0.7327966461866147,1.0874142780300795,-0.8723052937888232,0.016337517814370317,0.20610522214066931,-0.06222948620313617,0.026999151457221662
1.7497519254684448,-0.3947279680931632,0.6355572469541311,1.5944916277799812,-1.1982610607605606,-0.06536223837276776,0.30423033442086195,-0.29427706442406554,0.23953065471948068
2.749432623386383,1.0633395826960206,1.0200836069730885,-1.0649947315431751,-0.12523694497831284,-0.38616206645119755,0.26243250198329365,0.9202662694426472,0.2733768718437817
3.7491133213043213,-1.1308245031311752,-0.4452363035651042,0.47819287411452077,1.152054841540975,0.17924872579033282,-0.03182412206773891,-0.6145746872776447,0.12394541980995384
