time,pulse_channel_1,pulse_channel_2
0.0,-0.40239936727635256,0.053037587864307914
0.31112346053123474,-0.29859404564112424,-0.5005355417466862
0.6222469210624695,-1.1800335336766725,0.3472519209578906
0.9333703815937042,0.34119572731747355,-0.9103717215589984
