time,pulse_channel_1,pulse_channel_2
0.0,0.4764015784867852,0.44745137795988404
0.9620488286018372,0.30249998504165476,0.21817533928413954
1.9240976572036743,-0.24253045052351743,0.017671568743772164
