time,pulse_channel_1,pulse_channel_2
0.0,0.10355177043246919,-1.8595270557624543e-06
0.5265887379646301,-0.5783077160807218,7.869195970258496e-07
