time,pulse_channel_1,pulse_channel_2
0.0,0.07473505683675592,-0.8953781533513997
0.29045501351356506,0.7581657836968269,-0.09612090493487223
0.5809100270271301,-0.27432365655439556,0.4249399560979816
0.8713650405406952,-0.05670199882869937,0.6297616157367812
1.1618200540542603,0.23259823452382183,-0.6310059041247862
1.4522750675678253,0.12865010405714247,-0.8564338875776635
1.7427300810813904,0.955809974877561,0.7213962700656964
