time,pulse_channel_1,pulse_channel_2
0.0,0.9024862012072253,1.9258881874637447e-07
0.27701255679130554,1.0075400392741023,1.4975937642266897
