time,pulse_channel_1,pulse_channel_2
0.0,0.23096181198787527,-0.30708841317467134
0.32619932293891907,0.6043894554048415,0.42052268422258454
0.6523986458778381,0.007360266733130399,-0.35274016621243226
0.9785979688167572,-0.4476066431730947,0.021415306519062063
1.3047972917556763,0.34499957658334124,-0.30352647923325515
1.6309966146945953,0.9998273720715853,-0.46125423446705405
1.9571959376335144,0.5836922895185854,-0.07109371124116139
