time,pulse_channel_1,pulse_channel_2,pulse_channel_3,pulse_channel_4,pulse_channel_5
0.0,-0.24723565042358175,0.5898621564818204,-0.6488880915682145,-1.2372411236839602,1.3896978773772684
0.49531832337379456,0.20750910960193325,-0.48080882821590504,0.4548559541811712,0.4357726031682759,-0.939503699264154
0.9906366467475891,-0.6373504850151717,0.7541415452543795,0.4299517903969512,0.6405434351044328,0.7714067725352688
1.4859549701213837,-0.38589468755893147,-0.695635788089101,-0.34042277400323284,0.7157925598544385,-0.01040736331695798
1.9812732934951782,0.384345302785104,-0.6431702670958737,-0.93257068019077,-1.0919662377496848,-0.6180294979295927
2.213520959019661,-0.4622907147581015,-1.001135401435583,-1.3141867231835982,-1.3312363356404584,0.6729047571152085
2.4457686245441437,-0.5153989196761468,-0.017490782503320073,2.010398023516054,0.4097548713736925,-0.5074736972936079
