time,pulse_channel_1,pulse_channel_2,pulse_channel_3,pulse_channel_4,pulse_channel_5,pulse_channel_6,pulse_channel_7,pulse_channel_8
0.0,0.8815116970149846,1.0717196651575573,-1.2762446296474181,-0.5345308603441437,-0.003399902928638969,0.09738663687304158,0.471805097002025,0.5582154988430842
0.1936003714799881,0.2654217361854688,-0.03214035823863668,-0.12886513757898582,-0.2732166538872327,-0.4779897267100785,0.29653725664106606,0.8021185284274522,0.6881447557620305
0.3872007429599762,1.2747019418940981,0.2992417101005406,-1.0153450689581716,1.407601367100437,0.931033671515321,-0.37044351118507524,-0.6940370450210007,0.7784217161633522
0.5808011144399643,-1.925064017647024,1.1992843668286632,0.18019665861634598,-1.066193189452436,0.5432536100328046,0.24525679971374198,1.2189668959359679,-0.5453877337917273
0.7744014859199524,-0.6694436933551625,1.0018636375092163,0.042999966977091846,-0.07029351723699516,0.8400102679169219,-0.4194533208818552,0.05650885462451157,0.07294216100479457
0.9680018573999405,-0.04904462493919727,-1.1938030491202263,1.4532981463699508,-1.0077735196851139,-1.137960378150465,-1.2771649291614053,-0.6985656093795767,-1.0584726523699002
1.1616022288799286,0.8141850890496574,3.0335265196598202,3.5896139011890833,1.9343379762483963,2.098584373339185,0.8534536256469883,-1.7015740563694242,-0.7009467720223479
3.6239051520824432,-0.7523635657219133,-0.7967914459339879,1.4103437557278342,0.7278758167087734,-0.3748679972491866,0.19702767325282733,0.7034217271297646,-0.45967693226239825
