time,pulse_channel_1,pulse_channel_2,pulse_channel_3,pulse_channel_4,pulse_channel_5
0.0,-0.7385621151659972,-1.1814769628644641,-0.5938891645899528,0.7644065163489323,-0.2413276827698959
1.5692193508148193,0.5652809300109849,0.9772960876714782,-0.12851813340987867,0.6165702457760714,0.5842645441240104
2.038140684366226,-0.17138178271393117,0.830329201317394,-0.41618803582003466,-0.281737640445402,-0.1874137285726728
2.507062017917633,0.11636643191547652,0.3572901088502399,-0.033111123402905084,0.7667061407462433,0.7413996813145111
2.97598335146904,-0.9129826902741441,0.10708905722536587,-0.7882234846183355,0.022114990464410973,-0.4763641536797259
3.4449046850204468,-0.14439893394836079,-0.607627964395147,0.9214645255324352,-0.27214109525697483,-1.0251257912371914
