time,pulse_channel_1,pulse_channel_2,pulse_channel_3,pulse_channel_4,pulse_channel_5
0.0,-0.7080967402557202,-0.5969259987151762,0.04091444923498093,-0.5875555095453117,0.8604924342203453
0.36313456296920776,0.0437653593971509,0.6979223938858412,0.3005984569102407,0.2697916319990345,0.14027103488009718
0.7262691259384155,-0.5087552869981512,-0.8089257666955418,0.21987685999366408,-0.21782197552834057,0.8570343702914505
1.0894036889076233,-1.1865619705420247,-1.27867420599817,0.11146061257974929,0.10485961873639348,0.09343307607366973
1.452538251876831,0.8801363105649311,-0.3571351979197721,-0.09737187278910092,-1.067641095331145,-0.9422393079990325
1.6565029174089432,-0.645669953712926,-0.4776352603903019,-0.9449743026078651,0.8824892595954827,0.651745322351694
1.8604675829410553,0.6874356519132425,-1.1033669771982908,0.07024462342200193,1.0049303804275387,0.5170873160566083
2.0644322484731674,0.46156125610738685,0.5949292747424804,0.46327111544233057,0.18911442738965653,-0.818598291158327
2.2683969140052795,0.6193123463431063,-0.6715644100873048,0.9264686523503599,-0.5595861268657836,0.5606499556905254
