time,pulse_channel_1,pulse_channel_2,pulse_channel_3,pulse_channel_4,pulse_channel_5
0.0,-1.2295636884907164,-1.6487904845103372e-05,1.2296152186366907,1.188910167058587,-3.236770749549428e-05
0.21027672290802002,0.39399517009292334,0.8740725711532064,-0.19134120434084653,-0.33867698562219545,-0.8636209838075873
0.42055344581604004,-0.3939683207884198,0.8740416666482492,0.19136153300484082,0.33868028394283445,0.863639231770953
0.6308301687240601,-0.5061766109067299,-1.0238070627461922,0.6105932023248796,-0.5312495197329474,-0.3820929719516297
