time,pulse_channel_1,pulse_channel_2,pulse_channel_3,pulse_channel_4,pulse_channel_5
0.0,-0.6544915861237518,0.6902690772025382,-0.6544768586626715,0.2679755455849735,8.90920506571081e-07
1.3505059480667114,0.30132476862570307,-0.5764352456875235,-0.139715163302818,0.3956979479323009,-0.547817926124241
2.701011896133423,-0.8969911385043726,-0.030199938234816266,0.8043058499965314,-0.2658467159362315,-0.5348477559067912
2.8571607917547226,-0.9110583115440416,0.35312926610182543,0.5600498291784475,-0.08665130227233385,0.9275161219747524
3.0133096873760223,0.9145059060827768,0.5125565631431179,-0.19849201343585748,-0.07832237238614252,0.7705806664153858
3.169458582997322,-0.4233294622718588,0.4009436074499991,-0.044744817564153196,0.36101272119128414,-0.531985570612084
3.325607478618622,-0.589651345326454,-0.022734086237606532,-0.6413476085431176,1.2409939636268605,0.7241380869842821
