time,pulse_channel_1,pulse_channel_2
0.0,-0.35329764624828586,0.050097702797047096
0.22209161520004272,0.09991492860084591,-0.10090692821352837
0.44418323040008545,-0.48101832788945653,0.40722740438889754
0.6662748456001282,0.5305359609123556,0.29321175594280524
0.8883664608001709,-0.2845560066379113,0.40437172827183143
1.1104580760002136,-0.5157037728679175,0.03953104268434381
1.3325496912002563,-1.006294422599925,0.0669802048862325
1.554641306400299,0.23315201649774273,0.968810777154008
