time,pulse_channel_1,pulse_channel_2
0.0,-0.6198145051250723,0.9127359419718108
0.028782209381461143,-1.392823410385028,-0.5773057142176635
0.05756441876292229,-0.6408316667549564,-0.19783327313627316
0.08634662814438343,-0.17056078620070272,-0.46445665044431855
0.11512883752584457,-1.387253054667571,0.4472267548135032
0.14391104690730572,-1.6238226816323256,0.6719815997501636
0.17269325628876686,-1.4758043144782294,-0.7269949515836386
0.201475465670228,-1.4282554311412743,0.5213764343497881
