time,pulse_channel_1,pulse_channel_2,pulse_channel_3,pulse_channel_4,pulse_channel_5,pulse_channel_6,pulse_channel_7,pulse_channel_8
0.0,-1.4977489340474794,-0.15024855744522442,-0.35438460342247086,-1.4978371428145059,0.29853913469991217,0.2648667547202005,-6.528233390249485e-07,0.04964861072456464
0.051647331565618515,-1.9249580127356178,0.15026513682999826,0.354392325902582,-1.924998124338778,-0.2985268408373037,-0.2648555619623615,7.8105994221368e-06,-0.04964680034011695
0.10329466313123703,-0.7451563855374526,-0.37014457483338314,1.128384507112533,-0.9393221859779034,-0.26499175114794055,-1.102406087255073,0.47873714763101033,3.6152091572636515e-06
0.4202487990260124,0.06797416209600622,0.4104898005208866,-1.1846976435140377,0.9581574921202116,-1.421738457713312,-1.0416715702535448,-0.22481880437552562,6.628440876187532e-06
0.7372029349207878,0.05705479533403584,1.4879035646022991,0.8194662505682232,-0.36364209356293475,1.2655041938928278,0.3761213726554423,0.2336103009199341,0.9166145138697456
1.0541570708155632,0.9251709186311616,-1.334209077471922,-0.3418625025051239,-0.6272295378358506,-0.9993823844997459,-0.09980584652717012,1.0233128811919643,0.3898385289568245
