time,pulse_channel_1,pulse_channel_2,pulse_channel_3,pulse_channel_4,pulse_channel_5,pulse_channel_6,pulse_channel_7,pulse_channel_8
0.0,-1.026346694920916,-0.8238265634779453,-0.5607464240572055,-0.41144198827468637,0.18034414834152612,0.6672990371877298,3.4291376062175635e-06,-0.7381816683852489
0.19946885108947754,-0.49422125625282587,-1.1483264260531199,-0.7816949035784829,-1.0164852101754367,0.25147112804552546,0.9300942307010456,-9.51728112709543e-06,-1.028965257004405
0.3989377021789551,0.028450476308362352,0.8564650316258895,-0.4743880880941062,1.0009417896393193,-1.414465165950289,-0.4339207629257571,2.203536794689587e-05,0.8865766824829997
0.5984065532684326,0.15286076237780025,1.1185429885631177,-0.4609193376451259,0.3298177488117702,0.03392444984471616,0.01086147506671566,-0.1347708542302005,0.1516110529434414
2.242063283920288,-0.7489672005019666,-0.6070626543880396,-0.16531872835386294,0.21953324989905096,-0.7814516052180328,-0.8975006840445261,-0.27086829141452096,-7.92297856050339e-08
