time,pulse_channel_1,pulse_channel_2,pulse_channel_3,pulse_channel_4,pulse_channel_5
0.0,-0.9061443027722725,0.12679136737407695,-0.9061513587377708,0.6241001843909643,2.78542961467781e-07
0.23419402539730072,0.1513228856791609,-0.12678862945028832,0.15131306341294673,-0.6240987118038432,5.543776973797215e-07
0.46838805079460144,-0.7482088248870632,-0.8991187747480887,-1.504243702053717,-0.20110545459575163,-0.6351661496804887
