time,pulse_channel_1,pulse_channel_2
0.0,-0.9198864945139713,-1.0981662674156685
0.360139399766922,0.09440237536437514,-1.1660004096193044
0.720278799533844,0.600007570506833,-1.7366691208945115
1.080418199300766,1.2677353831400093,-0.21040945125572508
1.440557599067688,-0.28439308710064043,0.20941330131728278
1.80069699883461,-0.8721349208896672,-0.33485642088098977
2.160836398601532,0.38087768550424933,0.23662182305195606
