time,pulse_channel_1,pulse_channel_2,pulse_channel_3,pulse_channel_4,pulse_channel_5
0.0,-0.1332909534783722,-0.7225014444558925,0.9334401644131918,0.011518322803956964,-7.008465669273238e-06
0.21120962500572205,-0.28953673152826764,-0.7592577050576266,1.0684721055726378,1.452413183551487,-1.5192093026266187e-06
0.4224192500114441,0.06872777282008394,0.005792095847706718,-0.9413916056691367,0.5380282412890994,-3.189549557162249e-05
0.6336288750171661,-0.6558829845703226,0.6986148489609456,-0.8375793196238067,0.11867583511462788,-2.2612670478069416e-05
0.8448385000228882,1.1525612504271214,-0.18133542648763104,0.15695198746413352,-0.3153947986842257,1.453508949581115e-05
1.0560481250286102,1.998108958018537,-2.604498280073175,-4.391532886401069,-0.4998957996730598,1.6970300806751264
1.2196047902107239,-0.6267629116699656,0.12852699483807692,3.050986768197576,0.04871437149104649,0.38734066916959276
