time,pulse_channel_1,pulse_channel_2
0.0,-1.0201743844426814,-9.201285752145042e-07
0.7351682186126709,0.29868399709994076,-0.6110208897503216
