time,pulse_channel_1,pulse_channel_2,pulse_channel_3,pulse_channel_4,pulse_channel_5
0.0,0.022511980622528006,-6.005379024724822e-06,-0.740278377168221,0.5421168161348687,1.2063862673388308
0.18259179592132568,0.020710023655799846,1.4089778772860601e-05,0.44795689472570754,-0.2555934420963704,1.32582132293748
0.36518359184265137,-0.9761828190380744,1.930352494181298e-06,-0.9582411448852466,0.004940870991277976,0.0001119866379791354
0.547775387763977,-0.29038089931692307,-0.31446436039781545,0.8416590345886001,0.006823085114165196,0.1619610875738187
1.7968696355819702,-0.9898266511177788,-0.44224794096205133,-0.3899714855939421,0.9629661613149353,0.6103602492672687
