time,pulse_channel_1,pulse_channel_2
0.0,-1.8242539155882007,6.184988906919088e-06
