time,pulse_channel_1,pulse_channel_2
0.0,0.9439747941916188,0.08598407038851189
0.11242303997278214,0.08593285715482085,0.2966938444799064
0.22484607994556427,0.8084880757262196,-0.5047320112884175
0.3372691199183464,0.41773647141792375,0.3369112112273932
