time,pulse_channel_1,pulse_channel_2,pulse_channel_3,pulse_channel_4,pulse_channel_5,pulse_channel_6,pulse_channel_7,pulse_channel_8
0.0,1.0662719676548549,3.9791229908739554e-05,1.8879893154034984e-06,1.066278321093782,-2.905222166240187,-0.11066679190051129,2.8121470617862457e-06,-0.5670183287185108
0.16578897833824158,0.40240952088841436,-0.20926330522840525,1.4558900207100343,0.42703036535521627,0.07695291338321862,-0.8995597632043955,-0.4149303387885429,0.6846278717702649
1.1845904290676117,-0.5338085615052345,-0.4949121910248033,-0.8303107700200344,0.4589833129220956,-0.6902255797951027,-0.44865253354106477,0.6278389984643736,0.8396114543323184
2.203391879796982,0.5501214040862608,-0.4661703908356161,0.9873863554344725,-0.17331858601337707,0.20239814944272086,0.45533209304951566,0.6557064831435602,-0.5432420246875184
3.222193330526352,0.7098666467713985,-0.21865862836715064,-0.9299658294501331,1.5097154699581379,0.05972231571614861,0.1896273639515124,-0.6456664313388869,0.09105830551436904
