time,pulse_channel_1,pulse_channel_2,pulse_channel_3,pulse_channel_4,pulse_channel_5,pulse_channel_6,pulse_channel_7,pulse_channel_8
0.0,-0.6407853444548096,1.0800129146806594,1.5977766458090452,1.4787401809692435,0.2726592544650049,0.6788563325309049,0.3697658318134208,1.3196010446095622e-06
0.2509583532810211,-1.1996631274614495,-0.29931614762992864,0.8742234175318209,-0.5804697652922696,-0.08963985237239909,0.3715677206929347,0.7204927480434252,1.439374690986765e-06
0.5019167065620422,-0.6099337557481743,-0.9179464387985516,1.1953072626171664,0.7578025375898162,-0.8926900754209252,0.5080654762343495,-1.114258286208154,4.6139859465137927e-07
0.7528750598430634,0.2599068333624587,0.06372601900160198,-1.7271478008884742,-0.9708076023548889,0.12236757904303379,-0.09033889600557396,0.23690668674660395,1.7185330374662804
3.615921229124069,0.37508379688811755,-0.5307291230625784,0.5263387481437992,-0.05401613234348026,-0.8232272136480582,0.004801806900441725,0.5919961910110589,-0.12426692760210843
