time,pulse_channel_1,pulse_channel_2
0.0,-0.3017707578894566,-0.4223257195191649
0.24025742709636688,-0.33856032463051255,0.7229056457101667
0.48051485419273376,-0.9511512164435323,0.29592365161916323
0.7207722812891006,0.6193524993586429,-0.8959896001932274
0.9610297083854675,-0.13753086662543848,-0.33056469661795307
1.2012871354818344,-0.8483635536580724,0.0332580178197617
