time,pulse_channel_1,pulse_channel_2
0.0,0.010826653646791595,-0.7515431712128416
1.3304578065872192,-0.9395262320740582,-5.12432486811288e-07
