time,pulse_channel_1,pulse_channel_2
0.0,0.2696425618053776,-0.2549772613011285
0.43217143416404724,-0.8506253931130167,0.46738633908178084
0.8643428683280945,0.9297365144737197,-0.7584264656035895
1.2965143024921417,-0.6393526975931851,0.03666458842697807
1.728685736656189,-1.3734786739242693,-1.0053228592786572
