time,pulse_channel_1,pulse_channel_2
0.0,-0.8161886543800236,-0.11817132326426824
0.3863295614719391,0.2700177530377236,-0.8019753062855234
0.7726591229438782,0.547113806773847,0.8284587016044909
1.1589886844158173,0.4591561408912888,0.408237364129328
1.5453182458877563,0.264416317896594,0.4594709516695228
1.9316478073596954,0.764030852862138,-0.7321715783648532
2.3179773688316345,-0.6643657004939284,0.14592041042083043
