time,pulse_channel_1,pulse_channel_2,pulse_channel_3,pulse_channel_4,pulse_channel_5,pulse_channel_6,pulse_channel_7,pulse_channel_8
0.0,1.2027432843709294,0.6953403257209658,-0.256373443073716,0.5399072659005155,0.04864137855964928,1.3948823961846009,0.6123004712173614,-5.9309482886487735e-08
0.35254788398742676,0.04560363763855046,-0.6620243052632486,-1.384818874787382,0.4039161523091334,1.529291357070801,0.2662829487434727,-0.04559923112089488,0.01362828440053417
0.951062023639679,0.6755308404411702,-0.2266340444659754,3.409632296570437,1.176833778506115,0.09957768537510683,-0.639108766684711,-0.4103695261672515,0.4430041109520237
1.5495761632919312,2.1950908528993947,-2.0892128166866044,5.1535991485874115,1.2239060839245945,2.21693510314995,-0.33861090153252926,0.11848179054058643,-1.729663556085068
2.1480903029441833,-4.654563930634168,-0.25991737227228456,2.7119995010094895,-0.7029335789776331,-0.15453281376754827,0.06773848784412675,4.42400216933148,-2.030374111003258
