time,pulse_channel_1,pulse_channel_2,pulse_channel_3,pulse_channel_4,pulse_channel_5,pulse_channel_6,pulse_channel_7,pulse_channel_8
0.0,0.7282578878971728,-0.8788023761800993,0.3762712887265863,-0.39511525225615685,-0.8788153095637039,0.7381854096682786,4.342862919891385e-06,-1.1336421101294015e-05
0.6034638285636902,-1.4976899819421932,1.2196433318912416,-0.7191784793034637,0.9925262656982283,0.7805849057464276,-0.4114195287509184,-0.5838514730165666,-4.024234817669416e-06
1.2069276571273804,-1.0848226264713272,-0.7399108323458452,0.6116937018616722,0.38033239182929723,0.1766942890030563,-0.018180722874290255,-0.6642139731932578,-0.00010004440372956682
2.433551549911499,-0.4359426904190484,0.3419046679525444,-0.7762650393158226,-0.6889671179049184,0.9296664220561992,0.09357289327564658,4.028936750433816e-05,0.30353551372316145
3.6601754426956177,0.7193012026140331,0.7409461044888022,-0.3716192553194551,-0.02079903584217588,-0.17539946766761316,-0.6933261390676626,-0.838588783450585,0.8173738651379083
4.886799335479736,-0.6590850336559055,-1.597657636385961,0.2359607347740359,0.004606676123192948,0.05097349360361049,-0.1749094946013004,0.6108570168494624,0.14036146633550256
6.113423228263855,-0.4293185726615041,1.525338408577302,0.42936205865527716,3.4365528765680355e-06,0.000159936707948996,2.1424428996919318e-05,0.42930939842343196,0.4293159876083176
6.716887056827545,-0.29292260749965987,0.7855140542344873,-4.8865545432431365e-05,-0.2929371115348847,-0.263529268125221,-4.630206767122429e-06,4.111516213726485e-06,-3.096284171349601e-06
