time,pulse_channel_1,pulse_channel_2
0.0,-0.8357630318991219,0.8164298831593064
0.4310115873813629,-0.7102207012440865,0.6688290028383885
0.8620231747627258,-0.6575509723689826,-0.13941315756640676
1.2930347621440887,-0.7913410738269866,-1.0838246749108305
1.7240463495254517,0.09937681110943024,0.0011932894155810515
