time,pulse_channel_1,pulse_channel_2,pulse_channel_3,pulse_channel_4,pulse_channel_5,pulse_channel_6,pulse_channel_7,pulse_channel_8
0.0,-0.4887698455790593,-0.1557220377023331,-2.600425665484874e-06,-0.4887686029060647,1.3736506213764326,7.416483199627511e-07,-1.4263727671040762e-05,-8.529350096948704e-06
0.36167803406715393,-0.7571184700014569,0.027422733343292992,0.5195410460683823,0.4301366137377263,2.163254167956051,0.3836366423399326,1.1294279638926137,-0.15599527266342728
1.0606268346309662,-1.2350435531857058,1.075075813924502,-0.5176661607385916,0.7385339936754821,0.4760989203150801,0.4939801158541765,-0.9534708765634209,0.6258453830328131
1.7595756351947784,-0.24612315126527404,-0.7590256400129005,0.9189797744365126,0.4227624441499493,-0.1279204466539248,-0.5390233569969105,1.0100278859090346,0.45294880492743245
2.4585244357585907,1.091805614526335,-0.24629379602350202,0.31513170162583587,-0.9516803483139933,0.47302795743271303,-0.34654595012050504,0.2952210772594867,-0.37578286424017693
3.157473236322403,-0.033922562724119906,-0.47908927668457846,0.9259127266750767,0.34733526932334613,-0.5182882459129248,-0.8223182188916144,-0.10587767092741246,0.6392371976034601
3.856422036886215,0.5672490106090854,0.8156493612913333,-0.21064112137296004,0.27646219838891356,-0.00451458746734988,-0.9838809156531877,-0.37835339428278125,0.7884224024418311
4.5553708374500275,0.42788154222654756,0.22965386256959627,0.9764428303529932,-0.8294087135370137,0.37021137788931413,0.5045153294590163,-0.005378903573621172,0.6439233742993807
5.25431963801384,-0.07825426493335673,-0.27570393992562653,0.697683283310412,0.8233384441328035,0.28531180740924483,-0.6381454757377795,0.20128556121558655,0.7632339541694053
