time,pulse_channel_1,pulse_channel_2,pulse_channel_3,pulse_channel_4,pulse_channel_5,pulse_channel_6,pulse_channel_7,pulse_channel_8
0.0,-2.7324931404289905,0.9154775792363021,-0.8063252251115942,-2.3759498248924618,-1.811381750922498,1.786053241808526,1.233201403295431,1.9125106701811234
0.7473885416984558,-0.18820063301765821,1.3250048856329084,-0.6497674836938908,-0.18961724995779583,-2.8134109298652086,0.0898784763846053,-0.002726979509919983,1.4341655815304257
1.4947770833969116,-3.852621100794819,0.763007433029586,-3.038893514374569,-0.8032358474461397,0.0765562183206246,0.19328944906341977,0.7479499468052495,1.344679364046379
2.2421656250953674,0.06248331501964208,1.7468693168122997,-1.0980897083100452,0.22951383301847395,0.07162928267756694,0.010619311294195235,0.0646693897856409,0.3020733826733764
3.261506736278534,0.5807731150661267,-0.722301714445869,1.923789216609845,0.611829438767022,0.02923556665597575,-0.031778479524164537,-0.2014852083816698,0.665245612366966
4.2808478474617,0.9698545421057247,-0.4588644525915921,0.4256040146008564,-0.03570574480312862,0.0937154594695472,-0.4943258000788259,-0.4631309632232655,-0.6458876157450901
5.300188958644867,-0.05110628891915361,1.369460115886526,1.1104940680444177,-0.35500253403859494,-0.5461037134138791,0.044634179561621995,0.059181615985327285,0.009746303866987356
