time,pulse_channel_1,pulse_channel_2
0.0,-0.17434599103192314,-0.03210654855740429
0.3256360590457916,-0.7666350852879528,0.587895735500786
0.6512721180915833,0.2336659834874339,-0.5113439136883245
0.9769081771373749,-1.0737730730687225,0.7590343264609263
1.3025442361831665,-0.5930822745138011,0.7429018638846238
1.6281802952289581,-0.6076207690540277,-0.9267341203577204
1.9538163542747498,0.27960922376899805,-0.34175471504810817
2.2794524133205414,0.6276052152888648,0.6075207006159975
2.605088472366333,0.6519935909980007,0.5924826430192055
