time,pulse_channel_1,pulse_channel_2,pulse_channel_3,pulse_channel_4,pulse_channel_5,pulse_channel_6,pulse_channel_7,pulse_channel_8
0.0,0.6830697425277776,-0.8314679613209567,-0.0003930907133710536,0.49578789151658564,0.26782414420871603,0.5135313644307509,5.097801939588447e-07,0.7029825624732701
0.7864343523979187,0.12469437357617609,1.096284986512508,0.0002796281738938458,0.7111762939748022,-0.0736630411551088,-0.2842305723585007,-9.53257017811352e-06,-0.6019787971319451
1.5728687047958374,-0.5670432599922359,0.00153672635028936,0.0002750742245451299,0.03845724869187714,-0.1112876509373849,-1.1592195342962885,7.732658562940067e-07,-0.36034110786383544
2.359303057193756,0.35181285212266744,-0.08137680636855543,-1.1959786072872023,-0.8883625215485196,0.06310872757848589,-0.07035961971540221,-0.17940538928490926,1.3091713174275053
4.607461988925934,-0.2502264571762279,0.7419253576005571,-0.8487211552736142,0.14047753371743332,0.7398771672268902,-0.12354827953846993,0.3051417108135142,-0.6407457006266888
