time,pulse_channel_1,pulse_channel_2
0.0,-0.3533308360321804,0.6966970512976445
0.11053213477134705,-0.07045181682576837,-0.5933869546384068
0.2210642695426941,0.639422000982628,-0.2211217469166612
0.33159640431404114,-0.08353902591081577,-1.0511118168304292
0.4421285390853882,-0.5977442894762832,-0.7825649385370833
0.5526606738567352,-1.136600712280346,-0.6494362229636543
0.6631928086280823,-0.00453306780689006,-0.48199436534594287
0.7737249433994293,0.07144676857666543,-0.9318318990082356
0.8842570781707764,0.6518403535024364,-0.05017772365486708
