time,pulse_channel_1,pulse_channel_2
0.0,-1.0747919378502682,0.3755228647869064
0.14509104192256927,-0.800713995635343,0.8645795520689202
0.29018208384513855,-0.11616867410815661,1.2140713749226673
0.4352731257677078,-0.374135140217473,0.18547217271481123
0.5803641676902771,-0.8025399246341953,1.0093145520048687
