time,pulse_channel_1,pulse_channel_2,pulse_channel_3,pulse_channel_4,pulse_channel_5,pulse_channel_6,pulse_channel_7,pulse_channel_8
0.0,0.645500854115896,0.8606648963179009,0.8606650064013698,0.6454964483463543,-9.622849849752477e-08,5.336870236681613e-07,1.165373192549489e-09,0.60858201348749
0.2738606631755829,-0.7218295395442114,-0.4346491536868518,-0.039337446828358914,0.058560100460327204,0.09445327591513016,-0.25843764572339406,-0.3087604101036449,-0.40433002380147176
1.2298063337802887,-0.8915010397333766,0.7114195805919715,-0.5179149259622123,-0.0009767966650518919,-0.20525496798103054,1.0577968739015549,-0.871663992405676,-0.6471219150235041
2.1857520043849945,-2.1382661832329797,-2.298292848112007,0.40395271546026373,2.355596341852279,0.72820859892476,-0.7577980046666287,-0.6894353114162042,-1.7237888830623571
3.1416976749897003,-0.7466977210401555,-1.814689493030933,-2.1254084717752746,0.8610460225090428,1.7701574235914292,-1.9041495872079832,-1.0334451634932096,-4.709633049649414
