time,pulse_channel_1,pulse_channel_2
0.0,-0.6273131608720142,1.7627159991200747e-07
