time,pulse_channel_1,pulse_channel_2,pulse_channel_3,pulse_channel_4,pulse_channel_5
0.0,-0.42138642974646773,1.1339845485069464,-0.4213922435659359,-0.36693378928838055,4.2042963842886935e-06
0.41950780153274536,-0.000786363633947159,0.006326014465057863,0.4831790171372828,-0.4831733543535042,1.089531445113416
0.8390156030654907,0.29475716882453207,0.44539287660130217,0.14287900547282126,0.31958564359317826,-0.4124720780695403
1.0098954439163208,-0.5541437003460962,-0.2261959711554569,0.33083123889596383,-0.5080764369262845,-0.2079374477956861
1.1807752847671509,0.5100125796662829,-0.27902506115546266,-0.44415292097522113,-1.2246046583771986,0.11991034517449915
1.351655125617981,-0.4109010543873779,-0.9107147651332359,0.17019557647814185,-0.07420282388666441,-0.7205202218285518
1.522534966468811,-0.9059459396404924,-0.1615255842564486,0.7484607485091325,-0.4147148677483674,-0.3682445541821053
1.6934148073196411,-0.14461025526541563,0.2736338482637603,-1.2027439521811554,-0.2772317824983018,0.4145368138704792
1.8642946481704712,0.8568149998080703,-0.5588348590634376,-0.4938983560986426,0.042910537908647635,-0.7301180589951223
