time,pulse_channel_1,pulse_channel_2
0.0,0.3214950572608427,-1.0845464704243404e-07
