time,pulse_channel_1,pulse_channel_2,pulse_channel_3,pulse_channel_4,pulse_channel_5
0.0,-0.4472627331166261,0.35764016095540174,-0.7711153114934962,-0.21556615916470134,-0.3816580787121033
0.21544863283634186,-0.23853763369232076,-0.5350176607726963,0.10164243467828134,0.19502982762350904,0.9671621938667482
0.4308972656726837,0.7404360156920969,0.520934323490297,0.9895367335738211,-0.8992397671613716,1.0913882089973344
0.6463458985090256,-0.19258866531521826,-0.39095478877218837,0.3486957132985282,-0.5510124177021316,-0.24530274402005708
0.8617945313453674,-0.06626484093713576,0.16128467366068908,-1.1289038963778832,-0.6115084625749359,0.49182457997028317
1.0772431641817093,-0.2879264888939269,0.5167807422381074,0.5911083463314076,0.6025392127329551,0.2534620348953803
1.2926917970180511,-0.6056130533625448,4.01695169373728,0.7563777832352616,0.137212980623608,-0.5935741300379287
1.6298441886901855,-1.963165009299724,0.8081072592014528,0.720286117516571,0.10319835214090894,0.7543064142442764
