time,pulse_channel_1,pulse_channel_2
0.0,-0.06954203300353388,-0.3375171466179609
0.11498749256134033,-0.7218093931846846,-0.1717905891929596
0.22997498512268066,-0.15592155439070826,0.7624370270248807
0.344962477684021,-0.8725955718830808,-0.6634035996903477
0.45994997024536133,-0.4815444311078532,0.00044056468242945464
