time,pulse_channel_1,pulse_channel_2,pulse_channel_3,pulse_channel_4,pulse_channel_5,pulse_channel_6,pulse_channel_7,pulse_channel_8
0.0,-0.4399390737228929,-0.23111932301048418,-0.618112818926014,-0.4399359739751679,1.2226750002778928,1.0799567371666627,5.000385278167964e-06,2.77636414660143e-07
0.401822030544281,0.2973558975201,1.634908066147445,-0.030650133652342072,-0.623767585927105,-0.4554128544487943,0.8712435061939382,0.8642158687350187,-2.9707098171570345e-06
0.5488196313381195,-2.4457406278201113,-0.9942827524058663,-0.05972670535081288,0.8574580877661319,0.2753906264457331,1.697758932532088,0.15929965609617194,1.5997222874038668e-06
0.695817232131958,-0.9747165449264844,-0.5363114523174661,-0.02920871078526916,-0.0624776360678791,-1.179681846661375,0.8302726834231043,-2.5721306996411077,4.056720133233154e-06
0.8428148329257965,-0.47513167444626603,-0.18344875701472413,-0.9495357445136559,-1.2620769332566002,0.13786553988561653,0.14181584156427704,-8.529643150951125e-06,7.361630142899394e-05
0.989812433719635,0.18606930867616847,-0.49086465469228946,0.7677177979746677,1.035022941328362,0.3689713206046478,0.10401920601938196,1.1095983601952673e-05,-0.00020845282457346965
1.1368100345134735,-1.0334134193019082,0.6743134778813895,-0.654554208597031,2.5850243962672583,-0.5068222812039465,-0.23311848924610498,-5.2703663709571115e-05,0.0001512778747706023
