time,pulse_channel_1,pulse_channel_2,pulse_channel_3,pulse_channel_4,pulse_channel_5
0.0,0.2772463621673687,-1.5845770096466667,-0.9945899473473164,0.12016998242140582,0.8206097054135285
0.7362930774688721,0.21737499675243446,1.0223404249186823,-0.3482478787293029,-0.29929059210990727,-0.4494563734301362
1.4725861549377441,-0.9199360895034856,-0.018398326264482092,0.2346504557155438,0.7166487721970142,-0.688103964917471
1.843303769826889,1.3435443584893305,-0.4349313718930055,-0.20924450683820248,-0.010834987916671198,-0.983536986573006
