time,pulse_channel_1,pulse_channel_2
0.0,1.1801053255594307,-0.5396878328630813
0.2854449450969696,0.9471329281006935,1.1060252589470556
0.5708898901939392,-0.11167110350470975,-0.8916935653796563
0.8563348352909088,-0.6965389890365237,-0.030539961068514008
1.1417797803878784,0.5384512632112354,0.5437297392320021
1.427224725484848,0.40083241892254023,0.6199711505829174
1.7126696705818176,-0.41353149893327196,0.8524101435091987
1.9981146156787872,-0.5080002733955049,-0.1677697585115849
2.283559560775757,1.043278568847005,-0.08381539951408215
