time,pulse_channel_1,pulse_channel_2
0.0,-1.0377963351002173,-0.9294576304119917
0.06769976764917374,0.20722977792725325,0.9124663337712313
0.13539953529834747,-0.6331519027279349,-0.33345716667674746
0.2030993029475212,0.07123253128176117,0.45767925624230726
0.27079907059669495,-0.6880126889585514,-0.38877520831532525
0.3384988382458687,0.12722009285078756,-0.6491743005157266
0.4061986058950424,-0.45506582620213853,0.5709125765790445
0.47389837354421616,-0.7076187090048041,0.2598090665865775
0.5415981411933899,-0.652308748926136,-0.49633690498237726
