time,pulse_channel_1,pulse_channel_2
0.0,0.11850171986303681,-0.3738195816851877
0.3732912838459015,0.8627024914722271,1.121734226356312
0.746582567691803,0.49510380880630367,-0.59544905301105
1.1198738515377045,-0.3039311127879996,-0.21657970695800455
1.493165135383606,0.8129849785618803,-0.1571491051067295
1.8664564192295074,0.8211524911820562,-0.6251415514605746
2.239747703075409,-0.6025002110849179,0.7761124081434948
2.6130389869213104,-1.019213360684645,0.1705361117196369
