time,pulse_channel_1,pulse_channel_2
0.0,0.9077386561062362,0.29901471531477636
0.5962123870849609,-1.331606312677317,0.17648156581496105
1.1924247741699219,-0.39693377627816256,-0.8753436526047782
1.7886371612548828,-0.09463279042674215,-0.6698312106664166
