time,pulse_channel_1,pulse_channel_2,pulse_channel_3,pulse_channel_4,pulse_channel_5,pulse_channel_6,pulse_channel_7,pulse_channel_8
0.0,-0.03508900934857114,-0.0016007944370171208,-0.02280391717886503,-0.7559807484807117,0.7474302042425762,-0.7351562345979976,1.066230429140404,-0.7079719870150648
0.6742247939109802,1.3114099460827342,-0.00011227781797430244,-0.001169331792783601,1.311424345527512,0.736040921866937,0.009638506343685762,-1.9013266568032868e-05,0.07354592612149607
1.3484495878219604,0.6095097965680322,3.0751767155321566e-05,-0.42272699066095726,-0.26859690868894426,1.2583594570060888,0.6068184855737705,0.6008951730251738,-0.002040705339387093
2.0226743817329407,0.5151597371583254,-1.1090067329673592,0.30746650382022733,0.500953623776862,-0.0009080320200786276,0.00026525073471694806,-0.01713091049520925,-0.3736131498699561
2.575705409049988,0.9483351142983172,0.4624428456338813,0.7830366846393302,-0.22107454060543974,0.006963130211561494,0.0038126339547979956,-0.056993113153216764,-0.07925203153369076
3.128736436367035,-0.6678016363382848,0.5149410988313053,0.2775674527605281,-1.1287299755725813,-0.09105725233190136,0.0005661794712972849,-0.3954992495382097,0.0014096261623421774
3.681767463684082,-0.7868367457782647,-0.7290189738879674,0.4727613542738104,0.468571365538391,-0.0026817162068350207,0.5794533881505873,-0.03300338706297225,-0.594576472668292
4.234798491001129,-0.539377658736707,-0.0816285145858114,0.14558946909611475,0.8726439253191435,0.18902811087455,-0.10303715757543122,-0.9074294397017773,0.32363079079939455
4.787829518318176,0.597366203991956,-0.3672223646032741,0.9248198755355755,-0.9130477869431308,-0.07499314641887762,-0.2705970440505788,0.9201429922667588,0.06710680726027748
