time,pulse_channel_1,pulse_channel_2,pulse_channel_3,pulse_channel_4,pulse_channel_5,pulse_channel_6,pulse_channel_7,pulse_channel_8
0.0,-4.872062337476389,0.19793079867300717,3.5969842252799964,-0.21763484125206572,0.1695834296513484,-0.4628048339549731,-0.47442312631170497,0.39689006699307766
0.6999958157539368,4.502766698307357,0.14656075975345145,-3.260449996218639,0.33258427783204897,-0.2993943334400726,0.44766259701703615,-0.5032599964192861,-0.0599092112657949
1.3999916315078735,0.36301988591726064,1.0708652336325881,-1.01129281087146,-0.13195796436057602,-1.5088772120070668,-0.004043269692078831,-0.31697879199413864,0.2690312505887994
2.2750186920166016,-0.7845870381307295,1.8866613791989244,-0.39594864594778384,0.43375357271638476,-1.2155303941638236,2.5143032390690414,-0.8338291108489939,2.104669299838695
3.1500457525253296,-0.01522587067187365,1.0369460256194944,-0.682044438649129,-0.2028571146691614,0.06983331446730764,-1.5275631150779982,-0.009963258829770583,-8.715142756376951e-06
4.025072813034058,-0.9124535532089086,0.4799266129414582,-0.7159172172202499,0.27651530076203734,-0.8223488666824036,-1.6029465818961437,0.7067893671393513,-2.2646120897113285e-06
4.900099873542786,-0.3747091555541134,-1.1803977296740136,0.014312799956505855,-0.11777358232627545,-1.1687192272537916,1.428508115355122,-0.5149708577513773,-5.750671849402666e-06
5.600095689296722,-0.25253803230134236,1.1882851801897971,1.0782898785101038,-0.2525392681703422,1.1266946483507112,-0.22660217275610225,-1.98483451359714e-07,0.5332961093454853
