time,pulse_channel_1,pulse_channel_2
0.0,0.9796372552860091,0.5951691500973318
0.31991422176361084,0.11422694898350362,0.607116115305724
0.6398284435272217,-0.4014053883484979,0.4758702677360273
0.9597426652908325,-0.8785367222517025,-0.1433801520331613
1.2796568870544434,0.2898430168735505,0.08077241369317868
1.5995711088180542,-0.11729238813249232,0.5585601242156061
1.919485330581665,0.40048302095539773,0.8807822883408493
2.239399552345276,-0.2806328930167304,-0.5821688021341587
