time,pulse_channel_1,pulse_channel_2
0.0,-0.48865184371721315,0.3297286003706152
0.36487287282943726,-0.15898550101389572,0.4588380458337572
0.7297457456588745,-0.9876255511464385,-0.5643608573419113
1.0946186184883118,0.7090841132956947,-0.7598487496677961
1.459491491317749,0.7502502697532968,-0.7135627062510543
1.8243643641471863,-0.2188447763790384,0.7638719475455972
2.1892372369766235,0.08405357381877239,-0.6253717346845208
2.554110109806061,1.1403880416072392,-0.4785898521741608
