time,pulse_channel_1,pulse_channel_2
0.0,-0.5845422450887825,0.20250545013634336
0.23534737527370453,-0.4753529911722719,0.22341088079880617
0.47069475054740906,-0.23758018046481028,-0.8149664498003482
0.7060421258211136,0.4733903181236047,0.25706678179091036
0.9413895010948181,0.0011505850093630403,0.5716766412846553
1.1767368763685226,-0.07307198546243761,-0.4603635622764871
1.4120842516422272,0.32408642553974815,-0.4254925014762377
1.6474316269159317,0.8458199125650241,-0.44447663233891044
1.8827790021896362,0.44825188870351673,0.4108959050245904
