time,pulse_channel_1,pulse_channel_2
0.0,-0.9793404822273425,1.219852388468152
0.33360427618026733,-0.07149757083285466,0.5395949052069619
0.6672085523605347,-0.2374768346215244,-0.33897132668159213
1.000812828540802,-0.7697095532516584,-0.6066740931186727
1.3344171047210693,0.22548580412008845,-0.5947082337060017
1.6680213809013367,0.7057365443594495,0.3798411205704845
2.001625657081604,0.022621900723470086,-0.05425166871822279
