time,pulse_channel_1,pulse_channel_2
0.0,-0.8956090583579343,6.279485746746319e-07
