time,pulse_channel_1,pulse_channel_2
0.0,-0.1443643572780562,0.04658248766226278
0.6853993535041809,0.5967902395344065,-0.25414922365364695
1.3707987070083618,1.127038430137703,0.5261263795312414
2.0561980605125427,0.2703500174157122,0.8031943594091326
