time,pulse_channel_1,pulse_channel_2
0.0,1.6236561581556572,-0.32468208141718985
0.9059069752693176,0.2759644955658637,-3.7350608129947425e-07
