time,pulse_channel_1,pulse_channel_2
0.0,0.34846916192726113,0.11874247201217504
0.43945935368537903,-0.6056635402315762,0.23661958455584964
0.8789187073707581,0.2891623549726592,-0.33799415928404664
1.318378061056137,0.29438997524005645,-0.2533879314020002
