time,pulse_channel_1,pulse_channel_2
0.0,0.5723141277495696,0.24219652713715029
0.3762471377849579,-0.44502300551663526,0.37096658847012864
0.7524942755699158,0.2925466650581602,-0.6591799808849249
1.1287414133548737,0.8636353068859255,-0.7695626860461733
1.5049885511398315,0.1415858195168728,0.009655452614370164
