time,pulse_channel_1,pulse_channel_2
0.0,-2.75365214851592,0.4853186886940179
0.038810115307569504,-2.497860052537969,-0.5014386630901979
0.07762023061513901,-1.2090969848587734,0.5573133821308479
