time,pulse_channel_1,pulse_channel_2
0.0,-0.014432751713828285,-0.4513106611617224
0.20643065869808197,1.0725731028156416,0.12320702903696718
0.41286131739616394,0.18171972058074914,-0.44352355053980663
