time,pulse_channel_1,pulse_channel_2,pulse_channel_3,pulse_channel_4,pulse_channel_5
0.0,-0.2618640486285084,-0.5637612615786398,-0.8816032662847794,-0.15046062060465218,0.20073591049287867
0.24397258460521698,1.3527799688007638,-0.2708193431081038,-0.5879787190745575,-0.3168502484918633,-0.17230432848229144
0.48794516921043396,0.3915665438748312,0.8182603833411267,-0.6240410589708822,0.428275106136538,-0.2715840493793562
0.7319177538156509,-0.5554285231530774,0.10629631409867998,-1.236102396415289,-0.6208381939908804,-0.6952284764811817
0.9758903384208679,-1.0735394418707174,0.7305433230444212,-0.7526891350335994,-0.18617731843159507,-0.16091374621287793
1.6639394760131836,0.8952646628902641,-0.9144681395224735,-0.014508859821881418,-1.203083864002576,-0.7588980483286942
2.3519886136054993,0.5285079385470209,-0.5410317304410008,0.8416727981001545,0.04490689452628329,-0.01592900625870787
