time,pulse_channel_1,pulse_channel_2,pulse_channel_3,pulse_channel_4,pulse_channel_5
0.0,0.019098511607853547,-0.005058839866405252,0.5946911859474415,-1.3367651778267626,-0.3778064772552802
0.7228484153747559,-0.10880273787295995,0.00016003071773757358,-0.08781402497283734,0.024604718417052533,-0.0002693346354779309
1.4456968307495117,1.461167457142295,-0.7688222228206193,-0.3618390069567518,-0.8470266783075969,-0.552248116840711
2.1685452461242676,-0.12388129780853827,1.06109955791353,-0.14263664816434202,0.887203126886938,0.0003296335719193243
2.8913936614990234,0.17950943487435017,-0.2867346065675671,-0.3594827130333145,-0.13228358963214218,-0.31994779598601036
3.2978650629520416,0.23154615929851302,0.6617670705601469,0.29773326409745593,-0.42482942928848627,-0.10789613578244946
3.70433646440506,-0.2955678603676181,0.7803593965721302,0.7089425482444084,-0.8765353584112546,-0.9205464766127683
4.110807865858078,0.35456046375180045,0.6913404338452841,0.06856845016471379,-0.7790654766201313,-0.08800783382590276
4.517279267311096,-0.7955527586405478,1.0816265331340769,-0.31835476970605237,0.24920850365305575,-0.8569244796517005
