time,pulse_channel_1,pulse_channel_2,pulse_channel_3,pulse_channel_4,pulse_channel_5
0.0,5.210522488776012e-06,-5.178619443563522e-06,-0.7024212369653448,0.0917445314384609,1.5241873886621036
0.15872371196746826,0.894970257449608,-2.207963658663773e-06,-0.7340551397929694,0.6106541848987515,-8.192591963832505e-06
0.3174474239349365,1.1207564160099651e-05,1.8453013198102693e-06,-0.467776790919947,-0.14285440356041013,1.5666678350221626
0.4761711359024048,-0.6597840371489576,0.35959659892143986,-0.6293897135861568,1.002127377776105,0.6325179903292555
0.6995848566293716,0.27704246809394834,-0.02480997191631263,-0.3558679378893563,-0.4902109667403903,0.24227571664877956
0.9229985773563385,0.5045095478056774,0.4378005709118792,0.29942123580689206,1.0691177925606863,0.558485703757042
1.1464122980833054,0.19528322053514038,-0.7747885969738109,0.3675304233922006,-0.1280172040239742,0.6959849963888036
1.3698260188102722,0.7627694920428918,-0.34263725391859184,-0.9499802708168424,-0.3894329138562894,0.2488742545483779
1.593239739537239,0.4457246566961895,-0.034851894792521806,1.061752414664212,1.0532204070829563,0.42728840776630167
