time,pulse_channel_1,pulse_channel_2,pulse_channel_3,pulse_channel_4,pulse_channel_5
0.0,-0.7252304362579394,0.5531158201551777,0.46269684066967864,0.8587511451369487,-0.11019244028328742
0.28746742010116577,-0.26337896432882996,-0.47600143175095905,0.029236596144841826,-0.9083847526179316,-0.06601245334962395
0.5749348402023315,0.5832342288647838,0.40468245086706855,-0.9640454787016257,0.4869975254860267,-0.8466384944754552
0.8624022603034973,0.6182422529465216,0.12475109596052575,-0.5479949289577165,-0.22058558067764145,0.6421485505163467
1.149869680404663,0.5594966701375984,0.5956455223911876,0.3292429830741421,0.2710663468532344,0.17045782568388781
1.4373371005058289,0.5603522884745299,-0.3042569059141788,-0.020064409922779275,0.38585095377977413,0.5987993650574746
1.7248045206069946,-0.06128914785220501,-0.6572861713523016,0.8943309506890255,0.3886961593360563,-0.7016521349080654
2.0122719407081604,-0.8588781100265291,1.0471341578266724,-0.9442706936412285,1.0319778805165445,-0.5846351594260152
