time,pulse_channel_1,pulse_channel_2,pulse_channel_3,pulse_channel_4,pulse_channel_5
0.0,0.9686860650586862,3.320967599840965e-05,0.27497015486989485,0.9816764988448062,-1.8171259553628637e-05
0.26516470313072205,-3.160009690851132e-05,-2.481565747728686e-06,-0.23419587439669412,0.41959155614253213,-0.8843138434373671
0.5303294062614441,-0.4094290030119316,-5.916702708989825e-06,0.70698020113171,-0.13155500885509497,1.6063658022701013e-06
0.7954941093921661,0.07896830519489427,1.4663513244676043,-0.5585693262428407,0.1436244745883494,-0.14959455303421618
1.6046880185604095,-1.6245670406191888,0.27057023346156633,1.104977907532268,1.012653825823279,-1.2811377263965082
2.413881927728653,0.2413809882180958,-1.5068165120806967,1.1150777044337847,-0.1016518163966581,0.19804927021812327
