time,pulse_channel_1,pulse_channel_2,pulse_channel_3,pulse_channel_4,pulse_channel_5,pulse_channel_6,pulse_channel_7,pulse_channel_8
0.0,-0.7686901411032574,0.0625128911358315,0.3099859084130423,-0.5582053024656405,-0.36570543472878975,-0.005466213848035652,0.00024456273886202346,0.4308920856770329
0.06295428425073624,0.32474678673231455,-0.015765987900721198,-0.3692195520595039,0.41699762690123493,0.7416490118689973,0.3197904376829191,-0.0005703095551445,-0.6348290418184848
0.12590856850147247,-0.7542131289355256,0.12493464184455279,-0.5474338848776551,-0.7600449693754543,-0.45733355087905536,-0.5925024802190045,-0.00018801914479856413,0.04980077764584126
0.1888628527522087,-0.7212414715295141,-0.16004498558514357,0.4819074822216866,-0.6749865703072903,-0.6999707473445811,0.6402532341580198,0.0012500499123467002,-0.019117738067919388
0.25181713700294495,-0.35137837559728446,0.20290928271547384,0.3741736762919954,-0.7688899247789385,-0.008049626769662092,-0.6735204834290736,-0.0009520959130835742,-0.019680003254629527
0.3147714212536812,-0.7878893084428076,-0.19612384460207005,-0.24892955370852077,-0.22924795633150571,0.7855503016839774,0.32208715287506684,0.00018701653442842355,0.19088816520804475
0.3777257055044174,-3.636685004648379e-06,0.7047808921545207,-0.14197486064073742,0.7047804462760645,-6.880861505800568e-07,-2.8155447527605224,1.6512980435688982e-06,7.455858685155999e-06
0.5550858378410339,-1.005741656105204e-06,-2.3033306430157022e-07,-0.7047817425645175,2.114338640278491,3.059928896262403e-07,1.1900761335294765e-06,1.1994801364486692e-06,-2.8094312194940553e-06
