time,pulse_channel_1,pulse_channel_2
0.0,-1.3070866846680873,0.40871818263215365
0.6786592602729797,-1.0933288827700691,-0.46856544111763865
1.3573185205459595,-0.3040801665113273,-0.9890176103933427
2.035977780818939,0.5976618734848721,0.7771084256050315
