time,pulse_channel_1,pulse_channel_2
0.0,-0.8439568376272805,-0.3964906803762565
0.8101649880409241,0.19480292455196407,0.25528751485190937
1.6203299760818481,1.362953120047854,0.7074503848166326
