time,pulse_channel_1,pulse_channel_2
0.0,0.9189544309647509,2.7278824666871024e-06
0.28459689021110535,-0.04052012503055208,-9.845080921890253e-07
