time,pulse_channel_1,pulse_channel_2
0.0,1.0013165510889697,0.2841942512993558
0.5609660148620605,-0.5740013426652613,0.05237997072589814
1.121932029724121,-0.4348176750009398,0.8486891093412378
1.6828980445861816,0.8157087740398828,-0.4073238020636189
