time,pulse_channel_1,pulse_channel_2
0.0,-0.0067035911719909155,-0.7515874314392034
0.4962785243988037,0.19807799127126874,-1.025682360329472
0.9925570487976074,-0.45934858359508307,-0.4466462980687564
1.4888355731964111,0.09080371294514114,-0.5067314344694995
1.9851140975952148,0.9461683055782422,0.9401071958533856
2.4813926219940186,0.9482439445450753,0.9307930417647595
