time,pulse_channel_1,pulse_channel_2
0.0,-0.18420469489767533,-0.07465152105285534
0.35110238194465637,0.6384542550876475,-0.13161053640847023
0.7022047638893127,-0.08079465623196072,-0.2618811041339571
1.0533071458339691,0.27944644751974507,-0.9179699805847776
1.4044095277786255,0.6652438303426728,0.001273196839742182
1.7555119097232819,-0.3662910904387696,0.18610252207747763
2.1066142916679382,-0.17049675387410554,0.05275255166031174
2.4577166736125946,-0.6635070659971316,0.8087960331602453
