time,pulse_channel_1,pulse_channel_2
0.0,0.4186750138893109,0.5394024165656028
0.07570263743400574,1.1996385401024376,0.45420843367088953
0.15140527486801147,-0.11021734251938242,0.4530562333304478
0.2271079123020172,-0.16800466218324467,-0.7030158147441302
0.30281054973602295,0.6617914276325874,0.2552283579392959
0.3785131871700287,-0.01748449547011259,-1.0488554997534956
0.4542158246040344,1.1322483124329252,0.4130567455536078
0.5299184620380402,-0.13477475868419705,0.6187132856063223
0.6056210994720459,0.510407434359034,0.10031179473642224
