time,pulse_channel_1,pulse_channel_2,pulse_channel_3,pulse_channel_4,pulse_channel_5,pulse_channel_6,pulse_channel_7,pulse_channel_8
0.0,-0.24830677103779322,-0.005597462142905586,-0.005592443427498906,-0.2483110500071289,0.6585026926928411,-0.6585052559690492,-3.77562968600207e-06,-0.24413586912597132
0.7119237780570984,-0.26085767703258783,1.2702249207471714,-0.005019717960702943,1.121616304441968,0.5672758562780095,0.21377697944402932,0.6819628569249441,-0.5326386802732241
1.6706782579421997,0.9932695874216652,1.0528368473068337,-0.8463054613483051,1.4203174982563875,-1.764638410863326,-0.2453567272942117,-0.6197284050980975,0.8666146601723482
