time,pulse_channel_1,pulse_channel_2
0.0,-0.16078950350586702,0.819384204243066
0.47748276591300964,0.29450794658008683,0.16484027387282782
0.9549655318260193,0.8019745139269729,-0.8168698920992468
1.432448297739029,0.9929990515656342,-0.7352446524452373
