time,pulse_channel_1,pulse_channel_2
0.0,0.5776259222824681,-0.204738926524841
0.13554272055625916,0.7121071385588172,0.1950577355905505
0.2710854411125183,0.5649412093809982,-0.2055395112191994
