time,pulse_channel_1,pulse_channel_2
0.0,-0.2763361212460847,0.11895954601493114
0.16071684658527374,-0.7443913950556887,0.7771263443205895
0.3214336931705475,0.1649851509611517,0.16686962510620976
0.48215053975582123,-0.5339392799301937,-0.9600946228314454
0.642867386341095,-0.04447239984231449,-0.11244961822830471
0.8035842329263687,0.5866545925064102,-0.6760860732367272
0.9643010795116425,-0.8873895020427739,0.7080837555647056
1.1250179260969162,-0.28172764117461235,0.6975160150728407
