time,pulse_channel_1,pulse_channel_2
0.0,-1.3775483417078027,-9.836308566444103e-07
