time,pulse_channel_1,pulse_channel_2,pulse_channel_3,pulse_channel_4,pulse_channel_5,pulse_channel_6,pulse_channel_7,pulse_channel_8
0.0,0.2687553762659197,-0.6721085706960057,-0.757853804066244,0.7187199273868856,0.8627267433828991,0.25232125997287874,0.852486597761173,-2.4001022837375138e-05
0.16325344145298004,-0.3139852117111914,-1.0614047763103513,-0.5353089242399807,-0.1550638096052913,-0.32682337543281914,-0.032926606196342544,-0.20325450560580527,-6.567449066483226e-06
0.3265068829059601,-0.0005888410895781165,0.7760087601455353,-1.0573862900522,0.02700851486718438,1.362908594658865,-0.012886974305604563,-0.7835219880917055,1.9881389398987293e-05
0.4897603243589401,0.3755882783839551,0.5299756100485816,0.07438675341789737,0.9884407195910497,1.0285404899381296,-1.4508780066980738,0.7873569737313111,0.0001305392155854252
0.6530137658119202,-1.1500305921985423,-0.03339693586562653,0.7240713517685113,0.507637479292102,0.3991113742173538,0.08846540610601973,-0.17950830319184585,-0.0001400460892823504
0.8162672072649002,0.30685027091690437,-0.0001152899439140374,0.00025149324205900894,0.6139556267487999,-1.3189326350980823,0.9074475370155803,-5.723485081964899e-05,1.0518895389431555
0.9795206487178802,-0.21307714264093414,1.051170447312275,1.2136203378627008,-0.5712466953710917,0.18102288573249697,-0.2206647652772015,-0.15459048206002068,0.10974430004392957
3.191264718770981,-0.6469832520281236,0.5336205497122847,-0.38282534875861385,-0.9803384208862603,-0.3183529040484914,-0.00989800917951105,0.6458690075899354,-0.15086015024635832
