time,pulse_channel_1,pulse_channel_2
0.0,0.025519086000811254,-0.4262358617479489
0.6410064697265625,-0.4099891294724844,0.517364794692137
1.282012939453125,0.5425179564151771,1.1475014836789337
1.9230194091796875,-1.027351532650203,0.26764778714173726
