time,pulse_channel_1,pulse_channel_2
0.0,-0.7333535096050607,0.6832721411429288
0.3460196554660797,0.3361832824469454,0.7415807914926416
0.6920393109321594,-0.7121318176403879,0.22653837125580845
1.0380589663982391,0.7048362147742194,-0.7123842705551011
1.3840786218643188,-0.5433604556407868,0.07882628682643411
1.7300982773303986,-0.267803565742106,0.8122812604058679
