time,pulse_channel_1,pulse_channel_2,pulse_channel_3,pulse_channel_4,pulse_channel_5
0.0,1.0516383037639978,-0.8149138067176097,0.6224073845864263,0.5129696962744469,0.13091480897246158
0.627170741558075,0.5818694171863706,0.7340853926630503,-0.13148165732195924,-0.33527263762192383,0.4827021293874237
1.25434148311615,-0.631640401549567,-0.39687475051973625,-0.46981501319120705,0.30928735703752364,0.8684939091428386
1.8815122246742249,-0.8448329439103198,0.9338291999525025,-0.11921658936285828,0.05122542694456402,0.14955998599736994
2.5086829662323,-0.9409230736823638,0.06568093551897809,0.6528306923427832,0.4292898041004865,-0.7752460041298888
