time,pulse_channel_1,pulse_channel_2
0.0,-0.23266180591941935,-7.435160259570818e-07
0.19294241070747375,1.5283854389258438,-2.9307628862231883e-06
