time,pulse_channel_1,pulse_channel_2,pulse_channel_3,pulse_channel_4,pulse_channel_5,pulse_channel_6,pulse_channel_7,pulse_channel_8
0.0,-0.8973668844715386,1.1195975956459561e-07,-0.8973906067835621,-0.25437827715628125,1.0357765228950886e-06,0.25433246713691865,0.3953416258983072,-0.39534176396813764
0.7269831299781799,0.7294938332571411,6.642054185931911e-07,0.41984735985890864,0.7294870670978865,-0.923727299123823,0.1472514079501193,-4.601722274932073e-06,0.8105348766315772
1.4539662599563599,0.899140526960998,-0.06960534730856259,-0.865054408871253,0.7728483316487289,0.2928359205133702,0.8729110182826638,-0.5847705907592485,-4.334970587064337e-07
3.488239884376526,-0.3231381634014603,-0.7155265747783539,-0.4842602170389993,0.5234776548239661,0.12021363218191479,0.009285796904873168,0.24935818813015476,-0.4380576658621754
