time,pulse_channel_1,pulse_channel_2
0.0,-0.8599198269333319,-1.0994402790534237
0.26828843355178833,0.9579182463747521,0.3008620485004532
0.5365768671035767,-0.3750047402590516,-0.9425712912477391
0.804865300655365,0.6111654274827472,-0.7294237658638377
1.0731537342071533,-0.5430694928065798,0.22348175558668726
1.3414421677589417,-0.18942901355956476,-0.7070167635219967
1.60973060131073,0.43327223023601075,0.6861194797606811
1.8780190348625183,0.5579512581565355,0.3392076415068034
2.1463074684143066,0.31798066144135395,0.3428485570285137
