time,pulse_channel_1,pulse_channel_2,pulse_channel_3,pulse_channel_4,pulse_channel_5,pulse_channel_6,pulse_channel_7,pulse_channel_8
0.0,1.751249894250839,-0.1737614032714708,0.23793745236382455,1.9240742962382877,-0.229154524648223,-0.11395615410669357,-0.0003724976207666317,0.05730977944195318
0.043078187853097916,0.9699504539555291,0.49329357038699734,-0.6851858953529959,0.7694386494812318,0.6517486874087435,0.3409177929531176,0.0005743606554373054,-0.16276390048928355
0.08615637570619583,1.3032558186836707,-0.31955241346618335,0.4472553742666779,1.4912411215083776,-0.4225973692583603,-0.22695564317264152,-0.00043352228441127506,0.10550322216483828
0.12923456355929375,0.0002251272736340173,1.1726521278233852,1.3217972833669842e-05,0.7940131114586164,-1.3499875712828499e-05,-6.295798880069635e-05,0.00015663461546285416,3.2482728609511854e-05
0.23584876582026482,-0.00026388973724825404,-0.0002477476755800276,-3.979468316572716e-05,0.3784225156276775,-1.2384333652328157,-3.45128913781574,-0.0001748273983630528,2.067405288902305
0.3424629680812359,-7.24182271569895e-06,0.5045513599274065,-0.09185928444749568,0.24079117381121656,-1.45015385613555,2.7764776451360442e-05,3.322201685664824e-06,-1.0645407681929395e-06
0.44907717034220695,8.586147313928599e-06,-0.5045769076228103,-1.0805715660734454,-1.4132331245676237,1.4501715660891736,-3.562937003990782e-05,1.8917686345018801e-06,2.1253261730431017e-05
