scenario,channel,tdc,fdc,pcs
GHZ (3q) (run 441),global,,,88.159723
GHZ (3q) (run 441),pulse_channel_1,10.136112,106.461325,58.298719
GHZ (3q) (run 441),pulse_channel_2,7.765972,189.804544,98.785258
GHZ (3q) (run 441),pulse_channel_3,14.971827,189.111738,102.041783
GHZ (3q) (run 441),pulse_channel_4,14.081202,148.645248,81.363225
GHZ (3q) (run 441),pulse_channel_5,11.265793,169.384645,90.325219
GHZ (3q) (run 441),pulse_channel_6,14.014799,156.002984,85.008891
GHZ (3q) (run 441),pulse_channel_7,14.304665,220.442696,117.373681
GHZ (3q) (run 441),pulse_channel_8,14.013054,155.338936,84.675995
