time,pulse_channel_1,pulse_channel_2
0.0,-0.704401110075767,-3.7764372341881516e-06
0.3549148142337799,-1.3132650921858273,0.5099038603412472
