time,pulse_channel_1,pulse_channel_2,pulse_channel_3,pulse_channel_4,pulse_channel_5
0.0,-0.7540631321358491,0.39431149380924674,0.33761983829221603,0.26145858711930625,-0.16512600786993076
0.3786155581474304,-0.658947032226562,-0.7331880964079888,0.24677170610084742,0.9455016583392203,0.08788446585494447
0.7572311162948608,-0.20059175877460966,-1.0674261158520872,-0.671745257688634,-0.390520396388507,0.3083602941628526
1.1358466744422913,0.31940956071684495,-0.0873441411747974,-0.46418755332201106,-0.6445450368242637,0.8263657069220488
1.5144622325897217,0.2324768152216868,-1.0253283743197645,-0.20809447709487647,-0.43374590178210926,0.23799216592135417
1.893077790737152,-0.06626837492891838,0.8675279136265251,0.32211329225842034,0.2719761000905148,-1.321749006498228
2.0135500505566597,-1.7909504326860808,-0.7319966927248522,-1.6301698331209917,-1.7726788388302315,0.43404855081796884
2.1340223103761673,-0.06623794257559264,0.867545059991632,0.3221183243511146,0.2720177778009445,-1.3217369571420745
