time,pulse_channel_1,pulse_channel_2
0.0,0.8694732661355622,-0.20184122907197252
0.06326868385076523,0.4944572121126521,0.12845098151688472
0.12653736770153046,0.9044725765054705,-0.3164017886636169
0.18980605155229568,0.19280875615586973,0.26292533599867723
0.2530747354030609,0.6010822603119713,0.12473895071394797
0.31634341925382614,0.47431538771891435,-0.6562983729337702
0.37961210310459137,-0.57126427784982,0.7717443139864056
0.4428807869553566,1.0001664682493545,-0.4206805882257028
