time,pulse_channel_1,pulse_channel_2,pulse_channel_3,pulse_channel_4,pulse_channel_5
0.0,0.8930329710379331,0.9085114712841593,-0.24465357287364312,0.37461477418212347,0.8386732921176556
0.5812079906463623,-0.3077931445649411,-0.21452428005035618,-1.7560077180392488,0.5984334831850889,-0.846595691687891
1.1624159812927246,0.24606252082399735,-0.49252439723420544,-0.5601041132062804,0.11584801120242467,0.11771995052098694
1.743623971939087,-0.514335501692081,-0.40638099852791304,0.7480942302582667,-0.011308028875592919,-0.5131127570172889
1.9957568943500519,0.37776643701874285,-0.046604901701172735,-0.657928119078053,0.7243274660428463,-0.013874244677646353
2.247889816761017,1.2401315414084704,0.045127871834550276,0.30669942573522024,-0.4624997998513608,1.3639128591665277
2.500022739171982,0.026045597460702005,0.5056586835174051,1.2183562412093671,-0.265446719435395,-0.9229806041497701
2.7521556615829468,-0.28809802104224497,-0.7329648448032813,0.410359155899871,-1.0638875927293339,-0.7209718216011834
3.0042885839939117,0.9389867292931915,0.6198387105895744,-0.716700175562052,-1.0562813018680453,1.2497173270944024
