time,pulse_channel_1,pulse_channel_2
0.0,0.16407650597675955,-0.308002383774803
0.4087938666343689,-0.008712571960745536,-0.6644992868782005
0.8175877332687378,-0.3692906513972245,-0.37760360142279475
1.2263815999031067,-0.5565291692965528,0.8442988196145327
1.6351754665374756,0.015030785667934676,-0.1558792391029587
2.0439693331718445,-0.21075654979121106,-0.6512992295661666
2.4527631998062134,0.5167129190200034,-0.6155414663194013
