time,pulse_channel_1,pulse_channel_2,pulse_channel_3,pulse_channel_4,pulse_channel_5
0.0,0.8056837749488184,1.0176277244366878,0.5501664292872929,0.599342215663638,-0.09314735737554977
0.18138886988162994,0.5772626775409941,-0.6952758355880946,0.4638382416629046,0.42089800596234794,-0.9595628836426678
0.3627777397632599,0.24927058567756688,-0.6806033411278993,0.19346980438320396,0.10522155995552114,0.5979529840437097
0.5441666096448898,0.06379337705891079,-0.0730950720286356,0.524924743142164,0.21582712026282955,0.29377253802685266
0.7255554795265198,1.2070932544627586,-0.508064750077933,0.11083658172528076,0.08384019301497644,-0.12330588133466594
0.9069443494081497,-1.2778262000177405,-0.2171122389933132,0.7721189327374574,0.15302279095021756,-0.6578011982607759
1.0883332192897797,1.5860904736069408,-1.5923668862041869,-1.0867116667589038,0.3496215173708663,0.5409838315139559
1.2866226136684418,0.00147049018948489,0.6981779270202426,1.4174400775864548,-0.6528907793603781,-0.1682137588234676
1.4849120080471039,0.5195070877932191,1.1139040607792436,0.8965247156618088,-0.4307366688082358,-0.6456966232212884
