time,pulse_channel_1,pulse_channel_2,pulse_channel_3,pulse_channel_4,pulse_channel_5
0.0,0.3963839447954075,-0.3729099854803126,0.3963811459870341,0.024476812875881528,-1.1520220361629573e-06
1.3379228115081787,0.2417010999513233,-0.7146246684544338,0.007425795008776055,0.10414675244356533,-0.5665834506958612
2.6758456230163574,-0.6261777994712464,-0.5049387500426554,0.8070475730682926,0.9854708448824222,-0.9856118352480366
2.8289012610912323,-0.47094296043672274,-1.3575769085853868,1.294892901501612,0.3803160585142363,0.9469601655844431
2.981956899166107,0.6303575542007022,0.14498518225485232,-0.7070321980681402,0.662338192135231,-0.9332662243000883
3.135012537240982,0.33571353371584317,-0.14496152919232444,-0.5189493211397419,0.7660644339188787,-0.5355225357991598
3.288068175315857,0.3177287072363199,-1.5372953654311539,-0.9960607136544005,-0.28023870682410873,0.17885927405610774
3.441123813390732,0.5402163310969292,-0.01678677855546541,-1.0252588677621224,-1.3964390931725958,-1.025703851994586
