time,pulse_channel_1,pulse_channel_2
0.0,0.5066080904856067,-0.8005391227540587
0.21372409164905548,-0.910595514689426,0.5524439723461916
0.42744818329811096,-0.8632524817587144,0.20335387603937008
0.6411722749471664,-0.2996646913065366,0.1393054318389252
0.8548963665962219,0.3480667138081938,0.828913578329908
1.0686204582452774,-0.6825949090159548,0.9949965758398741
1.2823445498943329,0.49359715506873986,0.11338608317959793
1.4960686415433884,-0.5926703707323019,0.1391341906328438
