time,pulse_channel_1,pulse_channel_2,pulse_channel_3,pulse_channel_4,pulse_channel_5
0.0,0.22657508204898824,-0.121379383743984,-0.33290534507088854,-0.888610157025178,5.790520837365234e-05
0.08652494102716446,-0.18256820819127326,0.2979462949244896,0.791892549789626,0.952637168910127,-4.967598531272888e-05
0.17304988205432892,0.8459242332303684,0.5518192255053251,0.4083283633507863,-0.5907553066586574,2.7562167994971105e-05
0.2595748230814934,1.066548553953066,-0.7178494437288525,1.2903927969600784,0.5033086049193927,7.4600750500520865e-06
0.34609976410865784,0.8544058853145934,0.13023671167312148,0.09269320067305505,-1.0691694094124216,0.7910783310553552
0.6572776138782501,1.1180360107202174,-0.09268207976631611,-0.14643043171728198,-0.04420894492435625,1.2221539098966143
0.9684554636478424,1.1415692259734944,0.4161863600701341,0.04450234989169262,0.0730541515447939,-0.03724352723572236
