time,pulse_channel_1,pulse_channel_2,pulse_channel_3,pulse_channel_4,pulse_channel_5
0.0,0.8527257541445267,-0.10893417284765643,0.3013436524300711,0.8799076784532944,-0.5168636317393878
0.3981228470802307,0.6163850385573496,-0.2768072837965406,1.296975811601988,0.432299543747058,-0.20322830705322434
0.7962456941604614,-0.5943886111886691,-0.23785913333487993,-0.0704728745917312,-0.6016560300198796,-0.8128907666263931
1.1943685412406921,0.5242873363891237,0.9022491532297732,-0.7489766729976901,-0.04241546878751473,-0.45367019739606146
1.5924913883209229,-0.36741364047585134,1.540338346580792,-1.0234452007415156,-0.12271700264148909,0.49119227666313786
2.404506027698517,-0.055937320886235986,0.26762792984391054,0.9073034247144105,-1.1875765076036275,-0.1767738974300567
