time,pulse_channel_1,pulse_channel_2
0.0,0.4936917879248624,-0.6732988757329649
0.2631489038467407,1.244613056744081,1.9246798161553056
0.5262978076934814,0.881972538846092,1.2865116843300275
0.7894467115402222,1.1378208774219714,0.03550112556823998
1.052595615386963,0.5307120056646007,0.13539700503849939
1.3157445192337036,0.8081820736809596,-1.753590584372054
1.5788934230804443,-0.8367062468755364,0.6316222305757596
1.842042326927185,0.4996529300691422,-0.20641620775755753
2.105191230773926,-1.0533217192468458,-0.48678415669375746
