time,pulse_channel_1,pulse_channel_2,pulse_channel_3,pulse_channel_4,pulse_channel_5
0.0,0.4819794979001258,1.2543318968146913,0.48197552687148704,0.5339053175949173,2.1509044078368444e-06
1.1003241539001465,-5.991414566844441e-06,0.5134173116669472,-0.5183190161396996,-0.5023923492978587,-0.8000818410744834
2.200648307800293,-1.2134163558392623,1.0423335706877868,0.5235770289089305,0.02916356810182628,0.588726212471909
2.476753205060959,-0.6749690643448399,-0.2572816482214717,-0.5485303183382532,0.564493359552959,-1.3046192405830728
2.7528581023216248,1.4357390481059835,1.0202150225609743,-0.4260035877411445,-0.03040034461919258,-0.9492231007251389
3.0289629995822906,0.021431068152259276,0.015928930965405683,-0.5283246571104938,-0.16749936211851255,-0.22629887164275703
3.3050678968429565,-0.6493774435493255,0.42685568187375994,0.5053754618027579,0.8650638319617718,0.4569164991452039
