time,pulse_channel_1,pulse_channel_2
0.0,1.3686201157627844,-0.4010174278868071
0.7023836970329285,1.287592628795439,-0.603731630363624
1.404767394065857,1.0669186536910646,-2.0292663191153295e-05
