time,pulse_channel_1,pulse_channel_2,pulse_channel_3,pulse_channel_4,pulse_channel_5,pulse_channel_6,pulse_channel_7,pulse_channel_8
0.0,1.0777068170938142,-0.6837761038181802,0.7112153265392064,0.595140249970485,-0.9258193486787182,-0.9610791942704725,-0.6794712386506151,0.802355311388817
2.880730152130127,0.9009129224991594,-0.4475087359606555,-0.14719625215191212,-1.1356589443423408,-0.3203827786991415,0.422102458275093,-0.5788037809560066,4.00131834097821e-06
3.142883688211441,-0.08216331124656817,0.496177798649938,-0.4808222609726759,1.158446233803347,-1.7190029380422278,1.3788131708927174,0.27176526248330246,3.4244634500167216e-05
3.405037224292755,5.24503642481839e-07,-1.9801680646770488e-05,-0.47680288032637896,0.9254084053272206,0.981867365324396,3.6560544131542084e-06,-0.9532205559813193,-2.1657313069093944e-05
3.667190760374069,2.2036286600539634e-06,3.677387075728592e-07,-2.1494067499806147e-05,-0.47681726799801244,-1.3354616153140888,-0.5718126672390627,-1.6746611326294076e-05,-0.8738557638537469
