time,pulse_channel_1,pulse_channel_2
0.0,-0.6494715593542705,1.008490009688371
0.17822183668613434,-0.515518142415312,-0.6628140580806292
0.3564436733722687,-0.6016207997068062,0.09446861057685525
0.534665510058403,0.23921079506837292,0.913232811888008
0.7128873467445374,-0.7994257093582204,-0.4176126110258188
0.8911091834306717,-0.7741190353437375,-0.4925681834845867
1.069331020116806,-1.0343735273433916,-0.739500806282971
