time,pulse_channel_1,pulse_channel_2
0.0,-0.09393952235126209,-0.014494094513539856
0.48237791657447815,-0.4132280284402192,0.6350816031161324
0.9647558331489563,-0.8258552862632277,0.9478402350910424
1.4471337497234344,-0.6101927041193818,-0.7895269671106373
1.9295116662979126,0.535934419330758,0.002665509006226082
2.4118895828723907,0.6303266210231254,-0.8963350729441704
