time,pulse_channel_1,pulse_channel_2
0.0,1.0570346583096475,-4.365815613116246e-06
1.182554006576538,-0.06903779584373088,-0.8428042477821575
