time,pulse_channel_1,pulse_channel_2,pulse_channel_3,pulse_channel_4,pulse_channel_5
0.0,0.4346894169031642,0.5035314827782633,-0.8791235519032591,-0.7089363944976254,0.02449260660046593
0.8961277008056641,-0.6435178483643161,0.41943166361311873,0.7074540858295841,0.1481386804562461,-0.6044687762613962
1.7922554016113281,-0.8081507522024898,-0.503157986729746,-0.5102730896964666,0.42090049906737875,0.4797303975219833
2.688383102416992,-4.4262534158674e-06,0.23680992881684998,1.0175670013267049,-7.412995814590138e-06,1.6344277171757074e-05
2.7387349009513855,-3.1001493577979754e-05,2.245729651675125,1.4649674193964364,1.4422810086984194e-06,2.3990046375367165e-06
