time,pulse_channel_1,pulse_channel_2
0.0,0.09240230428389065,0.5772270358598894
0.14098995923995972,-0.5211135529302554,0.6998372278306578
0.28197991847991943,-0.9064798276969098,0.9996112725733942
0.42296987771987915,-0.3892614160648038,-0.10386232541374389
0.5639598369598389,-0.8067469986133299,0.9687079550987693
0.7049497961997986,-0.03734306945948161,-0.24377223509886267
0.8459397554397583,-0.41505566515270137,-0.7991989035066472
0.986929714679718,-0.47526397600036363,0.06622762189114315
1.1279196739196777,-0.8035104969420954,-0.048051105602900185
