time,pulse_channel_1,pulse_channel_2,pulse_channel_3,pulse_channel_4,pulse_channel_5
0.0,-0.029482386438567303,0.0018608141683584816,-0.3150485222899332,-1.7402666973929932,0.18409111275026743
0.3347862660884857,-0.016571657440514483,0.0014817270412210307,0.3894753394489274,0.14863394466763785,-1.4858192755905055
0.6695725321769714,0.533793084322085,0.246521589028258,0.5673193429466037,-1.4716982009622899,0.0009738336645450757
1.0043587982654572,-0.040537310805498473,-0.039962568659993,-0.5280686755635757,0.36588536663428545,-0.01975864704366284
1.2938003838062286,0.31588761313109015,-0.6922522246902368,1.395185895905693,-0.1072206423870663,-0.5542674351604105
1.5832419693470001,1.3852071439968363,-0.14129134925819653,1.41863492322053,0.07421429346515182,-1.3475470469783433
1.8726835548877716,0.44537084171823366,-0.8670154772464888,1.002302506498224,1.0142292750329025,0.028893219469683252
