time,pulse_channel_1,pulse_channel_2,pulse_channel_3,pulse_channel_4,pulse_channel_5
0.0,-0.43663820772229206,0.014052121266346914,0.27160731154028556,0.15204833188256892,1.0020253025447667
0.39952510595321655,0.35749118724683837,0.637028667156558,-0.3715472956496707,0.006200307959557086,-0.06599956452499692
0.7990502119064331,-0.8699446338686405,-0.07238401169970603,-0.7749462456713458,0.7394052392388151,-0.9440249311727903
1.1985753178596497,0.9626725513622835,0.015083424945255532,-0.2401197767110291,-0.9648257526258036,-0.3497316063654317
1.5981004238128662,-1.1069646578740846,-1.3167823952046265,-0.049615081821909664,-0.43064379459616925,-0.9178211745831598
