time,pulse_channel_1,pulse_channel_2,pulse_channel_3,pulse_channel_4,pulse_channel_5
0.0,0.7174091483325932,1.0532850773178515,0.717408558041708,0.8488470801883661,1.1126879071648223e-06
0.7392301559448242,-0.5723626296889608,-0.41918891365915717,0.4720683525321561,0.25321120592563684,-0.48363850328047053
1.4784603118896484,2.501792835566828,3.12700451868938,-3.0408234711451074,1.0411270883418848,-0.7162472040787533
