time,pulse_channel_1,pulse_channel_2
0.0,0.8744163462307036,0.15988350075754124
0.5624856948852539,-1.333369135250067,-1.5320102232454695e-06
