time,pulse_channel_1,pulse_channel_2
0.0,-1.7473022590233178,3.8763628722911225e-06
0.1012214794754982,-0.7225344969142382,-5.336429404820828e-06
