time,pulse_channel_1,pulse_channel_2
0.0,0.25562107819783003,-0.6627636250835096
0.2066589742898941,0.5114564998108334,0.594996200071428
0.4133179485797882,0.5975891069793059,-0.5603581305632334
