time,pulse_channel_1,pulse_channel_2
0.0,0.5762445493631988,-1.4065452837179858e-06
0.4338422417640686,-0.12374645384644381,1.1458281023519383
