time,pulse_channel_1,pulse_channel_2
0.0,1.2019256577627568,-0.05308411360614887
0.6362702250480652,-0.05549572303751086,-0.10445147487627257
1.2725404500961304,0.22891263423163302,0.8654126997603114
