time,pulse_channel_1,pulse_channel_2
0.0,-0.6030656523074878,-0.5364887692576086
0.1938285082578659,-0.2788545300840885,0.7664466995998107
0.3876570165157318,0.07445494998684911,-0.32503156437664404
0.5814855247735977,0.7251028930443328,-0.05429663593367269
0.7753140330314636,-0.21834739063075786,0.5686514481976856
0.9691425412893295,0.8958367118495486,0.5698060293329611
1.1629710495471954,0.785554788961839,0.9687808835567443
1.3567995578050613,-0.8490963430729103,-0.36556956851905226
