time,pulse_channel_1,pulse_channel_2,pulse_channel_3,pulse_channel_4,pulse_channel_5
0.0,-0.42745195628043525,-0.42813386645046725,-0.42745155280939373,1.130672929019104,-7.922647843681715e-08
1.2406781911849976,-0.17804266136333705,-0.6374750797845775,0.828556685358576,-0.772084869942018,-0.1378840816601776
2.724246859550476,0.6591262463264483,0.3113395442175158,-0.3130950300299415,-0.200769149234185,-0.47392196898078315
