time,pulse_channel_1,pulse_channel_2,pulse_channel_3,pulse_channel_4,pulse_channel_5
0.0,-0.3667899321048079,-0.6033656881364485,0.26949183918474334,0.554793309042052,-0.4007689570049357
0.07288303971290588,0.745732486316666,0.07902157832950531,0.19470494526548454,0.002749417266022486,0.7210117943919514
0.14576607942581177,0.5969371327641841,-0.4235231859499079,0.5030872926967298,0.5081501071340778,-0.3320007502808674
0.21864911913871765,0.33073788283278244,-0.5645049165611903,1.0756897172741915,-0.40534115336404386,-0.6131208322040299
0.29153215885162354,-0.26036813349325044,0.2337898024742168,-0.35437244773154897,0.36038083641625246,0.10922885721886823
0.3644151985645294,0.7316136224666197,0.8343131489489218,-0.6901919292211055,-0.7408467141116148,0.6861441998690281
0.4372982382774353,-0.3270955745594143,0.9970808219002139,0.7216824623967857,-0.10179345236873114,-0.20544058731303508
0.5101812779903412,0.8822863077129209,-0.611977845487641,0.8428400128609641,-0.26197246748707,-0.014601161228302607
0.5830643177032471,-0.7671525915413112,0.4111262639026674,-0.8959234927640585,-0.16421331102452313,-0.5006055275486392
