time,pulse_channel_1,pulse_channel_2
0.0,0.2022996597138624,0.6241403791200818
0.11092014610767365,-0.35033244062389657,0.12045287833236898
0.2218402922153473,1.3808260658023603,0.24423708129959226
0.33276043832302094,1.672802773061989,0.5470775121921287
0.4436805844306946,-0.8682996436578863,0.5672189235583665
