time,pulse_channel_1,pulse_channel_2
0.0,-0.9275339681260549,-0.4660892904072427
0.4998546540737152,-0.11523575304061814,0.9842911919692051
0.9997093081474304,-0.7436154126322843,0.47081979092289417
1.4995639622211456,-1.1764339359382547,0.2720220090358569
1.9994186162948608,0.041201742960026363,0.04430048276519799
2.499273270368576,0.5763327680016387,0.07752083169112882
