time,pulse_channel_1,pulse_channel_2,pulse_channel_3,pulse_channel_4,pulse_channel_5
0.0,0.9671849324119218,-1.2942157396082812,1.1088185096487324,0.24865885077650818,-1.2871990975825771
0.8529940843582153,1.0362125703630443,-0.7838384429525944,1.036213343728195,-0.8717687255226718,4.3529439533071045e-07
1.7059881687164307,-1.3295522319039605,-0.08352672085698086,0.7680259649221232,0.6066466786050514,-1.110480727745464
