time,pulse_channel_1,pulse_channel_2,pulse_channel_3,pulse_channel_4,pulse_channel_5,pulse_channel_6,pulse_channel_7,pulse_channel_8
0.0,-0.46270776091415955,-0.8107928176992489,0.00635308427701531,0.6740344508019224,0.6519890188936824,0.8218195103196527,-0.9880631557686325,0.7131502912847211
0.36348506808280945,-0.7382364619691253,0.07711922998923637,-0.0065918343123907075,-0.8341389755602248,-0.6308928973959136,-0.6449151895227008,0.7203930626219083,0.5676384447900551
0.7269701361656189,0.8236804368540297,0.4508646321975749,0.2305980063981756,0.31059801110856267,0.4178594412371717,0.33268547907094587,0.5744728660653005,-0.48471269523983995
1.0904552042484283,0.15043750291344296,-0.03529979351051307,-0.7333050846919805,-0.736239818168909,-0.504714736790665,0.425287788171918,-1.2464293340392052,-0.4614424570016017
1.4539402723312378,-1.1968464742002227,-0.2231110714593081,-0.5927829900245812,0.049757283894623,0.4365417811888913,0.4298932711584343,-0.43071597102540676,-0.30797556607351645
1.8174253404140472,0.09688014157543619,0.44098136164780277,-0.4057578954386044,-0.9968108185463038,0.29690807943017783,0.30867417453474794,0.20881666251176867,-0.2163949359292084
2.1809104084968567,0.3028776516241101,-1.1736206205710495,0.1527005590922758,-1.073280575321263,-0.4972929284679514,0.15426360621597518,-0.5425220431316097,-0.3589473590327476
4.118280470371246,0.0032585315014940787,-0.05514014124116456,0.003808973423105083,-0.3129086407922888,0.8223656997083658,-1.026232730611172,0.9479249865546565,1.258120031293719
