time,pulse_channel_1,pulse_channel_2
0.0,1.2203215498966133,4.771985286315425e-06
1.0243200063705444,0.6455361328765229,1.314423911140846
