time,pulse_channel_1,pulse_channel_2,pulse_channel_3,pulse_channel_4,pulse_channel_5
0.0,0.2509467162039443,-0.12840591199729695,0.13937759291523905,0.6003807258540909,-0.584807947258979
0.17536908388137817,1.5575807632134242,-0.20115905788169222,0.7118058677684692,-0.6641462307401689,-0.9902925989982402
0.35073816776275635,-0.9292387440993569,1.39012739871718,-0.7260898024183887,-1.453953689405935,0.3888483450771268
0.5261072516441345,-0.270596367099866,-0.7695064749208013,-1.1711339209028055,-0.574685426706019,-0.5877255685114701
0.7014763355255127,-0.4877960088722078,-0.7081985667255659,1.0591554990535232,0.8516558712261133,0.8696611540499063
1.2147619724273682,0.7865844860885037,0.7063002396517508,-0.7375266738929656,0.8707338714564691,0.08185633718389396
1.7280476093292236,0.3504707434990796,0.9305813758086332,-0.44678428235608114,0.2679214606665861,0.5634614185502809
2.241333246231079,-0.23451376184586442,-0.5354455129533013,0.15649923642808572,0.7394641278800976,-0.2468001446493106
2.7546188831329346,-0.6493671432783448,1.1065454562862658,-0.5468139159517543,0.9488050007301053,0.19002314223985123
