time,pulse_channel_1,pulse_channel_2,pulse_channel_3,pulse_channel_4,pulse_channel_5
0.0,1.1186441551276725,0.23951200649340051,0.3176090384315547,0.2834013998086797,-0.7154154831718531
1.2151395082473755,-0.9172162845225226,-0.614839040294323,-0.7586039345584288,0.047389604652183136,-0.183784761194151
2.430279016494751,-0.4796844279630012,-0.22204539530811973,-1.08324054914191,-0.6680837967732949,1.1612494931626902
3.098302125930786,0.7278020430426346,-0.11656117752465658,0.5703560479472839,-0.10413557019291288,0.5471686782416884
3.7663252353668213,-1.088983802389872,-0.5759460239713019,0.7190426947573935,-0.22660083103916945,-0.3112619125562669
4.4343483448028564,1.1372859289754276,0.7439473417667123,-0.4029546223582797,-0.7108047630166567,-0.10975249370774674
