time,pulse_channel_1,pulse_channel_2
0.0,-0.16744091246658663,-0.3085776625504642
0.1953045278787613,0.6475034005062558,0.24582804555846643
0.3906090557575226,0.8228611669033065,-0.20110942814568333
