time,pulse_channel_1,pulse_channel_2
0.0,-1.8430688188208497,1.0919849958862269
0.9614270329475403,-1.2269772728980495,3.939570771001208
1.9228540658950806,-3.3338137989723897,0.17376580528009644
