time,pulse_channel_1,pulse_channel_2
0.0,-1.2615365991584606,-2.221336774352225e-06
