time,pulse_channel_1,pulse_channel_2,pulse_channel_3,pulse_channel_4,pulse_channel_5,pulse_channel_6,pulse_channel_7,pulse_channel_8
0.0,0.19424802746611092,-0.0008223911725160233,-0.23607798821286752,0.19424139266071758,0.6357777576483455,-0.05621897207485799,-4.306099819814819e-06,0.7248436566219967
0.908566415309906,-2.5838323109758945e-05,-0.24208944623887624,-0.000445067128320413,0.14215058147279425,0.4845226887409574,-0.6234904795867466,1.2872519960870576,0.3342747017960813
1.817132830619812,0.5506397523909803,0.14059828684578735,-0.0031975023166992914,0.0008313378475114829,1.584993358857312,-0.48699366259835497,-0.0016574693519244474,1.282149126114304
2.725699245929718,5.356639290349612,-0.7322847990878971,-0.6823531452701034,4.170009865330815,2.3550239932389054,-0.511830163803172,2.7619362441472552,5.437959936968409e-06
2.7674214355647564,-7.870272257011963,-0.43267741774473084,0.4464255306106937,2.7711451205279825,-1.3803334052934355,0.33713574318517886,-3.9173872217653143,1.6819860167516505e-06
2.8091436251997948,4.479022672041487,3.7838182921200505,0.2358946358869052,0.6557303771349617,-0.44408818584315807,0.17470131230987418,-1.0304876686851494,3.2944845409954558e-06
2.850865814834833,-0.21474826027866784,-0.04895085070276543,1.1947552193200266,0.4457669509567449,-0.09442737550703206,0.3633605456531216,0.041799963155840315,0.0005779964784920149
2.8925880044698715,0.2932360719827581,-0.08094732193704278,1.320929562800867,0.8252205413167059,-0.05593622424070817,-0.7224471540900052,-0.05947833265216331,-0.0014484921023116448
2.93431019410491,-0.116688307074426,0.12989482423434026,0.4994255054964878,1.7279837540866394,0.1501397801200655,0.47918181126411014,0.025945704828420686,0.0009245650472188494
