time,pulse_channel_1,pulse_channel_2
0.0,0.34514145107680383,-0.9076749706995376
0.14344927668571472,-0.0013462408352740215,-1.1096967077851347
0.28689855337142944,0.19001585970634052,0.1580609463065387
0.43034783005714417,0.17209350859581451,-0.80317610555742
0.5737971067428589,-0.19931340573649498,0.19693411405326536
0.7172463834285736,-1.0179808033741644,-0.6273273850795932
0.8606956601142883,-0.6807446346443796,0.9179356924049638
