time,pulse_channel_1,pulse_channel_2
0.0,0.3548182981925231,-3.939645705144885e-06
0.5214506387710571,-0.8342498364139405,-1.2274569111169511e-05
