time,pulse_channel_1,pulse_channel_2
0.0,0.14297621703469932,0.6017732093994739
0.5847606658935547,0.5212806097228928,-0.2679034641667725
1.1695213317871094,0.5220765439170713,0.7439654029373496
1.754281997680664,-0.8277085205569972,-0.8401134211033491
2.3390426635742188,-0.7137896772191924,0.3824765768348253
