time,pulse_channel_1,pulse_channel_2,pulse_channel_3,pulse_channel_4,pulse_channel_5,pulse_channel_6,pulse_channel_7,pulse_channel_8
0.0,-0.03805528997650903,-0.01945770753066835,0.37678473060087764,0.45476459455195933,-1.2435527577374614,-0.39626940671247274,-0.2633871454272522,0.3659639983422577
0.9742023348808289,0.6267873071742438,0.5340153752429748,0.05010186785605363,0.21766693808467116,-0.7197667225648426,-0.4405939157525401,0.5230949674527896,0.6615129142468075
1.9484046697616577,0.4575007572806044,-0.43332128467078734,0.09426267204938628,0.16883204187764947,-0.16038950231940705,1.4230181431297502,-0.4942337102539939,1.0592129443913616
2.9226070046424866,0.4226938143815647,0.22157232242897248,0.04286557433391253,1.1171556526562387,-0.7578895858937742,0.604566884319846,0.5878453804666144,1.4533815660654644e-06
3.464174747467041,0.48976604419564995,-0.2716723046743613,-0.1081492310935954,0.8879045751185618,0.22556601231657747,-1.5255008552114548,0.4270771347498562,-2.370605554216989e-05
4.0057424902915955,-0.010629147100757588,0.7639049163447641,-1.3682844664445393,0.30013276598895194,-0.08217615925013028,-0.04290945243561683,0.022100357649496284,-0.23643170008473147
4.54731023311615,0.7042163670341466,0.4496717995780711,-1.2043906899851564,-1.318195975183518,-0.1804897160166694,0.38897846264553193,0.5127459958062617,-0.5204192686345355
