time,pulse_channel_1,pulse_channel_2
0.0,-1.2427888997530154,-0.5424667426294222
0.3469069004058838,0.3797673845196705,-0.2787182247366462
0.6938138008117676,-0.4348530184635926,0.21128648983323528
1.0407207012176514,0.858907838231411,-0.6080455120726422
1.3876276016235352,-0.5317971218226382,0.41602409999094364
1.734534502029419,-0.8074299506020304,-0.5146714786360959
2.0814414024353027,-0.202266665304482,0.8418078231412218
2.4283483028411865,-0.08606935097102625,0.27674796406171187
