time,pulse_channel_1,pulse_channel_2,pulse_channel_3,pulse_channel_4,pulse_channel_5
0.0,-1.1270012425455018,0.03057941705294359,-1.8291895338171575,0.3229007701353852,0.024778403826123164
0.015575917437672615,-2.1131776453132627,0.33678791743276376,-2.074850903943368,-0.5977064510761225,-0.07171241595404171
0.03115183487534523,-1.7079384185481956,0.7083203611272318,-1.447704199212578,-0.9537678389510841,0.17390582847100403
0.046727752313017845,-2.1468032364147827,-0.6910668770232847,-1.5300866631859678,0.385840123041935,-0.256834239667731
0.06230366975069046,-1.3819818518232008,0.31843740184959235,-1.2507968677519863,0.4763449384540127,0.1348166304936058
0.07787958718836308,-0.8073837354232359,-0.18956117964702135,-2.5081014268973396,0.4686498215754024,0.04850247796525986
0.09345550462603569,-1.7597286833430088,-0.5166892961786971,-1.0623648871164153,-0.10177300037341937,-0.06254837208260537
0.1090314220637083,0.14425634558106132,-0.8365726777920113,0.4880404215727082,-0.6457640648369964,0.16053583569387864
0.5522998105734587,0.9766310032231577,-0.4994952585856187,0.13200610801509519,0.41085025546163734,-0.847818651415833
