time,pulse_channel_1,pulse_channel_2,pulse_channel_3,pulse_channel_4,pulse_channel_5
0.0,-0.6588905032227318,0.3133383523009892,-0.6588906002887881,0.7667215114030621,-1.6560200955858152e-07
2.414651870727539,0.796808126287641,0.3295635359094674,0.0760334824732263,-0.6563511837410297,0.41770751373309767
2.996915340423584,-0.0844092310848257,-0.4367708845532411,-1.187744031816863,-0.1818509469928906,-1.2553851010693882
3.579178810119629,0.062113650556377985,-0.8915795146797332,-0.3974536690974331,-0.10377623187864955,-0.9652216410914215
4.161442279815674,0.2906679700146277,-1.1992172491615616,-0.8104218230450496,0.34769143664721747,-0.09886911174250954
