time,pulse_channel_1,pulse_channel_2,pulse_channel_3,pulse_channel_4,pulse_channel_5
0.0,-1.4130099996149141,-1.437208733257579,-0.7047664112615922,0.05656953559796816,-0.12080706948621474
0.3326837122440338,-0.18184953835643441,0.1406975418954277,-0.5385306099629091,0.052424998329533755,-0.8260172429561496
0.6653674244880676,0.14533895325342772,-0.19021087826476674,-0.728795487836013,0.7440028079511847,-0.8618958138327317
0.9980511367321014,1.11400130168191,-1.1829241037392442,-0.5293394100328507,0.5255142087084803,-1.592782890555331
1.3307348489761353,1.0818680319135476,0.41346364564240834,-1.4061481398265285,0.22952416714776055,0.16946462814548824
1.663418561220169,0.4060643233242067,0.827491985616456,-0.49742454973840344,-1.813153610458516,0.004103453002759935
1.9961022734642029,1.0495666957865868,3.398373636411533,1.1528861555278267,0.11736281225671528,-0.39520807804999725
2.541715145111084,0.1286388250587507,-1.3611984380750768,0.4579447551694334,-0.0009639207870241822,0.128289940028581
