time,pulse_channel_1,pulse_channel_2
0.0,0.5296566736576447,-6.010012016820473e-07
