time,pulse_channel_1,pulse_channel_2
0.0,0.20954921111058952,-0.8005624837286607
0.16184133291244507,0.4324081574905031,-0.4608341311674753
0.32368266582489014,-0.8361546539316264,0.18715739769161
0.4855239987373352,-1.2088094979580777,-0.6845537171568685
0.6473653316497803,0.15226798447538456,-0.8106761110129693
