time,pulse_channel_1,pulse_channel_2,pulse_channel_3,pulse_channel_4,pulse_channel_5
0.0,-2.842936228301724,3.0134574182078575,-1.4874322552058485,-0.6548364537599043,-1.1028873005068034
0.677837073802948,0.4064229403074172,-1.1734607754980282,-1.1297862936242395,1.9641503453866844,1.0702723265343084
1.355674147605896,-0.16999077531516799,1.0369573987245853,-0.013178986851637972,0.6978790577709617,-2.177073814026637
2.033511221408844,-0.5025401517460719,-0.03448000977004836,0.09776098479819934,0.791667428521135,-0.6319702038658667
2.711348295211792,0.062066720791120696,-1.2536688838512557,-1.2328938830966845,-1.0504311909385289,-0.060290083225760564
3.320578694343567,-0.38689616213033373,1.8108560512956247,0.40829183599115615,-0.10356930138275296,0.33462661628642093
