time,pulse_channel_1,pulse_channel_2
0.0,0.9899399304349519,0.46633034076989
0.0666179358959198,1.093530948391637,-0.8499295454189667
0.1332358717918396,-0.2537276559612999,0.39655431039545336
0.1998538076877594,0.5513623888321434,-0.48456854310908554
0.2664717435836792,-0.06238197950294958,0.9935170328536207
0.333089679479599,0.17558889445191983,-0.4725200232677477
0.3997076153755188,0.33895082128242704,0.27605998312926444
0.4663255512714386,0.9906764050956659,-0.10080164962033555
