time,pulse_channel_1,pulse_channel_2,pulse_channel_3,pulse_channel_4,pulse_channel_5
0.0,-0.12604064395724143,0.9189304180068208,-0.33019825439968786,0.7412795225854975,0.897272101515259
0.34611600637435913,-0.859024172269857,0.362183864659149,-0.2374573000727363,-0.41348365324248776,-0.29611255547764276
0.6922320127487183,-0.5404144685487681,-1.1068992065662822,0.24011801543987896,0.04291498322027962,-0.5158988410209039
1.0383480191230774,-0.3776016010085057,0.5838337763844778,-0.6479370335175146,0.5421114165608888,-0.14700801416151105
1.3844640254974365,-0.06654499293169353,-0.007826745741854026,-1.2103507921205412,0.7848570013991133,-0.39433742927364257
2.5473943948745728,-0.3857112859454731,-0.33628854173653516,-1.029571528696383,-0.07821166495948707,-0.3096087036357383
