time,pulse_channel_1,pulse_channel_2
0.0,0.6788945496248343,0.7425827595638305
0.5661746263504028,0.43398658144565855,0.8207223675008518
1.1323492527008057,0.7625594540246012,-0.4840348936007632
1.6985238790512085,1.2594587582696306,-0.10273006505945372
2.2646985054016113,-0.3927889755889708,0.941104109404256
