time,pulse_channel_1,pulse_channel_2,pulse_channel_3,pulse_channel_4,pulse_channel_5
0.0,-0.9398937411347279,0.3022917256769712,-0.8092190503814417,-0.1586782911377516,0.627155575262512
0.3994625210762024,0.28687847733932964,-0.34165956428255434,-0.5905124975476931,1.0072865909533248,-0.21519491197094429
0.7989250421524048,0.0707992926215115,0.6710127698749616,-0.944096263299543,-0.43215787301240666,-0.8702875105984361
1.1983875632286072,-0.6183740966024159,0.6430803752450158,0.7845087532896615,0.41285979355978686,-0.8127329240743519
1.5978500843048096,1.1864154054772071,0.22945375201327495,-0.6892924531129897,-1.0566056444230851,1.1487116881286255
2.2319169640541077,-0.4575611616975653,-0.548065641148475,-0.39684057255923044,0.06389483877285314,-0.21543288653294004
2.8659838438034058,1.0712531022192404,0.26219577450437626,0.12066580649402822,0.3797540250177564,0.34292895979707655
