time,pulse_channel_1,pulse_channel_2,pulse_channel_3,pulse_channel_4,pulse_channel_5
0.0,-0.7525365373039621,0.6200728363719861,-1.058289050487599,-0.31360955894888176,0.6613007626347714
0.5225901007652283,-0.4633348015976461,0.5015282849481094,-0.8387452306792929,-0.22236696326895797,0.5108444222268315
1.0451802015304565,0.33688737835668925,-0.659100122892033,0.3103953312245796,-0.7196589523140685,0.042131157291003404
1.5677703022956848,0.7685320079477962,-0.9268990574648185,-0.07711570558447847,0.40978779684544986,0.8229486740965138
2.090360403060913,0.4139546111766144,0.6584756520181776,-0.1748002507981292,-1.0010911159240214,1.0000656546770126
3.03089040517807,0.7707407800411268,-0.9744970084460767,0.6568162151924806,-0.48144997769700604,0.05524331206218434
3.971420407295227,0.16315782882007362,-0.16357944449785894,0.28588645233828247,0.6998709964339817,0.5523700308122954
