time,pulse_channel_1,pulse_channel_2
0.0,0.2436706895634492,-0.1512273623342833
0.3791567385196686,-0.9223634440125104,0.6731045493232498
0.7583134770393372,0.41712946022479835,-0.18894683773907836
1.1374702155590057,0.04966627077556272,0.5893564362290848
1.5166269540786743,0.005291540126835688,0.5465531704107445
1.895783692598343,0.51532918003881,1.1577088484298823
2.2749404311180115,0.9404335182225236,-0.3576759478753368
