time,pulse_channel_1,pulse_channel_2,pulse_channel_3,pulse_channel_4,pulse_channel_5,pulse_channel_6,pulse_channel_7,pulse_channel_8
0.0,-0.5681580260091129,-1.0835094937511964,1.0991929307224075,-0.5681869114865119,0.3771401371197969,-0.36856696943863254,2.8222068273249093e-06,-1.5498040532103656
0.9331884384155273,-2.1747013739804673,-0.8258547319636566,-0.6415373834644655,-1.5647808784843489,0.12991149458521456,-0.8994137278355463,-6.055166086969358e-07,0.5442296053161585
1.8663768768310547,0.34511142731340405,-1.4480362911422187e-06,0.43994407217710124,-1.9279112209226847,-0.713295979220726,0.3057340284543356,0.5175477387566587,0.00016201973474447583
2.799565315246582,0.23851647631099449,-0.6215153876670827,-0.0335824737238228,-0.740357255632611,-0.04438814039269356,1.0412769615155852,-0.1867530999349763,-3.2137106514167767e-07
4.719286203384399,-0.2672894052688938,0.2699265579283715,0.5532266589575809,0.08430533159374326,-0.3809597577564969,0.25972419081154213,-0.7875679028419643,-0.5544523152190448
