time,pulse_channel_1,pulse_channel_2
0.0,0.89227813085146,-0.09284683716144795
0.4671002924442291,1.0983711973650505,-0.34730258381688384
0.9342005848884583,1.7082951781004625,-0.05451781448598086
1.4013008773326874,1.3130407545357996,0.5937126582522195
1.8684011697769165,-0.3466454660301095,-0.15836616921979188
