time,pulse_channel_1,pulse_channel_2
0.0,-0.8166199096095856,-0.6319402573250917
0.9779891967773438,-1.2665189672257182,0.0034298620307057614
1.9559783935546875,-0.5249291198808528,-0.8858220875260729
