time,pulse_channel_1,pulse_channel_2
0.0,0.6551225318584011,0.5522668177175284
0.4213547706604004,-0.17320781871550914,0.11058297274426387
0.8427095413208008,-0.017763984579167412,0.1809414182937986
1.2640643119812012,-0.85328166587231,-1.3124891944832753
