time,pulse_channel_1,pulse_channel_2
0.0,-1.095661424824849,-0.851494628474404
0.21226026117801666,-1.010078663861815,0.530407326163727
0.4245205223560333,0.6831604880340779,-1.0772568984673885
0.63678078353405,0.11053404015285387,-0.26739236214228557
0.8490410447120667,0.13793878402487914,0.5530071035393054
1.0613013058900833,-0.09208451018072045,-0.26152171427547694
