time,pulse_channel_1,pulse_channel_2,pulse_channel_3,pulse_channel_4,pulse_channel_5,pulse_channel_6,pulse_channel_7,pulse_channel_8
0.0,0.0828043650820443,-0.5635508769840883,0.36620228403830346,-0.19390959752310913,-0.425142832738131,-0.31417943630831696,0.43271341326544693,-9.459536505507493e-06
0.2682819962501526,-0.06162526645980652,0.8730458981174131,-0.4229656927767723,0.21579049746297224,0.06323421477703668,-0.434548807417639,0.8523393448492137,0.0001472304481671826
0.5365639925003052,-0.06029508128942692,-0.19207859397940455,-0.5351810107372039,-0.9960615183875569,-0.7958467319668742,-0.14665066757200199,-0.3627118305874784,-0.00015195114884184718
0.8048459887504578,-0.14075289498123003,0.27025646659540775,0.00020650568447910377,0.060655771435633825,-0.2987510585773686,-0.59946103486487,0.00035856121312026587,-0.15638788301636866
1.0731279850006104,-0.613152149116551,1.3781850630030557,-2.2366634208616354e-05,-0.5681177123075749,0.10155174497650352,0.20323150163348186,4.634516769643239e-05,-0.7957061371889504
1.341409981250763,-0.032759458947330344,0.2849276016572986,2.424395786511511,-0.30904811794315734,-0.01691578331435441,-0.17200310079269432,-0.06159245306117563,0.5386807749436046
1.8034605383872986,-0.9987033102346721,-0.048159732693375146,-0.8638664863274842,0.15504368943178487,1.0165611138050108,0.06432345470339966,0.2840740736014995,0.01522993528928556
2.2655110955238342,-1.0820994379205222,0.02174475506989288,-0.0015048137144419145,0.007811988946574667,-1.0249533764619134,1.0251171881689956,5.542768975377631e-06,-0.34659794900516094
2.72756165266037,-5.880504291004249e-06,-0.21675108503400115,-0.2705334075458332,-0.2705321136887138,1.0602445793799624,-3.877910028012121e-06,-4.954789155864762e-05,-6.051141300353626e-05
