time,pulse_channel_1,pulse_channel_2,pulse_channel_3,pulse_channel_4,pulse_channel_5
0.0,0.2474602910551665,0.7339092222769926,-0.12781952843342093,0.01460291742564485,0.366083290081423
1.2171368598937988,1.374584834561171,-1.0123352021294314,0.26443129586962183,0.2082285106543214,-0.5277269277714324
1.3968852758407593,-0.6350623082444614,-0.3726078379873,-0.8322214913991046,1.406995317823369,0.20127397203028075
1.5766336917877197,-0.017728764233395488,-1.4866799839177272,-0.3957230448288698,-0.5530482666395892,-0.4666051885987606
1.7563821077346802,-0.33545025446511895,-0.32812495395425106,0.7667122415121804,1.2135281952254025,-0.21992310779733665
