time,pulse_channel_1,pulse_channel_2
0.0,0.7390821922904398,0.0011405182304746618
0.9464641213417053,0.1064131282613707,-1.051989018202402
1.8929282426834106,0.05326033038597421,0.0007625502505678426
