time,pulse_channel_1,pulse_channel_2
0.0,0.6610904471921976,1.3883167708370079
0.22889062762260437,-0.45529572702582144,-0.7926664051524036
0.45778125524520874,0.9102318897992088,1.0596634541397887
0.6866718828678131,0.5512191720872196,0.9789771333876398
0.9155625104904175,0.8773384628109953,-0.15951917601881072
1.1444531381130219,-1.0600034676813432,-0.7449153565470027
1.3733437657356262,-0.45126848543944265,0.3596054646114048
1.6022343933582306,-0.7818386001823924,-0.9327902182932798
1.831125020980835,0.031112933242556817,-0.586442416729737
