time,pulse_channel_1,pulse_channel_2,pulse_channel_3,pulse_channel_4,pulse_channel_5
0.0,-0.11200506987417344,0.5943107780970106,-0.031724138983868416,-1.2617446189407626,-1.0007146989045732
0.6327955722808838,-0.10427959270897008,-0.2483481094494337,-0.6807381468263105,1.030406512446866,-0.21660177179693918
1.2655911445617676,0.5148375769098792,-0.40532804841201464,0.5770581082632287,-0.0925432546307732,-0.46523274186950414
1.8983867168426514,-0.20616067322681916,0.4670196528181207,-0.9753801975597354,-1.2847551266272998,0.1411127195015593
2.531182289123535,0.4929801470319332,-0.4939543498686816,0.1331002512318503,0.30744604416251464,-0.12018471715934533
2.8331668972969055,0.4237124063462415,0.13376816553243162,0.8922986943026805,-0.109030251060727,0.2657661332976089
3.135151505470276,0.9802099774676538,-0.4353434205836607,0.31689624985028453,-0.1636872350640279,-1.046671977794062
3.4371361136436462,-0.24248669845159593,0.699061336117301,0.2763241768120978,0.04236725958605535,-0.2897626531748676
3.7391207218170166,-0.8180183405196614,0.7876310563867566,0.08118273955061679,-0.11733618879935429,-1.4274078643197352
