time,pulse_channel_1,pulse_channel_2
0.0,-0.6148867631535374,-0.4106894572048647
0.03366895392537117,-1.9391355668046393,0.4264246265871793
0.06733790785074234,-0.3860561177945606,1.0041988902369765
0.10100686177611351,-0.8787878995303247,-0.6798999624986932
0.13467581570148468,-1.7383167645017106,-0.5978345358684767
0.16834476962685585,-1.9030856999222552,0.22384020188355377
0.20201372355222702,-0.05223040757158985,0.24544923435813665
