time,pulse_channel_1,pulse_channel_2
0.0,0.8943247030881109,-0.9979045058274219
0.4548179805278778,-0.34357895793541177,-0.09777410137846797
0.9096359610557556,0.058100704457596915,0.5195365097636754
1.3644539415836334,0.995763777920861,-1.6204919309592922
1.8192719221115112,-0.9136849667697724,-1.2145513922606122
2.274089902639389,-0.6081430875046607,0.18659024186107687
