time,pulse_channel_1,pulse_channel_2
0.0,-0.8399261509817358,-0.18767893543146533
0.020800326019525528,-2.0273025201576123,-0.8388647451161872
0.041600652039051056,-1.4228835848583157,-0.2939458456076158
0.062400978058576584,-0.9108165947310685,0.831426833458552
0.08320130407810211,-1.0012971902281769,0.13576549175019734
0.10400163009762764,-2.369265215197506,0.21173965024791452
0.12480195611715317,-1.1918356103983883,-0.43637022849080664
0.1456022821366787,-2.3177550217525846,-0.6000347935605352
