time,pulse_channel_1,pulse_channel_2,pulse_channel_3,pulse_channel_4,pulse_channel_5,pulse_channel_6,pulse_channel_7,pulse_channel_8
0.0,0.240142870776993,-0.06168028786323176,-0.0007951271286831781,0.24015205307828008,-0.01675243106845112,0.24346095519038508,-0.0001721595436407347,-1.237670814063784
2.2083587646484375,0.06418578659929416,1.1694676857484547,0.9952544976655741,-0.8487256672496731,-1.0733721812804264,-0.3298425794082959,-0.8169854684979511,-0.8477894019563953
3.9850072860717773,5.19587951370256e-07,-0.10266243755105424,0.4925004454889384,-1.196072150223782,-1.4033936936770997,-6.181084882437468e-07,1.4872600125457473e-07,3.195991706431136e-06
