time,pulse_channel_1,pulse_channel_2
0.0,-0.8024264581041751,-0.3891584955807766
0.4061893820762634,0.05292310416405936,0.9040960046764488
0.8123787641525269,-0.06036820080681188,0.10131064016861496
1.2185681462287903,0.07693057050817445,1.1118827510890255
1.6247575283050537,1.0105206898231553,0.7838502649268604
2.030946910381317,-0.6651003839309589,-0.6369527941809316
2.4371362924575806,1.4076615167646278,0.08035936454514471
