time,pulse_channel_1,pulse_channel_2
0.0,0.45189399114585227,-0.6035758881886407
0.6631325483322144,-1.1309957336914909,5.662337589451376e-07
