time,pulse_channel_1,pulse_channel_2
0.0,0.349650453010008,-2.856728315166205e-07
0.4090712368488312,0.26149021146061213,-9.20639048620363e-09
