time,pulse_channel_1,pulse_channel_2,pulse_channel_3,pulse_channel_4,pulse_channel_5
0.0,1.18466561838541,-0.544947857078182,-0.5444015408393748,0.040092830840849344,-0.29760191971152344
0.9268239140510559,-0.9445399946301056,0.31517054797891203,-0.5970917720585818,-0.0923692262811605,0.6401797691680217
1.8536478281021118,-0.6803962081595002,0.33751342005843976,0.2936476789086254,-1.1114437306070553,-0.5615634516650476
2.036673530936241,0.8630345692547361,0.8796840287960357,-0.20898425993474484,-0.6185885383063973,1.1193706469632818
2.2196992337703705,0.7428548363177304,-0.7558367974156937,-1.148583004086506,0.2556621224406173,-1.0308181912817225
2.4027249366045,0.020650882413415186,-0.2935474181539824,-0.2624327989342767,-0.35448380817775677,-0.6585865184307992
2.585750639438629,-0.07322148259572984,0.05626091088644834,1.3833193008940847,-1.1143241945661269,-0.8234225544933178
