time,pulse_channel_1,pulse_channel_2,pulse_channel_3,pulse_channel_4,pulse_channel_5
0.0,1.1286115283048939,-0.9323798062926998,1.1294135559110503,-0.8753010303997418,-0.00017234117051957907
0.7803948521614075,2.2168959044979157,0.9599951872202298,0.015858603087675997,-0.13975288049682805,-0.32483153128954795
1.560789704322815,-0.028204843714069144,-0.1011937491244578,-0.6103498413685042,1.2492966210123058,-0.22116908186143958
2.3411845564842224,0.8848147289118711,-1.2340533629529928,1.4210474194054414,-0.09478925526581611,0.2955458358291575
