time,pulse_channel_1,pulse_channel_2
0.0,1.0137854856931259,0.24902117292935988
0.24457338452339172,0.004797728883232017,0.5736845025690187
0.48914676904678345,0.9850086523105623,-0.011357151571842587
0.7337201535701752,-1.09048047911304,-0.8344463814999018
0.9782935380935669,-0.909789389758715,0.9805204513683384
