time,pulse_channel_1,pulse_channel_2,pulse_channel_3,pulse_channel_4,pulse_channel_5
0.0,1.007920350928585,-0.7847865713947773,-8.88563350248935,-0.5298112031850799,-2.298934232020423
1.9675346612930298,0.777513085315722,-1.0487980557818901,-0.8972541560684176,-0.08579407056536817,-0.5369704301239516
