time,pulse_channel_1,pulse_channel_2
0.0,0.3682477573112838,-2.0904423736404173e-07
0.6788907647132874,0.5532370281434837,-0.486162501903943
