time,pulse_channel_1,pulse_channel_2
0.0,0.5136105605213696,-0.4073266457786558
0.28702497482299805,-0.9338587175126412,0.24217148518596993
0.5740499496459961,0.44708219304123287,-0.979274643499062
0.8610749244689941,0.6762495594530781,-0.4916908505635547
1.1480998992919922,0.17577977845849077,-0.6447912669200028
1.4351248741149902,0.38981352770326994,0.13572675133978093
1.7221498489379883,-0.5236050300175507,-0.39968393496077353
2.0091748237609863,-0.4909675365034581,0.9556762239251091
2.2961997985839844,-0.7609474772747927,-0.6318136620140703
