time,pulse_channel_1,pulse_channel_2
0.0,-1.2216179633784847,0.3314925823363598
1.185028076171875,-1.4767546754951124,9.56356579512427e-06
