time,pulse_channel_1,pulse_channel_2
0.0,1.2223006858130314,0.5960725198529121
0.08491549640893936,0.6624565248031049,-1.006558630113577
0.16983099281787872,0.06410291275141347,0.4870831753733774
0.2547464892268181,0.5866920415009178,0.23837684630260447
0.33966198563575745,0.4937950006080976,0.14115712360226612
