time,pulse_channel_1,pulse_channel_2
0.0,0.7005011204028776,0.6041418566993977
0.2440161108970642,0.1976989229327273,1.1564437788497128
0.4880322217941284,-0.8786159528757773,-0.6928315862382421
