time,pulse_channel_1,pulse_channel_2
0.0,0.03103529646177982,0.2708388041846168
0.07603294402360916,-1.410775811250911,0.23838288741402855
0.15206588804721832,-0.28782029090946765,-0.2797747980562923
0.22809883207082748,-0.32398957000538786,0.3358456041852021
0.30413177609443665,-0.8168314579434982,-0.4562623434578687
0.3801647201180458,-0.5019046593700242,0.6728539583869247
