time,pulse_channel_1,pulse_channel_2
0.0,0.1605398801411785,-0.7421171312858054
0.1533714085817337,-0.07390305649478823,0.1846606945036184
0.3067428171634674,-0.351295067416675,0.5649344306252233
0.4601142257452011,-0.9011871524824873,-0.5365213600633799
0.6134856343269348,-0.8075350524314326,0.6085854168997099
0.7668570429086685,0.22604144167915238,-0.6926391501852376
