time,pulse_channel_1,pulse_channel_2,pulse_channel_3,pulse_channel_4,pulse_channel_5
0.0,-1.381026219846468,-4.2015658142943474e-05,0.9462680126388374,-1.3050257378375585,0.7320289466621634
0.11066387593746185,0.9496737755639533,1.364241043035297e-05,0.4162791767784053,-0.45274803107410555,-0.09933790527949667
0.2213277518749237,1.0072784103485473,2.7154705750140638e-05,-0.38538998648366857,-0.2059235392395639,1.6624838363278134
0.33199162781238556,-0.5602355639889726,4.0320766528365934e-05,0.15923118817204532,-0.1080127891172862,1.007377705993147
0.4426555037498474,-0.8382247433419555,0.19354905511585427,-0.9259897323785148,-0.34581022491479424,-0.6558709798435567
0.9720412492752075,-1.22614822850937,0.2833608471422236,0.39606947826033595,0.7083322398495754,-1.1751171334920216
1.5014269948005676,-0.6405705771672254,0.36486203278407014,-0.8675300757451172,0.3909919418438247,0.006114084394458091
2.0308127403259277,0.7365495822522906,-1.1776995044377838,0.7160674431678377,-0.8753783937874561,0.5384090671638644
2.560198485851288,0.43676153304567117,0.34436510252622593,-0.9125746740520265,0.9092024333777635,0.24617544857593754
