time,pulse_channel_1,pulse_channel_2
0.0,0.22946300946269502,6.074616862987941e-08
1.0894982814788818,-0.6742013287560773,0.6228217737651525
