time,pulse_channel_1,pulse_channel_2
0.0,1.3121319548674064,-0.0702938509035427
0.06821119040250778,-0.25469865530690283,-0.5619516632669319
0.13642238080501556,0.6744445325748273,0.23617882542670063
0.20463357120752335,0.6377198856607401,0.31298890689157005
0.27284476161003113,0.04664580735466781,0.15661813190957213
0.3410559520125389,0.2967367369702583,0.03666863812896221
0.4092671424150467,1.009477049463395,-0.4592538271932587
