time,pulse_channel_1,pulse_channel_2,pulse_channel_3,pulse_channel_4,pulse_channel_5,pulse_channel_6,pulse_channel_7,pulse_channel_8
0.0,-0.0001582224075395927,-0.00014820834897232962,1.7216455040515706e-06,-1.0798745369624536,1.0711411517030403,0.008731561192151039,0.1484804271309207,0.09764787093652953
0.9173334836959839,-0.578122710767214,-1.0718280565926892,-1.0789977648069,-0.5781219314195704,0.47683559843513407,-0.4556009334233852,-9.426904592511801e-07,-0.8400126212873799
1.8346669673919678,1.0286767947188111,-0.44634503161161626,-0.46335479580627065,0.455976013886539,-0.25780011721572516,-0.8875702600032387,-0.5372954503819275,-0.4483749638055355
2.212134450674057,-0.3124500929121009,1.0086714927871285,0.4325600585406332,0.19828398466444147,0.28976203718723764,0.2144795256865037,-1.0374729197716264,-0.6718142936225715
2.5896019339561462,0.5726986477182014,0.7889741776099387,-0.204739721502815,-0.8406870352272247,0.24711552152573715,0.855954680326343,-0.6283403838636836,0.7766986044560719
2.9670694172382355,0.3013306280919972,-1.1055681007663096,-1.1965875117184843,-0.364393275542615,-0.03904127181619131,-0.1395951887163435,0.6494241596956561,-0.9957651085788702
3.3445369005203247,-0.5001177675783692,0.41511824561386035,-1.2673433863193646,-0.2096306968440517,0.6541552594524042,-0.14758388509285697,0.4104846261697222,1.021178680388188
3.722004383802414,0.2691065227039297,-0.5772541640167157,-0.1044054126903758,0.5785172437460314,0.05603220008397866,-0.4581174420136941,-0.795636519021157,0.1366349699416361
