time,pulse_channel_1,pulse_channel_2,pulse_channel_3,pulse_channel_4,pulse_channel_5,pulse_channel_6,pulse_channel_7,pulse_channel_8
0.0,1.2409436834578789,-0.6935072923514377,0.5321216082605661,-0.9460737605151484,-0.03660905511975031,-0.33869779525010685,-0.3747924724310615,0.7664480981103581
0.22602100670337677,0.9982314215284454,0.7792736652393246,1.147393541044104,0.47344541239255944,0.425924303926049,-0.5109767323272011,1.1126615024518383,-0.6450335737774019
0.45204201340675354,-0.1039874728685374,1.0985693143111828,-1.1532104748475638,-0.5548590224074655,-0.1461039311561437,-1.3618163870882605,0.49145542263605,0.42245422953711936
0.6780630201101303,-1.6433705553542608,-1.5145773178255153,0.7602868973106417,-0.5635644760255348,0.4790330952277466,1.2025025609751803,0.44469061751478317,1.6400738498852308
0.9040840268135071,0.3287401865498158,0.12932800359656613,-0.47256395739786083,-0.09042644537051583,0.9644144250044956,0.5798330102550544,-0.9559211371259312,-0.760691687655395
1.1301050335168839,0.40402167994691923,0.9268329607087574,-0.46851150817250187,2.6609876726332606,0.1512135790182475,0.6509374970224256,-0.6612889147769841,7.49489943683928e-06
1.317737266421318,1.1114332778795437,-0.24559378487688013,0.46850688249670247,-1.42205987540929,-0.47850786320460265,-0.6509376288018668,0.8954395611668398,-8.032683193353765e-06
1.5053694993257523,3.962578331828208e-05,-0.0010055694016559216,2.051645667880938,-0.8829314822174043,1.6534774504164997,-0.0002233760287519596,-0.4093865569805962,1.603789396503776e-05
1.6930017322301865,-8.276434963459276e-05,-0.0005394682072749619,1.2793264314354205,1.6135639462314681,0.9468832884740256,-9.03250027865889e-05,6.227303631551585e-05,3.5290995873612944e-06
