time,pulse_channel_1,pulse_channel_2,pulse_channel_3,pulse_channel_4,pulse_channel_5,pulse_channel_6,pulse_channel_7,pulse_channel_8
0.0,-1.001767580648043,-0.5641896710889764,-0.8186289721079409,0.8387646088578702,-0.4580379722554445,-0.5827307294752632,0.8643201830854325,0.5359873277330957
0.669182538986206,1.29414511126804,-0.1288306645396338,0.17158628347817165,0.3372797448795994,0.0010649889658508715,0.7856978591963668,0.1872336474193194,0.2023460556200836
1.338365077972412,0.07044644670459435,-0.4193280875275108,1.061413912038553,1.152161261214538,-0.06884276045866229,-1.3370635220820548,-0.5589562223544962,-0.6866750497732363
2.007547616958618,0.41623291729393863,0.3058499520986786,0.9837901042761087,0.1899715633978059,-1.3251837892481515,0.638209828668015,0.5022097617864885,-0.1198046127343306
2.676730155944824,-0.6551207094796321,0.35904837787887317,-1.2927588290811018,1.1510590670150114,1.4708339994276212,-1.625591131830369,1.0152560777982198,0.7555343578327219
4.8891825675964355,-1.0938529659388476,-0.1651788787215427,-1.0030032349355922,1.057605834144589,-0.5652364832528461,0.1261284930793583,-1.0685866036346774,-0.5613834503271655
