time,pulse_channel_1,pulse_channel_2,pulse_channel_3,pulse_channel_4,pulse_channel_5
0.0,1.0848994975849238,-0.5359365879625256,-0.6439332094798825,-0.2538892614957743,-0.5078352675873893
0.2640816867351532,0.6652874310714405,0.021344425698532978,0.6977413305543891,-0.012386423390628449,-0.011877928034716882
0.5281633734703064,-1.2114585667934348,-0.5274416499723921,0.39898108118536235,0.23241300005621301,0.5260870040535327
0.7922450602054596,-0.17767152487097118,2.362550550357829,1.6177466126905697,0.43117686018998624,-0.15871519364954542
0.8270042687654495,2.4804120982238635,0.9913039455112646,3.228669637324637,2.2982408683297377,4.847398289234296
0.8617634773254395,-8.092763028659178,-1.0523515638351226,2.005817088915157,-2.6692826467119293,-5.647720868908692
0.8965226858854294,4.445759381782441,1.2418966188107168,-0.13169906722953834,-1.9372610850650662,1.2762767837909759
