time,pulse_channel_1,pulse_channel_2,pulse_channel_3,pulse_channel_4,pulse_channel_5
0.0,1.0325640261700002e-05,-0.8311271739225891,-2.297075074172016e-05,-3.180066818795766e-05,0.6175068225021572
0.2858086824417114,-0.5985167809628505,-1.0663451649178017,0.13505134002048153,0.7528332822720036,0.8458008624209211
0.6226233541965485,-0.27009019535235496,0.22498812497316717,-0.6006945391483857,-0.7787881926138372,-0.21470310198829184
0.9594380259513855,-0.1217701974754222,-0.4894677786953859,-0.6406377838130447,0.1846464618179263,-0.7603006564021142
1.2962526977062225,0.6716221778547227,0.39357298944928976,-0.9383965701632289,-0.8233349417322956,0.24188530475574782
