time,pulse_channel_1,pulse_channel_2
0.0,-1.4616764171241556,0.6852168104739185
0.035766828805208206,0.02662874678124641,-0.6705726169833408
0.07153365761041641,-0.9735307852025953,-0.2741136736283163
0.10730048641562462,-1.0913124165439005,-0.10408449112398377
0.14306731522083282,-0.6757784868397093,-0.033149603367683834
0.17883414402604103,-0.34179768940411703,0.952774254605268
0.21460097283124924,-1.2924847861086237,-0.4365587172035875
0.25036780163645744,-1.2529957770199893,-0.15857440857348792
