time,pulse_channel_1,pulse_channel_2
0.0,-0.4258988769849677,0.652043924325119
0.2413308471441269,0.9728559438255033,-0.6599598452273308
0.4826616942882538,0.5833041899057105,0.44735223288762804
0.7239925414323807,0.16346199573180806,-0.22909367796612687
