time,pulse_channel_1,pulse_channel_2
0.0,0.2603020304975465,0.1661559494371107
0.383061021566391,-0.6304429594306188,-0.5988262073029461
0.766122043132782,-1.1405972418867336,-0.18961112692938434
1.149183064699173,-0.5811197168202951,-0.934879789494622
1.532244086265564,0.3867773928288853,-0.7608998866525505
1.915305107831955,-0.5949633784806933,-0.45369517451121716
2.298366129398346,-0.20481776153550735,-0.8637795083284486
