time,pulse_channel_1,pulse_channel_2,pulse_channel_3,pulse_channel_4,pulse_channel_5
0.0,-0.3221912900849143,0.40433477724524436,-0.7467031121719565,0.8738267604826213,-0.08851776288976393
0.4414042532444,-0.9200225013566221,-0.6415892161032098,0.48642630841669143,0.8136138422413356,1.1345205158724074
0.8828085064888,-0.5813847319137951,-0.7978257342994852,0.7419983791676013,0.3758619770299442,0.5648843168400892
1.3242127597332,-0.5578994807282996,-0.2287561540501348,-0.6403580764533756,1.3061532786407308,0.10799541871961268
1.7656170129776,-0.8237748017510502,0.763867636088845,1.0865876488108304,0.30486864737452785,-0.7099105522543016
2.712610960006714,-0.3217396251475464,-0.00028138865942454295,0.56236392414825,-1.1279773221761937,-0.9822845934641709
