time,pulse_channel_1,pulse_channel_2
0.0,0.5584185131399653,-0.10194167881702948
0.24162600934505463,0.15983080627286758,-0.15402513660883582
0.48325201869010925,0.2843195771391602,-0.30524676751481894
0.7248780280351639,0.25311833622269314,0.6609427516325502
0.9665040373802185,-0.23016612679393592,-0.10572932999063715
1.2081300467252731,0.04108358192180911,-0.08540328584272662
1.4497560560703278,0.7731035851512151,-0.06329615215675802
1.6913820654153824,-0.5768483825854692,-0.5381875016482566
