time,pulse_channel_1,pulse_channel_2
0.0,1.7539300408251415,-2.6652471772468803e-08
0.06910886615514755,1.8635477647020042,2.2954401477789325e-06
