time,pulse_channel_1,pulse_channel_2,pulse_channel_3,pulse_channel_4,pulse_channel_5,pulse_channel_6,pulse_channel_7,pulse_channel_8
0.0,-1.615476145220678,-0.7470163226975047,1.2056395534851914,-1.5922643133574885,0.24494823125329843,-1.7179142649257795,-0.1294014126499075,-1.1143569548590125e-06
2.8588294982910156,-0.31994619255609275,-0.008099730911130816,1.428168384331756,-0.6660392648266502,-0.13687174133702898,-0.006890819983169894,-0.3342420211803811,-0.3273245043051312
3.725694477558136,0.39819375067502394,1.3024116638834198,0.3197740702654909,-1.4289276956571262,-0.5030508244978628,0.5667773102108704,1.0003648541435823,0.9511859484893131
4.592559456825256,-0.04685172409739704,-2.1261689961189094,-1.4895376657292283,-0.09919751552239564,0.028277240619885912,-0.0921258435763807,-0.0548092500057024,-0.2812817496968287
5.459424436092377,-1.1294675601317055,-0.6134803459618409,0.8338916269907459,-0.7601676011630648,0.5605895715939938,1.0625793524446365,-0.5202933321035837,-0.4442455601474359
6.326289415359497,0.6881022808004024,-0.2950035032281547,-0.4588112654641601,-0.4783299238880617,-0.10410791184359983,0.2729986909334202,-0.8360409724220608,0.6473328309556164
7.193154394626617,0.4087468725513866,0.2880410976510538,0.3756225483113127,0.3307866588985963,-0.4985147468470784,0.12631139651709586,0.19475235723226372,-0.3604884577919537
