time,pulse_channel_1,pulse_channel_2,pulse_channel_3,pulse_channel_4,pulse_channel_5,pulse_channel_6,pulse_channel_7,pulse_channel_8
0.0,-0.38715173279444354,-0.7511279543403045,-0.4294563334299719,-0.387155466718723,0.7968614401740406,-0.4883191626726652,1.4956084823865544e-05,8.307331630121085e-06
0.4565955698490143,0.6144330921461656,-1.2064870781373802,0.42945525430710363,0.19152462544764967,0.7384835823309173,0.4883197577577936,0.6642487324746453,4.4634351569109953e-07
0.9131911396980286,0.5141212074388775,-1.0169643435545535,-0.9126189782914801,-0.21094124428396296,-0.4068126550745362,-0.2757767580900009,0.4869395760786155,-0.5727099959274566
1.9392675757408142,0.838008213988197,0.35288682128180954,0.37818735801555026,1.3325803616269052,0.21138722098756585,-0.9037162758705678,-0.5999505322460444,-0.024502662302571893
2.9653440117836,1.3343504900574366,-0.9410148629743792,0.4726061562017796,1.1728112294674626,-0.36416287959250915,-1.6050026984140453,1.2485134735277166,1.6413113373743642
3.9914204478263855,-0.05984849122876547,0.6106413187321834,-0.13313767021519202,-0.3675686327136899,-0.27094441100834515,-0.07297588537253089,-0.009810387055452405,0.2801961220466631
