time,pulse_channel_1,pulse_channel_2,pulse_channel_3,pulse_channel_4,pulse_channel_5
0.0,0.776343670963007,-1.3374370520644427,0.3330933632471358,-0.2567814529532475,0.7334310823482926
1.4043947458267212,-0.37762185375316853,0.4822858284221614,-0.3776224401358658,0.5238476129322315,-2.899866042387433e-07
2.8087894916534424,0.22403969907995183,0.765555226861961,-0.5383444555364907,-0.451704115725044,-0.8029763631228061
3.0972326695919037,-0.9765538390058498,-0.564405166143508,0.08241419989875534,-0.657634517195979,0.9434739988064452
3.385675847530365,0.27916820664278486,0.7790808735023668,0.20524580807631132,0.7638152116499884,0.3655841485942763
3.6741190254688263,-0.4880507524505618,0.2707152315049326,0.9722085074891196,-0.782035576432138,0.12886629276658432
3.9625622034072876,-0.5794082486818607,0.41191414256982584,-0.7620643792111335,-0.008448268333781803,-0.013628613777385586
4.251005381345749,-0.7544994188415468,-0.052325772749043334,-0.6045615847356841,0.38120790454876013,0.4400347536932372
