time,pulse_channel_1,pulse_channel_2,pulse_channel_3,pulse_channel_4,pulse_channel_5
0.0,-0.39198038186165746,0.7784938838529981,-0.015320679731231416,-0.16579268753974985,0.3569197609709101
0.3363923728466034,0.2766553217072207,-0.6754135966076039,0.7869708805644282,0.9998421450626035,0.6718220732599555
0.6727847456932068,0.033750388076408004,-0.015651720661931278,0.8601443995548719,0.38082625555972355,-0.45571447303693396
1.0091771185398102,-0.37916070784881845,-0.4898927263530932,1.0773569775666358,-0.8535415516400514,-0.6789399525387529
1.3455694913864136,-0.26762564712863757,0.35360642375012774,0.5476681784388792,-0.5124841004670465,-0.0182816090774414
1.681961864233017,0.9560807163042577,-0.8078924755752671,0.9364147423166429,-0.42805397282101243,1.0596925566561357
2.0183542370796204,-0.41202264294980506,-2.556026541859342,0.4817795421365606,0.09196342302358644,0.406176809082711
2.5491795539855957,0.0013558799464141059,0.8605214029347177,-0.4713447512121927,-0.3875118548712476,-0.007970046549595062
