time,pulse_channel_1,pulse_channel_2,pulse_channel_3,pulse_channel_4,pulse_channel_5
0.0,0.0001977343148686342,4.238110215141185,-7.880100086513798e-05,8.986638791312244e-07,-2.4469720113809603
0.10216739773750305,-1.203099458913049,0.7797791172262849,2.131072719783716,-3.1953658191929166e-06,-5.600473346673169e-05
0.2043347954750061,2.3575909646121844,-3.2266085313652937,-0.6561547713080805,-1.3244955552838297e-05,4.1838813548835295e-05
0.30650219321250916,-2.9689464397802765,-1.4875364667950304,-1.1719327696541795,-0.2595807820150127,-0.7362526811890547
0.3749353066086769,3.674814049612945,-0.6095239006013762,-0.20420800276358733,1.0554071009067927,2.449338700931607
0.44336842000484467,0.41442469603541005,-0.4457339711787388,-0.8524319961649142,-1.847073634083196,1.4973283983249515
0.5118015334010124,-2.2766000269740854,0.4142695408816541,-1.6989410058658339,1.1069290255485718,-2.290018257079302
