time,pulse_channel_1,pulse_channel_2
0.0,-0.8408004393700248,-1.010561353853847
0.15857943892478943,-1.2034096859768033,-0.532354977164286
0.31715887784957886,0.6233263101855184,0.6958074099805343
0.4757383167743683,0.547362565480111,-0.8668420519178899
0.6343177556991577,-0.9464120752591114,-1.1486407815552042
0.7928971946239471,-0.8613985058225062,-0.07911435828683609
