time,pulse_channel_1,pulse_channel_2
0.0,0.13599804481209285,0.0640618682859451
0.2357148826122284,-0.3501723581054603,0.6238687591655898
0.4714297652244568,0.41699227390501953,-0.529653294268369
0.7071446478366852,-0.6055574929868072,0.6746636833507962
0.9428595304489136,-0.12949890114790313,-0.6995973392904637
1.178574413061142,0.34601183638341204,-0.0834404441602726
1.4142892956733704,0.9313253749842639,-0.6488088708474317
1.6500041782855988,-0.10771901328228906,0.4374623499799125
