time,pulse_channel_1,pulse_channel_2
0.0,-0.157407446083061,0.12630112938643587
0.3726208209991455,0.573331465990461,-0.3275055552581174
0.745241641998291,0.28952260559938187,-0.32001231677979014
1.1178624629974365,-0.5863445016714267,0.05226519350149954
1.490483283996582,0.6055943328226006,-1.2974168887318247
1.8631041049957275,1.0942175266590002,-0.7374966014267651
2.235724925994873,-0.5900379024928906,-0.6850220421803652
