time,pulse_channel_1,pulse_channel_2,pulse_channel_3,pulse_channel_4,pulse_channel_5,pulse_channel_6,pulse_channel_7,pulse_channel_8
0.0,0.5550072654259347,0.0019145898407572008,-0.1848133125553948,-0.15177005944852337,-0.07237333845590684,1.0822039867364228,0.03865340912803948,0.10362435118789264
0.4193859100341797,-1.0435714618736176,0.00015673027642699842,0.12695463763955467,0.0009338639765523168,0.7992588472578053,1.2718580876849193,-0.8177829544530529,0.9676627881968308
0.8387718200683594,-0.7438305471710448,0.7056684192951217,-0.580869460377366,0.5175544445136927,-0.31651104723674633,-0.04586117240980729,0.0001467259039493523,-0.28602071722909383
1.258157730102539,0.7236883126979787,-0.4760503456844104,0.21096811586135755,0.5552682364529641,0.04598740569908439,0.5489279462926028,2.595179634375893e-05,-0.2963249401372321
1.6775436401367188,-0.3046587318769318,0.7398862709652466,1.042797356902553,0.061600226786542214,0.18748700378268596,-0.48218790243428483,-0.00010709216975804842,0.5667918013664248
2.0969295501708984,-0.5519520219742228,0.00022517011899432808,-0.6219970668583262,1.1645776760708137,-0.48480669051132635,0.2712882504892659,0.817810796654741,-0.20175283130728305
2.516315460205078,-0.23410226666970552,0.8191465987755722,0.21521893529051966,0.2064710291607008,-0.6974872587249084,-0.9743165845363081,-0.00015886368006762057,0.836786493293785
2.935701370239258,0.8255400244678632,-0.9644763439897959,-0.5721066910466007,0.22981488154902477,-0.8664476068731563,0.9679247200325052,-0.4184054731580228,-1.4820704969781345e-09
3.825096547603607,-0.4460217242309423,-1.4449363920454752,0.015298522426777865,-0.9978759706208777,0.4617997063832552,0.004802970432771329,-0.26884395705469083,-0.13984090314522862
