time,pulse_channel_1,pulse_channel_2,pulse_channel_3,pulse_channel_4,pulse_channel_5,pulse_channel_6,pulse_channel_7,pulse_channel_8
0.0,-0.6475551346259826,-1.1599758536259939,0.599513443607036,0.2999168622092072,0.24729657517757192,0.006257155491466527,0.1547566075828862,-0.3659637921722324
0.882296085357666,0.10313726758859566,0.42490439644266104,0.5274436980167039,-0.1638698690769642,0.1364179168574513,-0.542943530333584,-0.6245909531074721,0.9401250723507428
1.764592170715332,-0.09907104224323088,-1.0268404115293335,0.04340467404592742,0.08561296914683128,-0.3606457687161572,0.6075405269253945,0.23545144078494398,-0.9287759314550358
2.646888256072998,0.8006867131408457,-0.8551651407920571,-0.41246994587444014,0.7368164392990163,-0.18229205160344736,-0.05701896896641745,-0.14148551610297613,-0.32727827043605406
3.279015362262726,-0.06534291614913063,-0.5648033563716095,0.015363658676165399,-0.9882680379593876,0.6211660692973021,-1.0939629266243787,0.4119094738238348,0.48217590918622283
3.9111424684524536,0.4256524293760679,0.033951341060238054,0.03175356383090499,-0.3377784258573106,1.0601191074466492,-0.9027570658371099,-0.438487407233672,-0.6276489967503918
4.543269574642181,-0.4993249129563799,-0.7681904745677417,0.04197789636202527,0.6182183655632906,-0.2141370724211904,0.2716722749270199,-0.5474475470792929,-0.33048461272593715
5.175396680831909,-0.28611180670188563,-0.18823479908850746,0.5487286883801034,0.09324478218460241,0.38101157242897143,0.39602088145081726,0.266415831514263,0.28238522268624516
5.807523787021637,-0.1581284644011572,0.4292957355619242,-0.3224521021752945,-0.29731032184806844,0.20861441345936635,0.7284786352195476,0.958347701758548,-0.7898915356882725
