time,pulse_channel_1,pulse_channel_2
0.0,-0.33785112336815976,-0.8143812018428962
0.32864251732826233,-0.13811765031831982,0.14675932737084046
0.6572850346565247,-0.4228988814680671,0.2098170784894098
0.985927551984787,0.271747096364839,0.9990313659713302
1.3145700693130493,0.08178541251722816,-0.31120930373614486
