time,pulse_channel_1,pulse_channel_2
0.0,0.2971938649085407,0.38979940750358966
0.23046758770942688,-0.581424801579095,-0.4164961413141707
0.46093517541885376,0.6237699127407165,-0.04971606428078745
0.6914027631282806,0.6754911317116423,-0.17529085168324035
