time,pulse_channel_1,pulse_channel_2,pulse_channel_3,pulse_channel_4,pulse_channel_5
0.0,0.8193807663648892,-0.8055270844262757,0.3359993652161702,-0.46083134258580594,0.5723023343532357
0.27749115228652954,-0.6347486700736548,-0.7238674291978707,1.1299130479422086,-0.5930388400501385,-0.1505870354573211
0.5549823045730591,-0.6280232051300035,-0.04368470575075054,0.15562614825349164,-0.6090770396605907,-0.6726147166201393
0.8324734568595886,0.2918609175944188,0.05960914957244098,0.6210535271872298,0.28625494175224625,-0.04948354563609587
1.1099646091461182,0.559344783653199,0.3818482840777431,0.3329599381914191,-0.25136779417278327,0.5442630763993154
1.3874557614326477,-1.627772185494943,-0.42376331373146897,-1.255716381975562,-0.23151875524561205,0.6585682845571532
1.5712129175662994,0.5093292011583557,2.377447305118931,1.419057262227781,-0.2330635178212022,0.43491504904350836
