time,pulse_channel_1,pulse_channel_2,pulse_channel_3,pulse_channel_4,pulse_channel_5
0.0,-0.9904149774045599,0.01875032018837094,-0.5005186942719667,-0.6323078366049998,1.005302471810027e-06
0.45057183504104614,-0.3923348870471568,0.014142273228543029,-0.3923393212261968,-0.4769055295782798,9.611719828925351e-07
0.9011436700820923,0.2984150688763964,-0.21668736365002092,-0.02078937809575156,0.6749639826825792,0.16363336484025928
1.1217103004455566,1.151786789081173,-0.24074608245107465,-1.0150485901614732,-0.980227447120515,-0.025962377876496967
1.342276930809021,0.7331150699294595,0.11561567010161537,0.5585524016487036,0.13525030401821145,1.192696223571867
1.5628435611724854,0.7371650579588986,0.6653772710520613,-0.167274885102028,-0.11372386890557543,0.31323268041384716
1.7834101915359497,-1.046073692950921,-0.9650229576820641,-0.6312375890585048,0.502967957374644,-0.13713311137035594
2.003976821899414,0.44020488547228026,0.11600599065286687,-0.018721287677109812,1.131210625527938,0.570077736884427
2.2245434522628784,-0.4362517948281559,0.7372095164351575,1.093476883185646,0.10553923394466953,-0.5719912823445004
