time,pulse_channel_1,pulse_channel_2,pulse_channel_3,pulse_channel_4,pulse_channel_5
0.0,1.2967017677399828,-0.8042988260124269,1.046569464590871,-0.2926788699661461,-0.3944436312868159
0.8674346804618835,-0.007010006576896061,0.2982152727984623,-0.739529955490827,-1.0296291957005304,-0.12274390798000344
1.1136538833379745,0.03587220689372624,-0.9054633713144636,0.3125298342610409,-0.009559445976813609,-0.7629947686404788
1.3598730862140656,0.8776841367487189,-0.3148211439405661,-0.29233330929357493,-0.05913444192680954,-0.03284052128147905
1.6060922890901566,0.8502534599126397,-0.8249681825309197,0.42118288402662607,-0.8944004588929275,-0.9972943954971355
1.8523114919662476,0.12762975010533545,0.17300236190051765,0.43281904903084867,-0.5505395341804464,0.5400495529824263
2.0985306948423386,-0.6999828016310244,0.06535320616926919,-0.65859730263767,-0.7951661481298,0.8832157979024632
2.3447498977184296,-0.3551399602340145,0.7944978436700187,-0.12445983749326243,-0.43076087290597737,-0.05295907238050979
