time,pulse_channel_1,pulse_channel_2,pulse_channel_3,pulse_channel_4,pulse_channel_5,pulse_channel_6,pulse_channel_7,pulse_channel_8
0.0,-0.6182345750449804,-0.8909214606418193,1.0301544145956008,-0.34788446767641257,-0.7225468273349855,1.721931577020779,0.7136926437450696,-8.08976120848589e-06
0.4922070801258087,0.35914684843884365,0.09879739736591384,-0.5050806699039613,0.3591303971731534,-1.0110026891091377,-0.8523208952553406,-3.5459336604085087e-06,-5.768658551848633e-05
0.9844141602516174,-0.04318771265161426,0.5573108859540589,-1.2338609862654288,-2.0311805579700817,0.11839918262831756,0.5805363309949981,-0.00012895888527588185,-0.5715435708572799
1.4766212403774261,0.3470012210338,0.20076797031284305,-2.1981808936812373,-0.41679554110078526,0.16269870092760838,-0.12841534907011115,0.23198392422592048,0.7343434196262478
2.1207557022571564,0.5386130358980614,-0.6394757478609754,-0.8211511242497085,0.3388793998198485,-1.263110759410321,-0.14525362839259726,0.6225708344431554,0.44268347829474
