time,pulse_channel_1,pulse_channel_2
0.0,0.8732116420036224,4.3269508495427374e-07
