time,pulse_channel_1,pulse_channel_2
0.0,-0.43488685110154734,0.6541051933060852
0.20867760479450226,-0.9732983521348949,0.43121935880987233
0.4173552095890045,-0.4925373176192787,-0.452563505252072
0.6260328143835068,-1.04999843862717,-0.6921799937261393
0.834710419178009,0.14265630654780986,-0.8878205501797792
1.0433880239725113,-0.560307394398023,0.46029282960836254
1.2520656287670135,0.27843946879954135,0.41037267370391906
