time,pulse_channel_1,pulse_channel_2
0.0,0.36354397192313853,0.9121187165602734
0.04299955442547798,1.1418012557396837,-0.49409441871149845
0.08599910885095596,0.0316498684244527,-0.12058804773426111
0.12899866327643394,-0.46614907688382196,0.12009276837885365
0.17199821770191193,0.3409590218137841,0.4527096179993991
0.2149977721273899,1.2719651607027433,-0.21829984700151284
0.2579973265528679,1.2789489367853295,-0.5164776491983697
0.30099688097834587,0.5324269336520532,0.4523501492241302
0.34399643540382385,1.377753781686311,0.6177727065305598
