time,pulse_channel_1,pulse_channel_2
0.0,0.21644682292774398,1.3192985938678315e-08
1.1550182104110718,-1.1783304648825796,-0.5459937930126383
