time,pulse_channel_1,pulse_channel_2,pulse_channel_3,pulse_channel_4,pulse_channel_5
0.0,-0.7074064355081486,0.5654038050144568,-0.5294410332586416,0.3797046179508037,-1.0939944346356238
0.47719308733940125,-0.19246087816378962,-0.32056309660410315,-0.10676796858637133,-0.1863294915945239,-0.23989108552427635
0.9543861746788025,0.47004063569527743,0.6965245573021746,-0.17001845617378983,0.24032798884314435,-0.6320345516692841
1.4315792620182037,0.13882705970826262,0.27182641646722344,0.32940593037292326,-0.04532827074104105,0.11908838588806607
1.9315008223056793,-0.37557393971436515,0.45895628798047694,0.7036645777391702,-0.677275879940312,-0.5380802177422007
2.431422382593155,0.5483337206175322,-0.5616541334566569,1.1896825778078464,0.1864870805729588,0.32200437533529663
