time,pulse_channel_1,pulse_channel_2,pulse_channel_3,pulse_channel_4,pulse_channel_5,pulse_channel_6,pulse_channel_7,pulse_channel_8
0.0,0.016311157623551422,-0.0016768203095443516,-0.23091373293787099,0.479593824685621,-1.1320098888912127,0.4894199150736632,-1.3313748292132255,-0.042430066642381324
0.1607092022895813,-0.013875019508272222,0.0014422160262422116,0.24416594947457723,0.21148295121041696,0.48956752443059565,-0.4661511062004224,1.5503512636782917,0.036802846390962776
0.3214184045791626,-0.04070803783133199,-0.0014043077225390293,0.016528315007701796,-0.17916207709374904,-0.8854293968870058,-0.1544710663453674,-0.00010218202055527174,0.2778848858887322
0.4821276068687439,0.11636641278031083,0.0002865972471205618,0.009790131336773355,-0.43239721838478695,1.008437045355808,-0.6895032738395498,-0.00031874918139110375,1.2089131672710223
0.6428368091583252,0.5441275608392875,-0.0011627838471553102,-0.005790143948899835,0.9234880049435211,0.3966674953782868,-1.2780549791338864,0.00036123011034932135,-0.6158302453431975
0.8035460114479065,0.9144851250677966,0.0009269026572826419,-0.027048628357516737,0.38047802174121237,1.6528096621614852,-0.09555875070804769,6.860942849552229e-05,-0.42580235246692594
0.9642552137374878,-0.9986828082805956,-0.16486237874735485,-0.5095028661302088,1.1184213271134886,0.3068833168274584,0.004659407154003563,-0.7483180612236241,-0.10590181803454722
3.389366030693054,0.8516618300108058,-0.28673149969641276,-1.3908415044184796,0.7275567361896651,-0.24466181077087482,-0.2131736062962046,-0.6486836214343571,-0.27634284249245805
