time,pulse_channel_1,pulse_channel_2,pulse_channel_3,pulse_channel_4,pulse_channel_5
0.0,-0.3472515800936491,-0.01701914492413167,0.7064476482992016,-0.11626727365692036,-0.9711666915099209
0.11442656069993973,0.3472557736413318,0.017085839020019603,-0.7064536357896049,0.1162910835501375,0.9711609782484028
0.22885312139987946,-1.5448747616159266,-6.12894417134671e-05,-1.5449298999529197,-6.109292258611223e-06,-2.0805114273481263e-05
0.3432796820998192,-0.6407980201137963,0.8429141514189226,1.1311194669895754,0.1523057041617036,0.4778249339023298
