time,pulse_channel_1,pulse_channel_2
0.0,-0.9805510047376687,7.693966553706676e-07
