time,pulse_channel_1,pulse_channel_2,pulse_channel_3,pulse_channel_4,pulse_channel_5
0.0,-0.8358445163139492,-0.33154488146860583,-0.8358442055574569,-0.5066339508044351,-8.15769937195156e-08
0.2284020483493805,0.06187368353283078,0.3315439425357999,0.061872144651302884,0.5066337153409272,-1.6948375095107628e-07
0.456804096698761,0.5425002700986251,-0.46657486950789834,0.10886329234840703,0.14781620223661515,-0.6219873694663943
1.16024512052536,-0.117725385732226,-0.5174919573154295,-1.1743133523807752,0.14081358952639964,-0.2793762929448138
1.8636861443519592,-1.4695966880282771,0.47536296755617885,-0.7060884268685242,0.5930128403770677,-0.4929131367602378
2.5671271681785583,-0.6193662206601873,0.08409860650038613,-0.9370260644209402,-1.3110098074017071,0.7248222769772882
