time,pulse_channel_1,pulse_channel_2,pulse_channel_3,pulse_channel_4,pulse_channel_5,pulse_channel_6,pulse_channel_7,pulse_channel_8
0.0,-0.2407240350298524,-0.8199361600929379,-0.06118492471347988,-0.243510562827014,-1.2194944050782999,1.467885022371917,-7.29879353682494e-07,-7.014956951880973e-05
0.34025323390960693,0.9744896993836789,0.36708277074698265,0.7132071509907969,0.9361975946610946,-0.7976406642382484,1.1814952139676285,-7.97519920090251e-06,-0.0963882942004354
0.6805064678192139,-0.19237953328055718,-0.36711686251051123,-0.7104089953033169,-0.19540346412743892,0.7976224096971846,-1.1828305785258377,1.1348019558233871e-05,0.09659426371194298
1.0207597017288208,0.4406426700079414,0.28565030585197,-0.0678306238815198,-0.094783637506003,-0.31843229834848835,-1.6134687439273017,-0.38587882214372965,0.03773314376357133
1.948676884174347,0.2321558236472768,-0.05495067987403031,0.9341805486198599,-1.7963649744912333,0.013403762439664598,0.041677984325095965,-0.219601728615793,-0.5414670444277102
2.876594066619873,-1.0986890331341428,-0.21475139579722727,1.060195546948217,-1.2680475934381563,0.08287097772228634,0.23783448716964986,-1.3094143530262472,0.4965686434866086
3.804511249065399,-0.23010174806241582,0.49944923758376136,0.3928944328806274,-0.791278969978583,-0.9147054774904536,0.006037057015031975,0.12318129436829789,-0.14352860873157683
