time,pulse_channel_1,pulse_channel_2
0.0,-0.20700848291411525,0.6423315410685273
0.15797525644302368,-0.9642631433150911,-0.3586408649366511
0.31595051288604736,-0.4357395035559193,0.5075730274099788
0.47392576932907104,1.1778498270687665,0.7716186545955557
0.6319010257720947,-0.03188163410117439,0.1818292027173721
0.7898762822151184,-0.02493805775437304,0.14023124658656974
0.9478515386581421,-0.6716607350937007,-0.8690410927316533
1.1058267951011658,-0.5901286792512773,-0.016427298595652128
